family,項目,検定,上昇群n,非上昇群n,上昇群,非上昇群,上昇群の値,非上昇群の値,U,p,順位二列相関,P(上昇群>非上昇群),80%検出力に要する総例数,同順位に属する観測数,到達可能な最小p,備考,BH-FDR q,WY調整p（単一段階）,同一結果の別名
D_年換算変化量,Δ MMSE 時間見当識／年,MWU（完全並べ替え）,3,8,"-1.7647［-2.0571, -1.6438］","-0.84905［-1.9355, 3.5294］",-2.0571、-1.7647、-1.6438,-1.9355、-1.519、-1.0084、-1.0084、-0.6897、0、0、3.5294,2.0,0.04242424242424243,-0.833,0.083,16,4,0.00216,,1.0,0.9246,
O_月あたり変化量,Δ MMSE 時間見当識／月,MWU（完全並べ替え）,3,8,"-0.14706［-0.17143, -0.13699］","-0.07075［-0.16129, 0.29412］",-0.17143、-0.14706、-0.13699,-0.16129、-0.12658、-0.08403、-0.08403、-0.05747、0、0、0.29412,2.0,0.04242424242424243,-0.833,0.083,16,4,0.00216,,1.0,0.9246,
M_MMSE部分集合(k=4),Δ MMSE［場所見当識＋記銘＋注意計算＋図形模写］,MWU（完全並べ替え）,5,9,"1［0, 3］","0［-3, 2］",0、1、1、3、3,-3、-1、-1、0、0、0、1、1、2,36.5,0.04945054945054945,0.622,0.811,28,12,0.00599,,1.0,0.9496,Δ MMSE［場所見当識＋物品呼称＋記銘＋注意計算＋図形模写］ ほか14件
M_MMSE部分集合(k=3),Δ MMSE［場所見当識＋記銘＋注意計算］,MWU（完全並べ替え）,5,9,"1［0, 3］","0［-3, 2］",0、1、1、3、3,-3、-2、-1、0、0、0、1、1、2,36.5,0.06343656343656344,0.622,0.811,28,10,0.00599,,1.0,0.9815,Δ MMSE［場所見当識＋物品呼称＋記銘＋注意計算］ ほか14件
L_固定時点(12か月),12か月 ΔMMSE 場所見当識,MWU（完全並べ替え）,3,6,"1［0, 2］","0［0, 0］",0、1、2,0、0、0、0、0、0,15.0,0.08333333333333333,0.667,0.833,24,7,0.02778,,1.0,0.9985,
M_MMSE部分集合(k=2),Δ MMSE［場所見当識＋注意計算］,MWU（完全並べ替え）,5,9,"1［0, 3］","0［-3, 2］",0、0、1、3、3,-3、-2、-1、0、0、0、0、1、2,35.5,0.08791208791208792,0.578,0.789,32,10,0.0005,,1.0,0.9995,Δ MMSE［場所見当識＋物品呼称＋注意計算］ ほか14件
M_MMSE部分集合(k=3),Δ MMSE［場所見当識＋注意計算＋図形模写］,MWU（完全並べ替え）,5,9,"1［0, 3］","0［-3, 2］",0、0、1、3、3,-3、-1、-1、0、0、0、0、1、2,35.5,0.08841158841158842,0.578,0.789,32,12,0.0005,,1.0,0.9995,Δ MMSE［場所見当識＋物品呼称＋注意計算＋図形模写］ ほか14件
M_MMSE部分集合(k=5),Δ MMSE［場所見当識＋記銘＋注意計算＋復唱＋図形模写］,MWU（完全並べ替え）,5,9,"1［0, 3］","0［-3, 2］",0、1、1、3、3,-3、-1、-1、0、0、1、1、1、2,35.0,0.0924075924075924,0.556,0.778,34,12,0.0015,,1.0,0.9995,Δ MMSE［場所見当識＋物品呼称＋記銘＋注意計算＋復唱＋図形模写］ ほか14件
M_MMSE部分集合(k=4),Δ MMSE［場所見当識＋記銘＋注意計算＋復唱］,MWU（完全並べ替え）,5,9,"1［0, 3］","0［-3, 2］",0、1、1、3、3,-3、-2、-1、0、0、1、1、1、2,35.0,0.0939060939060939,0.556,0.778,34,10,0.0015,,1.0,0.9995,Δ MMSE［場所見当識＋物品呼称＋記銘＋注意計算＋復唱］ ほか14件
M_MMSE部分集合(k=4),追跡時 MMSE［場所見当識＋注意計算＋復唱＋3段階命令］,MWU（完全並べ替え）,5,9,"14［12, 14］","12［9, 14］",12、13、14、14、14,9、12、12、12、12、13、13、13、14,35.0,0.1018981018981019,0.556,0.778,34,13,0.002,,1.0,0.9995,
M_MMSE部分集合(k=5),追跡時 MMSE［場所見当識＋注意計算＋復唱＋読字理解＋3段階命令］,MWU（完全並べ替え）,5,9,"15［13, 15］","13［10, 15］",13、14、15、15、15,10、13、13、13、13、14、14、14、15,35.0,0.1018981018981019,0.556,0.778,34,13,0.002,,1.0,0.9995,追跡時 MMSE［場所見当識＋注意計算＋復唱＋3段階命令＋書字］、追跡時 MMSE［場所見当識＋注意計算＋復唱＋3段階命令＋図形模写］
M_MMSE部分集合(k=4),追跡時 MMSE［場所見当識＋注意計算＋復唱＋読字理解］,MWU（完全並べ替え）,5,9,"12［10, 12］","10［8, 12］",10、11、12、12、12,8、10、10、10、10、11、11、11、12,35.0,0.1018981018981019,0.556,0.778,34,13,0.002,,1.0,0.9995,追跡時 MMSE［場所見当識＋注意計算＋復唱＋書字］、追跡時 MMSE［場所見当識＋注意計算＋復唱＋図形模写］
M_MMSE部分集合(k=3),追跡時 MMSE［場所見当識＋注意計算＋復唱］,MWU（完全並べ替え）,5,9,"11［9, 11］","9［7, 11］",9、10、11、11、11,7、9、9、9、9、10、10、10、11,35.0,0.1018981018981019,0.556,0.778,34,13,0.002,,1.0,0.9995,
M_MMSE部分集合(k=5),追跡時 MMSE［場所見当識＋物品呼称＋注意計算＋復唱＋3段階命令］,MWU（完全並べ替え）,5,9,"16［14, 16］","14［11, 16］",14、15、16、16、16,11、14、14、14、14、15、15、15、16,35.0,0.1018981018981019,0.556,0.778,34,13,0.002,,1.0,0.9995,追跡時 MMSE［場所見当識＋注意計算＋復唱＋読字理解＋3段階命令＋書字］、追跡時 MMSE［場所見当識＋注意計算＋復唱＋読字理解＋3段階命令＋図形模写］、追跡時 MMSE［場所見当識＋注意計算＋復唱＋3段階命令＋書字＋図形模写］
M_MMSE部分集合(k=4),追跡時 MMSE［場所見当識＋物品呼称＋注意計算＋復唱］,MWU（完全並べ替え）,5,9,"13［11, 13］","11［9, 13］",11、12、13、13、13,9、11、11、11、11、12、12、12、13,35.0,0.1018981018981019,0.556,0.778,34,13,0.002,,1.0,0.9995,追跡時 MMSE［場所見当識＋注意計算＋復唱＋読字理解＋書字］、追跡時 MMSE［場所見当識＋注意計算＋復唱＋読字理解＋図形模写］、追跡時 MMSE［場所見当識＋注意計算＋復唱＋書字＋図形模写］
M_MMSE部分集合(k=6),追跡時 MMSE［場所見当識＋物品呼称＋記銘＋注意計算＋復唱＋3段階命令］,MWU（完全並べ替え）,5,9,"19［17, 19］","17［14, 19］",17、18、19、19、19,14、17、17、17、17、18、18、18、19,35.0,0.1018981018981019,0.556,0.778,34,13,0.002,,1.0,0.9995,追跡時 MMSE［場所見当識＋記銘＋注意計算＋復唱＋読字理解＋3段階命令＋書字］、追跡時 MMSE［場所見当識＋記銘＋注意計算＋復唱＋読字理解＋3段階命令＋図形模写］、追跡時 MMSE［場所見当識＋記銘＋注意計算＋復唱＋3段階命令＋書字＋図形模写］、追跡時 MMSE［場所見当識＋物品呼称＋注意計算＋復唱＋読字理解＋3段階命令＋書字＋図形模写］
M_MMSE部分集合(k=9),追跡時 MMSE［場所見当識＋物品呼称＋記銘＋注意計算＋復唱＋読字理解＋3段階命令＋書字＋図形模写］,MWU（完全並べ替え）,5,9,"22［20, 22］","20［17, 22］",20、21、22、22、22,17、20、20、20、20、21、21、21、22,35.0,0.1018981018981019,0.556,0.778,34,13,0.002,,1.0,0.9995,
M_MMSE部分集合(k=8),追跡時 MMSE［場所見当識＋物品呼称＋記銘＋注意計算＋復唱＋読字理解＋3段階命令＋書字］,MWU（完全並べ替え）,5,9,"21［19, 21］","19［16, 21］",19、20、21、21、21,16、19、19、19、19、20、20、20、21,35.0,0.1018981018981019,0.556,0.778,34,13,0.002,,1.0,0.9995,追跡時 MMSE［場所見当識＋物品呼称＋記銘＋注意計算＋復唱＋読字理解＋3段階命令＋図形模写］、追跡時 MMSE［場所見当識＋物品呼称＋記銘＋注意計算＋復唱＋3段階命令＋書字＋図形模写］
M_MMSE部分集合(k=7),追跡時 MMSE［場所見当識＋物品呼称＋記銘＋注意計算＋復唱＋読字理解＋3段階命令］,MWU（完全並べ替え）,5,9,"20［18, 20］","18［15, 20］",18、19、20、20、20,15、18、18、18、18、19、19、19、20,35.0,0.1018981018981019,0.556,0.778,34,13,0.002,,1.0,0.9995,追跡時 MMSE［場所見当識＋物品呼称＋記銘＋注意計算＋復唱＋3段階命令＋書字］、追跡時 MMSE［場所見当識＋物品呼称＋記銘＋注意計算＋復唱＋3段階命令＋図形模写］、追跡時 MMSE［場所見当識＋記銘＋注意計算＋復唱＋読字理解＋3段階命令＋書字＋図形模写］
M_MMSE部分集合(k=8),追跡時 MMSE［場所見当識＋物品呼称＋記銘＋注意計算＋復唱＋読字理解＋書字＋図形模写］,MWU（完全並べ替え）,5,9,"19［17, 19］","17［15, 19］",17、18、19、19、19,15、17、17、17、17、18、18、18、19,35.0,0.1018981018981019,0.556,0.778,34,13,0.002,,1.0,0.9995,
M_MMSE部分集合(k=7),追跡時 MMSE［場所見当識＋物品呼称＋記銘＋注意計算＋復唱＋読字理解＋書字］,MWU（完全並べ替え）,5,9,"18［16, 18］","16［14, 18］",16、17、18、18、18,14、16、16、16、16、17、17、17、18,35.0,0.1018981018981019,0.556,0.778,34,13,0.002,,1.0,0.9995,追跡時 MMSE［場所見当識＋物品呼称＋記銘＋注意計算＋復唱＋読字理解＋図形模写］、追跡時 MMSE［場所見当識＋物品呼称＋記銘＋注意計算＋復唱＋書字＋図形模写］
M_MMSE部分集合(k=6),追跡時 MMSE［場所見当識＋物品呼称＋記銘＋注意計算＋復唱＋読字理解］,MWU（完全並べ替え）,5,9,"17［15, 17］","15［13, 17］",15、16、17、17、17,13、15、15、15、15、16、16、16、17,35.0,0.1018981018981019,0.556,0.778,34,13,0.002,,1.0,0.9995,追跡時 MMSE［場所見当識＋物品呼称＋記銘＋注意計算＋復唱＋書字］、追跡時 MMSE［場所見当識＋物品呼称＋記銘＋注意計算＋復唱＋図形模写］、追跡時 MMSE［場所見当識＋記銘＋注意計算＋復唱＋読字理解＋書字＋図形模写］
M_MMSE部分集合(k=5),追跡時 MMSE［場所見当識＋物品呼称＋記銘＋注意計算＋復唱］,MWU（完全並べ替え）,5,9,"16［14, 16］","14［12, 16］",14、15、16、16、16,12、14、14、14、14、15、15、15、16,35.0,0.1018981018981019,0.556,0.778,34,13,0.002,,1.0,0.9995,追跡時 MMSE［場所見当識＋記銘＋注意計算＋復唱＋読字理解＋書字］、追跡時 MMSE［場所見当識＋記銘＋注意計算＋復唱＋読字理解＋図形模写］、追跡時 MMSE［場所見当識＋記銘＋注意計算＋復唱＋書字＋図形模写］、追跡時 MMSE［場所見当識＋物品呼称＋注意計算＋復唱＋読字理解＋書字＋図形模写］
M_MMSE部分集合(k=5),追跡時 MMSE［場所見当識＋記銘＋注意計算＋復唱＋3段階命令］,MWU（完全並べ替え）,5,9,"17［15, 17］","15［12, 17］",15、16、17、17、17,12、15、15、15、15、16、16、16、17,35.0,0.1018981018981019,0.556,0.778,34,13,0.002,,1.0,0.9995,追跡時 MMSE［場所見当識＋物品呼称＋注意計算＋復唱＋読字理解＋3段階命令］、追跡時 MMSE［場所見当識＋物品呼称＋注意計算＋復唱＋3段階命令＋書字］、追跡時 MMSE［場所見当識＋物品呼称＋注意計算＋復唱＋3段階命令＋図形模写］、追跡時 MMSE［場所見当識＋注意計算＋復唱＋読字理解＋3段階命令＋書字＋図形模写］
M_MMSE部分集合(k=6),追跡時 MMSE［場所見当識＋記銘＋注意計算＋復唱＋読字理解＋3段階命令］,MWU（完全並べ替え）,5,9,"18［16, 18］","16［13, 18］",16、17、18、18、18,13、16、16、16、16、17、17、17、18,35.0,0.1018981018981019,0.556,0.778,34,13,0.002,,1.0,0.9995,追跡時 MMSE［場所見当識＋記銘＋注意計算＋復唱＋3段階命令＋書字］ ほか4件
M_MMSE部分集合(k=5),追跡時 MMSE［場所見当識＋記銘＋注意計算＋復唱＋読字理解］,MWU（完全並べ替え）,5,9,"15［13, 15］","13［11, 15］",13、14、15、15、15,11、13、13、13、13、14、14、14、15,35.0,0.1018981018981019,0.556,0.778,34,13,0.002,,1.0,0.9995,追跡時 MMSE［場所見当識＋記銘＋注意計算＋復唱＋書字］ ほか4件
M_MMSE部分集合(k=4),追跡時 MMSE［場所見当識＋記銘＋注意計算＋復唱］,MWU（完全並べ替え）,5,9,"14［12, 14］","12［10, 14］",12、13、14、14、14,10、12、12、12、12、13、13、13、14,35.0,0.1018981018981019,0.556,0.778,34,13,0.002,,1.0,0.9995,追跡時 MMSE［場所見当識＋物品呼称＋注意計算＋復唱＋読字理解］、追跡時 MMSE［場所見当識＋物品呼称＋注意計算＋復唱＋書字］、追跡時 MMSE［場所見当識＋物品呼称＋注意計算＋復唱＋図形模写］、追跡時 MMSE［場所見当識＋注意計算＋復唱＋読字理解＋書字＋図形模写］
M2_下位項目の差,Δ MMSE［時間見当識−注意計算］,MWU（完全並べ替え）,5,9,"-1［-4, 0］","-1［-1, 3］",-4、-3、-1、-1、0,-1、-1、-1、-1、-1、0、1、2、3,10.5,0.10789210789210789,-0.533,0.233,37,9,0.0005,,1.0,0.9995,
A_初回値,初回 CDR 判断力・問題解決,MWU（完全並べ替え）,5,9,"0.5［0, 0.5］","0.5［0.5, 0.5］",0、0、0.5、0.5、0.5,0.5、0.5、0.5、0.5、0.5、0.5、0.5、0.5、0.5,13.5,0.10989010989010989,-0.4,0.3,66,14,0.10989,,1.0,0.9995,6か月 CDR 判断力・問題解決、初回 CDR［判断力・問題解決］、初回 CDR［判断力・問題解決＋身の回りの世話］、初回 CDR［判断力・問題解決−身の回りの世話］
N_全切点2値化,初回 CDR 判断力・問題解決 ≧0.5,Fisher（正確）,5,9,3/5,9/9,,,,0.10989010989010989,,,,,0.10989,,1.0,0.9995,追跡時 CDR 判断力・問題解決 ≧0.5
M2_下位項目の差,初回 CDR［記憶−判断力・問題解決］,MWU（完全並べ替え）,5,9,"0［0, 0.5］","0［0, 0］",0、0、0、0.5、0.5,0、0、0、0、0、0、0、0、0,31.5,0.10989010989010989,0.4,0.7,66,14,0.10989,,1.0,0.9995,
M_CDR部分集合(k=2),初回 CDR［記憶＋判断力・問題解決］,MWU（完全並べ替え）,5,9,"1［0.5, 1］","1［1, 1］",0.5、0.5、1、1、1,1、1、1、1、1、1、1、1、1,13.5,0.10989010989010989,-0.4,0.3,66,14,0.10989,,1.0,0.9995,初回 CDR［記憶＋判断力・問題解決＋身の回りの世話］
B_追跡時値,追跡時 CDR 判断力・問題解決,MWU（完全並べ替え）,5,9,"0.5［0, 0.5］","0.5［0.5, 1］",0、0、0.5、0.5、0.5,0.5、0.5、0.5、0.5、0.5、0.5、0.5、1、1,10.5,0.11988011988011989,-0.533,0.233,37,14,0.11988,,1.0,0.9995,追跡時 CDR［判断力・問題解決］
M_CDR部分集合(k=2),追跡時 CDR［判断力・問題解決＋身の回りの世話］,MWU（完全並べ替え）,5,9,"0.5［0, 0.5］","0.5［0.5, 2］",0、0、0.5、0.5、0.5,0.5、0.5、0.5、0.5、0.5、0.5、0.5、1、2,10.5,0.11988011988011989,-0.533,0.233,37,12,0.11988,,1.0,0.9995,
M2_下位項目の差,Δ MMSE［注意計算−遅延再生］,MWU（完全並べ替え）,5,9,"1［0, 3］","0［-3, 2］",0、1、1、1、3,-3、-2、0、0、0、0、1、1、2,34.0,0.13086913086913088,0.511,0.756,41,10,0.00999,,1.0,1.0,
M_MMSE部分集合(k=4),Δ MMSE［場所見当識＋注意計算＋復唱＋図形模写］,MWU（完全並べ替え）,5,9,"1［0, 3］","0［-3, 2］",0、0、1、3、3,-3、-1、-1、0、0、0、1、1、2,34.0,0.13436563436563437,0.511,0.756,41,12,0.0015,,1.0,1.0,Δ MMSE［場所見当識＋物品呼称＋注意計算＋復唱＋図形模写］ ほか14件
M_MMSE部分集合(k=3),Δ MMSE［場所見当識＋注意計算＋復唱］,MWU（完全並べ替え）,5,9,"1［0, 3］","0［-3, 2］",0、0、1、3、3,-3、-2、-1、0、0、0、1、1、2,34.0,0.13686313686313686,0.511,0.756,41,10,0.0015,,1.0,1.0,Δ MMSE［場所見当識＋物品呼称＋注意計算＋復唱］ ほか14件
M_MMSE部分集合(k=5),追跡時 MMSE［場所見当識＋注意計算＋遅延再生＋復唱＋3段階命令］,MWU（完全並べ替え）,5,9,"14［12, 14］","12［9, 16］",12、14、14、14、14,9、12、12、12、12、13、13、14、16,33.0,0.14085914085914086,0.467,0.733,49,12,0.005,,1.0,1.0,
M_MMSE部分集合(k=6),追跡時 MMSE［場所見当識＋注意計算＋遅延再生＋復唱＋読字理解＋3段階命令］,MWU（完全並べ替え）,5,9,"15［13, 15］","13［10, 17］",13、15、15、15、15,10、13、13、13、13、14、14、15、17,33.0,0.14085914085914086,0.467,0.733,49,12,0.005,,1.0,1.0,追跡時 MMSE［場所見当識＋注意計算＋遅延再生＋復唱＋3段階命令＋書字］、追跡時 MMSE［場所見当識＋注意計算＋遅延再生＋復唱＋3段階命令＋図形模写］
M_MMSE部分集合(k=5),追跡時 MMSE［場所見当識＋注意計算＋遅延再生＋復唱＋読字理解］,MWU（完全並べ替え）,5,9,"12［10, 12］","10［8, 14］",10、12、12、12、12,8、10、10、10、10、11、11、12、14,33.0,0.14085914085914086,0.467,0.733,49,12,0.005,,1.0,1.0,追跡時 MMSE［場所見当識＋注意計算＋遅延再生＋復唱＋書字］、追跡時 MMSE［場所見当識＋注意計算＋遅延再生＋復唱＋図形模写］
M_MMSE部分集合(k=4),追跡時 MMSE［場所見当識＋注意計算＋遅延再生＋復唱］,MWU（完全並べ替え）,5,9,"11［9, 11］","9［7, 13］",9、11、11、11、11,7、9、9、9、9、10、10、11、13,33.0,0.14085914085914086,0.467,0.733,49,12,0.005,,1.0,1.0,
M_MMSE部分集合(k=6),追跡時 MMSE［場所見当識＋物品呼称＋注意計算＋遅延再生＋復唱＋3段階命令］,MWU（完全並べ替え）,5,9,"16［14, 16］","14［11, 18］",14、16、16、16、16,11、14、14、14、14、15、15、16、18,33.0,0.14085914085914086,0.467,0.733,49,12,0.005,,1.0,1.0,追跡時 MMSE［場所見当識＋注意計算＋遅延再生＋復唱＋読字理解＋3段階命令＋書字］、追跡時 MMSE［場所見当識＋注意計算＋遅延再生＋復唱＋読字理解＋3段階命令＋図形模写］、追跡時 MMSE［場所見当識＋注意計算＋遅延再生＋復唱＋3段階命令＋書字＋図形模写］
M_MMSE部分集合(k=5),追跡時 MMSE［場所見当識＋物品呼称＋注意計算＋遅延再生＋復唱］,MWU（完全並べ替え）,5,9,"13［11, 13］","11［9, 15］",11、13、13、13、13,9、11、11、11、11、12、12、13、15,33.0,0.14085914085914086,0.467,0.733,49,12,0.005,,1.0,1.0,追跡時 MMSE［場所見当識＋注意計算＋遅延再生＋復唱＋読字理解＋書字］、追跡時 MMSE［場所見当識＋注意計算＋遅延再生＋復唱＋読字理解＋図形模写］、追跡時 MMSE［場所見当識＋注意計算＋遅延再生＋復唱＋書字＋図形模写］
M_MMSE部分集合(k=7),追跡時 MMSE［場所見当識＋物品呼称＋記銘＋注意計算＋遅延再生＋復唱＋3段階命令］,MWU（完全並べ替え）,5,9,"19［17, 19］","17［14, 21］",17、19、19、19、19,14、17、17、17、17、18、18、19、21,33.0,0.14085914085914086,0.467,0.733,49,12,0.005,,1.0,1.0,追跡時 MMSE［場所見当識＋記銘＋注意計算＋遅延再生＋復唱＋読字理解＋3段階命令＋書字］、追跡時 MMSE［場所見当識＋記銘＋注意計算＋遅延再生＋復唱＋読字理解＋3段階命令＋図形模写］、追跡時 MMSE［場所見当識＋記銘＋注意計算＋遅延再生＋復唱＋3段階命令＋書字＋図形模写］、追跡時 MMSE［場所見当識＋物品呼称＋注意計算＋遅延再生＋復唱＋読字理解＋3段階命令＋書字＋図形模写］
M_MMSE部分集合(k=10),追跡時 MMSE［場所見当識＋物品呼称＋記銘＋注意計算＋遅延再生＋復唱＋読字理解＋3段階命令＋書字＋図形模写］,MWU（完全並べ替え）,5,9,"22［20, 22］","20［17, 24］",20、22、22、22、22,17、20、20、20、20、21、21、22、24,33.0,0.14085914085914086,0.467,0.733,49,12,0.005,,1.0,1.0,
M_MMSE部分集合(k=9),追跡時 MMSE［場所見当識＋物品呼称＋記銘＋注意計算＋遅延再生＋復唱＋読字理解＋3段階命令＋書字］,MWU（完全並べ替え）,5,9,"21［19, 21］","19［16, 23］",19、21、21、21、21,16、19、19、19、19、20、20、21、23,33.0,0.14085914085914086,0.467,0.733,49,12,0.005,,1.0,1.0,追跡時 MMSE［場所見当識＋物品呼称＋記銘＋注意計算＋遅延再生＋復唱＋読字理解＋3段階命令＋図形模写］、追跡時 MMSE［場所見当識＋物品呼称＋記銘＋注意計算＋遅延再生＋復唱＋3段階命令＋書字＋図形模写］
M_MMSE部分集合(k=8),追跡時 MMSE［場所見当識＋物品呼称＋記銘＋注意計算＋遅延再生＋復唱＋読字理解＋3段階命令］,MWU（完全並べ替え）,5,9,"20［18, 20］","18［15, 22］",18、20、20、20、20,15、18、18、18、18、19、19、20、22,33.0,0.14085914085914086,0.467,0.733,49,12,0.005,,1.0,1.0,追跡時 MMSE［場所見当識＋物品呼称＋記銘＋注意計算＋遅延再生＋復唱＋3段階命令＋書字］、追跡時 MMSE［場所見当識＋物品呼称＋記銘＋注意計算＋遅延再生＋復唱＋3段階命令＋図形模写］、追跡時 MMSE［場所見当識＋記銘＋注意計算＋遅延再生＋復唱＋読字理解＋3段階命令＋書字＋図形模写］
M_MMSE部分集合(k=9),追跡時 MMSE［場所見当識＋物品呼称＋記銘＋注意計算＋遅延再生＋復唱＋読字理解＋書字＋図形模写］,MWU（完全並べ替え）,5,9,"19［17, 19］","17［15, 21］",17、19、19、19、19,15、17、17、17、17、18、18、19、21,33.0,0.14085914085914086,0.467,0.733,49,12,0.005,,1.0,1.0,
M_MMSE部分集合(k=8),追跡時 MMSE［場所見当識＋物品呼称＋記銘＋注意計算＋遅延再生＋復唱＋読字理解＋書字］,MWU（完全並べ替え）,5,9,"18［16, 18］","16［14, 20］",16、18、18、18、18,14、16、16、16、16、17、17、18、20,33.0,0.14085914085914086,0.467,0.733,49,12,0.005,,1.0,1.0,追跡時 MMSE［場所見当識＋物品呼称＋記銘＋注意計算＋遅延再生＋復唱＋読字理解＋図形模写］、追跡時 MMSE［場所見当識＋物品呼称＋記銘＋注意計算＋遅延再生＋復唱＋書字＋図形模写］
M_MMSE部分集合(k=7),追跡時 MMSE［場所見当識＋物品呼称＋記銘＋注意計算＋遅延再生＋復唱＋読字理解］,MWU（完全並べ替え）,5,9,"17［15, 17］","15［13, 19］",15、17、17、17、17,13、15、15、15、15、16、16、17、19,33.0,0.14085914085914086,0.467,0.733,49,12,0.005,,1.0,1.0,追跡時 MMSE［場所見当識＋物品呼称＋記銘＋注意計算＋遅延再生＋復唱＋書字］、追跡時 MMSE［場所見当識＋物品呼称＋記銘＋注意計算＋遅延再生＋復唱＋図形模写］、追跡時 MMSE［場所見当識＋記銘＋注意計算＋遅延再生＋復唱＋読字理解＋書字＋図形模写］
M_MMSE部分集合(k=6),追跡時 MMSE［場所見当識＋物品呼称＋記銘＋注意計算＋遅延再生＋復唱］,MWU（完全並べ替え）,5,9,"16［14, 16］","14［12, 18］",14、16、16、16、16,12、14、14、14、14、15、15、16、18,33.0,0.14085914085914086,0.467,0.733,49,12,0.005,,1.0,1.0,追跡時 MMSE［場所見当識＋記銘＋注意計算＋遅延再生＋復唱＋読字理解＋書字］、追跡時 MMSE［場所見当識＋記銘＋注意計算＋遅延再生＋復唱＋読字理解＋図形模写］、追跡時 MMSE［場所見当識＋記銘＋注意計算＋遅延再生＋復唱＋書字＋図形模写］、追跡時 MMSE［場所見当識＋物品呼称＋注意計算＋遅延再生＋復唱＋読字理解＋書字＋図形模写］
M_MMSE部分集合(k=6),追跡時 MMSE［場所見当識＋記銘＋注意計算＋遅延再生＋復唱＋3段階命令］,MWU（完全並べ替え）,5,9,"17［15, 17］","15［12, 19］",15、17、17、17、17,12、15、15、15、15、16、16、17、19,33.0,0.14085914085914086,0.467,0.733,49,12,0.005,,1.0,1.0,追跡時 MMSE［場所見当識＋物品呼称＋注意計算＋遅延再生＋復唱＋読字理解＋3段階命令］、追跡時 MMSE［場所見当識＋物品呼称＋注意計算＋遅延再生＋復唱＋3段階命令＋書字］、追跡時 MMSE［場所見当識＋物品呼称＋注意計算＋遅延再生＋復唱＋3段階命令＋図形模写］、追跡時 MMSE［場所見当識＋注意計算＋遅延再生＋復唱＋読字理解＋3段階命令＋書字＋図形模写］
M_MMSE部分集合(k=7),追跡時 MMSE［場所見当識＋記銘＋注意計算＋遅延再生＋復唱＋読字理解＋3段階命令］,MWU（完全並べ替え）,5,9,"18［16, 18］","16［13, 20］",16、18、18、18、18,13、16、16、16、16、17、17、18、20,33.0,0.14085914085914086,0.467,0.733,49,12,0.005,,1.0,1.0,追跡時 MMSE［場所見当識＋記銘＋注意計算＋遅延再生＋復唱＋3段階命令＋書字］ ほか4件
M_MMSE部分集合(k=6),追跡時 MMSE［場所見当識＋記銘＋注意計算＋遅延再生＋復唱＋読字理解］,MWU（完全並べ替え）,5,9,"15［13, 15］","13［11, 17］",13、15、15、15、15,11、13、13、13、13、14、14、15、17,33.0,0.14085914085914086,0.467,0.733,49,12,0.005,,1.0,1.0,追跡時 MMSE［場所見当識＋記銘＋注意計算＋遅延再生＋復唱＋書字］ ほか4件
M_MMSE部分集合(k=5),追跡時 MMSE［場所見当識＋記銘＋注意計算＋遅延再生＋復唱］,MWU（完全並べ替え）,5,9,"14［12, 14］","12［10, 16］",12、14、14、14、14,10、12、12、12、12、13、13、14、16,33.0,0.14085914085914086,0.467,0.733,49,12,0.005,,1.0,1.0,追跡時 MMSE［場所見当識＋物品呼称＋注意計算＋遅延再生＋復唱＋読字理解］、追跡時 MMSE［場所見当識＋物品呼称＋注意計算＋遅延再生＋復唱＋書字］、追跡時 MMSE［場所見当識＋物品呼称＋注意計算＋遅延再生＋復唱＋図形模写］、追跡時 MMSE［場所見当識＋注意計算＋遅延再生＋復唱＋読字理解＋書字＋図形模写］
M_MMSE部分集合(k=2),Δ MMSE［場所見当識＋記銘］,MWU（完全並べ替え）,5,9,"1［0, 2］","0［-1, 1］",0、0、1、1、2,-1、0、0、0、0、0、0、1、1,33.0,0.14135864135864135,0.467,0.733,49,12,0.0005,,1.0,1.0,Δ MMSE［場所見当識＋物品呼称＋記銘］ ほか14件
M_MMSE部分集合(k=3),追跡時 MMSE［場所見当識＋注意計算＋3段階命令］,MWU（完全並べ替え）,5,9,"13［11, 13］","12［8, 13］",11、12、13、13、13,8、11、11、11、12、12、12、12、13,34.0,0.14585414585414586,0.511,0.756,41,13,0.0005,,1.0,1.0,
M_MMSE部分集合(k=4),追跡時 MMSE［場所見当識＋注意計算＋読字理解＋3段階命令］,MWU（完全並べ替え）,5,9,"14［12, 14］","13［9, 14］",12、13、14、14、14,9、12、12、12、13、13、13、13、14,34.0,0.14585414585414586,0.511,0.756,41,13,0.0005,,1.0,1.0,追跡時 MMSE［場所見当識＋注意計算＋3段階命令＋書字］、追跡時 MMSE［場所見当識＋注意計算＋3段階命令＋図形模写］
M_MMSE部分集合(k=3),追跡時 MMSE［場所見当識＋注意計算＋読字理解］,MWU（完全並べ替え）,5,9,"11［9, 11］","10［7, 11］",9、10、11、11、11,7、9、9、9、10、10、10、10、11,34.0,0.14585414585414586,0.511,0.756,41,13,0.0005,,1.0,1.0,追跡時 MMSE［場所見当識＋注意計算＋書字］、追跡時 MMSE［場所見当識＋注意計算＋図形模写］
M_MMSE部分集合(k=2),追跡時 MMSE［場所見当識＋注意計算］,MWU（完全並べ替え）,5,9,"10［8, 10］","9［6, 10］",8、9、10、10、10,6、8、8、8、9、9、9、9、10,34.0,0.14585414585414586,0.511,0.756,41,13,0.0005,,1.0,1.0,
M_MMSE部分集合(k=4),追跡時 MMSE［場所見当識＋物品呼称＋注意計算＋3段階命令］,MWU（完全並べ替え）,5,9,"15［13, 15］","14［10, 15］",13、14、15、15、15,10、13、13、13、14、14、14、14、15,34.0,0.14585414585414586,0.511,0.756,41,13,0.0005,,1.0,1.0,追跡時 MMSE［場所見当識＋注意計算＋読字理解＋3段階命令＋書字］、追跡時 MMSE［場所見当識＋注意計算＋読字理解＋3段階命令＋図形模写］、追跡時 MMSE［場所見当識＋注意計算＋3段階命令＋書字＋図形模写］
M_MMSE部分集合(k=3),追跡時 MMSE［場所見当識＋物品呼称＋注意計算］,MWU（完全並べ替え）,5,9,"12［10, 12］","11［8, 12］",10、11、12、12、12,8、10、10、10、11、11、11、11、12,34.0,0.14585414585414586,0.511,0.756,41,13,0.0005,,1.0,1.0,追跡時 MMSE［場所見当識＋注意計算＋読字理解＋書字］、追跡時 MMSE［場所見当識＋注意計算＋読字理解＋図形模写］、追跡時 MMSE［場所見当識＋注意計算＋書字＋図形模写］
M_MMSE部分集合(k=5),追跡時 MMSE［場所見当識＋物品呼称＋記銘＋注意計算＋3段階命令］,MWU（完全並べ替え）,5,9,"18［16, 18］","17［13, 18］",16、17、18、18、18,13、16、16、16、17、17、17、17、18,34.0,0.14585414585414586,0.511,0.756,41,13,0.0005,,1.0,1.0,追跡時 MMSE［場所見当識＋記銘＋注意計算＋読字理解＋3段階命令＋書字］、追跡時 MMSE［場所見当識＋記銘＋注意計算＋読字理解＋3段階命令＋図形模写］、追跡時 MMSE［場所見当識＋記銘＋注意計算＋3段階命令＋書字＋図形模写］、追跡時 MMSE［場所見当識＋物品呼称＋注意計算＋読字理解＋3段階命令＋書字＋図形模写］
M_MMSE部分集合(k=8),追跡時 MMSE［場所見当識＋物品呼称＋記銘＋注意計算＋読字理解＋3段階命令＋書字＋図形模写］,MWU（完全並べ替え）,5,9,"21［19, 21］","20［16, 21］",19、20、21、21、21,16、19、19、19、20、20、20、20、21,34.0,0.14585414585414586,0.511,0.756,41,13,0.0005,,1.0,1.0,
M_MMSE部分集合(k=7),追跡時 MMSE［場所見当識＋物品呼称＋記銘＋注意計算＋読字理解＋3段階命令＋書字］,MWU（完全並べ替え）,5,9,"20［18, 20］","19［15, 20］",18、19、20、20、20,15、18、18、18、19、19、19、19、20,34.0,0.14585414585414586,0.511,0.756,41,13,0.0005,,1.0,1.0,追跡時 MMSE［場所見当識＋物品呼称＋記銘＋注意計算＋読字理解＋3段階命令＋図形模写］、追跡時 MMSE［場所見当識＋物品呼称＋記銘＋注意計算＋3段階命令＋書字＋図形模写］
M_MMSE部分集合(k=6),追跡時 MMSE［場所見当識＋物品呼称＋記銘＋注意計算＋読字理解＋3段階命令］,MWU（完全並べ替え）,5,9,"19［17, 19］","18［14, 19］",17、18、19、19、19,14、17、17、17、18、18、18、18、19,34.0,0.14585414585414586,0.511,0.756,41,13,0.0005,,1.0,1.0,追跡時 MMSE［場所見当識＋物品呼称＋記銘＋注意計算＋3段階命令＋書字］、追跡時 MMSE［場所見当識＋物品呼称＋記銘＋注意計算＋3段階命令＋図形模写］、追跡時 MMSE［場所見当識＋記銘＋注意計算＋読字理解＋3段階命令＋書字＋図形模写］
M_MMSE部分集合(k=7),追跡時 MMSE［場所見当識＋物品呼称＋記銘＋注意計算＋読字理解＋書字＋図形模写］,MWU（完全並べ替え）,5,9,"18［16, 18］","17［14, 18］",16、17、18、18、18,14、16、16、16、17、17、17、17、18,34.0,0.14585414585414586,0.511,0.756,41,13,0.0005,,1.0,1.0,
M_MMSE部分集合(k=6),追跡時 MMSE［場所見当識＋物品呼称＋記銘＋注意計算＋読字理解＋書字］,MWU（完全並べ替え）,5,9,"17［15, 17］","16［13, 17］",15、16、17、17、17,13、15、15、15、16、16、16、16、17,34.0,0.14585414585414586,0.511,0.756,41,13,0.0005,,1.0,1.0,追跡時 MMSE［場所見当識＋物品呼称＋記銘＋注意計算＋読字理解＋図形模写］、追跡時 MMSE［場所見当識＋物品呼称＋記銘＋注意計算＋書字＋図形模写］
M_MMSE部分集合(k=5),追跡時 MMSE［場所見当識＋物品呼称＋記銘＋注意計算＋読字理解］,MWU（完全並べ替え）,5,9,"16［14, 16］","15［12, 16］",14、15、16、16、16,12、14、14、14、15、15、15、15、16,34.0,0.14585414585414586,0.511,0.756,41,13,0.0005,,1.0,1.0,追跡時 MMSE［場所見当識＋物品呼称＋記銘＋注意計算＋書字］、追跡時 MMSE［場所見当識＋物品呼称＋記銘＋注意計算＋図形模写］、追跡時 MMSE［場所見当識＋記銘＋注意計算＋読字理解＋書字＋図形模写］
M_MMSE部分集合(k=4),追跡時 MMSE［場所見当識＋物品呼称＋記銘＋注意計算］,MWU（完全並べ替え）,5,9,"15［13, 15］","14［11, 15］",13、14、15、15、15,11、13、13、13、14、14、14、14、15,34.0,0.14585414585414586,0.511,0.756,41,13,0.0005,,1.0,1.0,追跡時 MMSE［場所見当識＋記銘＋注意計算＋読字理解＋書字］、追跡時 MMSE［場所見当識＋記銘＋注意計算＋読字理解＋図形模写］、追跡時 MMSE［場所見当識＋記銘＋注意計算＋書字＋図形模写］、追跡時 MMSE［場所見当識＋物品呼称＋注意計算＋読字理解＋書字＋図形模写］
M_MMSE部分集合(k=4),追跡時 MMSE［場所見当識＋記銘＋注意計算＋3段階命令］,MWU（完全並べ替え）,5,9,"16［14, 16］","15［11, 16］",14、15、16、16、16,11、14、14、14、15、15、15、15、16,34.0,0.14585414585414586,0.511,0.756,41,13,0.0005,,1.0,1.0,追跡時 MMSE［場所見当識＋物品呼称＋注意計算＋読字理解＋3段階命令］、追跡時 MMSE［場所見当識＋物品呼称＋注意計算＋3段階命令＋書字］、追跡時 MMSE［場所見当識＋物品呼称＋注意計算＋3段階命令＋図形模写］、追跡時 MMSE［場所見当識＋注意計算＋読字理解＋3段階命令＋書字＋図形模写］
M_MMSE部分集合(k=5),追跡時 MMSE［場所見当識＋記銘＋注意計算＋読字理解＋3段階命令］,MWU（完全並べ替え）,5,9,"17［15, 17］","16［12, 17］",15、16、17、17、17,12、15、15、15、16、16、16、16、17,34.0,0.14585414585414586,0.511,0.756,41,13,0.0005,,1.0,1.0,追跡時 MMSE［場所見当識＋記銘＋注意計算＋3段階命令＋書字］ ほか4件
M_MMSE部分集合(k=4),追跡時 MMSE［場所見当識＋記銘＋注意計算＋読字理解］,MWU（完全並べ替え）,5,9,"14［12, 14］","13［10, 14］",12、13、14、14、14,10、12、12、12、13、13、13、13、14,34.0,0.14585414585414586,0.511,0.756,41,13,0.0005,,1.0,1.0,追跡時 MMSE［場所見当識＋記銘＋注意計算＋書字］ ほか4件
M_MMSE部分集合(k=3),追跡時 MMSE［場所見当識＋記銘＋注意計算］,MWU（完全並べ替え）,5,9,"13［11, 13］","12［9, 13］",11、12、13、13、13,9、11、11、11、12、12、12、12、13,34.0,0.14585414585414586,0.511,0.756,41,13,0.0005,,1.0,1.0,追跡時 MMSE［場所見当識＋物品呼称＋注意計算＋読字理解］、追跡時 MMSE［場所見当識＋物品呼称＋注意計算＋書字］、追跡時 MMSE［場所見当識＋物品呼称＋注意計算＋図形模写］、追跡時 MMSE［場所見当識＋注意計算＋読字理解＋書字＋図形模写］
R_初回値調整残差,Δ MMSE 注意計算（初回値調整残差）,MWU（完全並べ替え）,5,9,"0.71698［-0.13208, 0.86792］","0.01887［-2.28302, 0.71698］",-0.13208、0.32075、0.71698、0.71698、0.86792,-2.28302、-1.28302、-0.98113、-0.13208、0.01887、0.01887、0.71698、0.71698、0.71698,33.5,0.14835164835164835,0.489,0.744,44,9,0.0005,,1.0,1.0,
M2_下位項目の差,Δ MMSE［場所見当識−図形模写］,MWU（完全並べ替え）,5,9,"0［0, 2］","0［-1, 1］",0、0、0、1、2,-1、-1、0、0、0、0、0、0、1,32.5,0.15284715284715283,0.444,0.722,53,13,0.01798,,1.0,1.0,
M2_下位項目の差,Δ MMSE［場所見当識−復唱］,MWU（完全並べ替え）,5,9,"0［0, 2］","0［-1, 1］",0、0、0、1、2,-1、-1、0、0、0、0、0、0、1,32.5,0.15284715284715283,0.444,0.722,53,13,0.01798,,1.0,1.0,
M_MMSE部分集合(k=4),追跡時 MMSE［場所見当識＋注意計算＋遅延再生＋3段階命令］,MWU（完全並べ替え）,5,9,"13［11, 13］","12［8, 15］",11、13、13、13、13,8、11、11、11、12、12、12、13、15,32.5,0.15984015984015984,0.444,0.722,53,12,0.0005,,1.0,1.0,
M_MMSE部分集合(k=5),追跡時 MMSE［場所見当識＋注意計算＋遅延再生＋読字理解＋3段階命令］,MWU（完全並べ替え）,5,9,"14［12, 14］","13［9, 16］",12、14、14、14、14,9、12、12、12、13、13、13、14、16,32.5,0.15984015984015984,0.444,0.722,53,12,0.0005,,1.0,1.0,追跡時 MMSE［場所見当識＋注意計算＋遅延再生＋3段階命令＋書字］、追跡時 MMSE［場所見当識＋注意計算＋遅延再生＋3段階命令＋図形模写］
M_MMSE部分集合(k=4),追跡時 MMSE［場所見当識＋注意計算＋遅延再生＋読字理解］,MWU（完全並べ替え）,5,9,"11［9, 11］","10［7, 13］",9、11、11、11、11,7、9、9、9、10、10、10、11、13,32.5,0.15984015984015984,0.444,0.722,53,12,0.0005,,1.0,1.0,追跡時 MMSE［場所見当識＋注意計算＋遅延再生＋書字］、追跡時 MMSE［場所見当識＋注意計算＋遅延再生＋図形模写］
M_MMSE部分集合(k=3),追跡時 MMSE［場所見当識＋注意計算＋遅延再生］,MWU（完全並べ替え）,5,9,"10［8, 10］","9［6, 12］",8、10、10、10、10,6、8、8、8、9、9、9、10、12,32.5,0.15984015984015984,0.444,0.722,53,12,0.0005,,1.0,1.0,
M_MMSE部分集合(k=5),追跡時 MMSE［場所見当識＋物品呼称＋注意計算＋遅延再生＋3段階命令］,MWU（完全並べ替え）,5,9,"15［13, 15］","14［10, 17］",13、15、15、15、15,10、13、13、13、14、14、14、15、17,32.5,0.15984015984015984,0.444,0.722,53,12,0.0005,,1.0,1.0,追跡時 MMSE［場所見当識＋注意計算＋遅延再生＋読字理解＋3段階命令＋書字］、追跡時 MMSE［場所見当識＋注意計算＋遅延再生＋読字理解＋3段階命令＋図形模写］、追跡時 MMSE［場所見当識＋注意計算＋遅延再生＋3段階命令＋書字＋図形模写］
M_MMSE部分集合(k=4),追跡時 MMSE［場所見当識＋物品呼称＋注意計算＋遅延再生］,MWU（完全並べ替え）,5,9,"12［10, 12］","11［8, 14］",10、12、12、12、12,8、10、10、10、11、11、11、12、14,32.5,0.15984015984015984,0.444,0.722,53,12,0.0005,,1.0,1.0,追跡時 MMSE［場所見当識＋注意計算＋遅延再生＋読字理解＋書字］、追跡時 MMSE［場所見当識＋注意計算＋遅延再生＋読字理解＋図形模写］、追跡時 MMSE［場所見当識＋注意計算＋遅延再生＋書字＋図形模写］
M_MMSE部分集合(k=6),追跡時 MMSE［場所見当識＋物品呼称＋記銘＋注意計算＋遅延再生＋3段階命令］,MWU（完全並べ替え）,5,9,"18［16, 18］","17［13, 20］",16、18、18、18、18,13、16、16、16、17、17、17、18、20,32.5,0.15984015984015984,0.444,0.722,53,12,0.0005,,1.0,1.0,追跡時 MMSE［場所見当識＋記銘＋注意計算＋遅延再生＋読字理解＋3段階命令＋書字］、追跡時 MMSE［場所見当識＋記銘＋注意計算＋遅延再生＋読字理解＋3段階命令＋図形模写］、追跡時 MMSE［場所見当識＋記銘＋注意計算＋遅延再生＋3段階命令＋書字＋図形模写］、追跡時 MMSE［場所見当識＋物品呼称＋注意計算＋遅延再生＋読字理解＋3段階命令＋書字＋図形模写］
M_MMSE部分集合(k=9),追跡時 MMSE［場所見当識＋物品呼称＋記銘＋注意計算＋遅延再生＋読字理解＋3段階命令＋書字＋図形模写］,MWU（完全並べ替え）,5,9,"21［19, 21］","20［16, 23］",19、21、21、21、21,16、19、19、19、20、20、20、21、23,32.5,0.15984015984015984,0.444,0.722,53,12,0.0005,,1.0,1.0,
M_MMSE部分集合(k=8),追跡時 MMSE［場所見当識＋物品呼称＋記銘＋注意計算＋遅延再生＋読字理解＋3段階命令＋書字］,MWU（完全並べ替え）,5,9,"20［18, 20］","19［15, 22］",18、20、20、20、20,15、18、18、18、19、19、19、20、22,32.5,0.15984015984015984,0.444,0.722,53,12,0.0005,,1.0,1.0,追跡時 MMSE［場所見当識＋物品呼称＋記銘＋注意計算＋遅延再生＋読字理解＋3段階命令＋図形模写］、追跡時 MMSE［場所見当識＋物品呼称＋記銘＋注意計算＋遅延再生＋3段階命令＋書字＋図形模写］
M_MMSE部分集合(k=7),追跡時 MMSE［場所見当識＋物品呼称＋記銘＋注意計算＋遅延再生＋読字理解＋3段階命令］,MWU（完全並べ替え）,5,9,"19［17, 19］","18［14, 21］",17、19、19、19、19,14、17、17、17、18、18、18、19、21,32.5,0.15984015984015984,0.444,0.722,53,12,0.0005,,1.0,1.0,追跡時 MMSE［場所見当識＋物品呼称＋記銘＋注意計算＋遅延再生＋3段階命令＋書字］、追跡時 MMSE［場所見当識＋物品呼称＋記銘＋注意計算＋遅延再生＋3段階命令＋図形模写］、追跡時 MMSE［場所見当識＋記銘＋注意計算＋遅延再生＋読字理解＋3段階命令＋書字＋図形模写］
M_MMSE部分集合(k=8),追跡時 MMSE［場所見当識＋物品呼称＋記銘＋注意計算＋遅延再生＋読字理解＋書字＋図形模写］,MWU（完全並べ替え）,5,9,"18［16, 18］","17［14, 20］",16、18、18、18、18,14、16、16、16、17、17、17、18、20,32.5,0.15984015984015984,0.444,0.722,53,12,0.0005,,1.0,1.0,
M_MMSE部分集合(k=7),追跡時 MMSE［場所見当識＋物品呼称＋記銘＋注意計算＋遅延再生＋読字理解＋書字］,MWU（完全並べ替え）,5,9,"17［15, 17］","16［13, 19］",15、17、17、17、17,13、15、15、15、16、16、16、17、19,32.5,0.15984015984015984,0.444,0.722,53,12,0.0005,,1.0,1.0,追跡時 MMSE［場所見当識＋物品呼称＋記銘＋注意計算＋遅延再生＋読字理解＋図形模写］、追跡時 MMSE［場所見当識＋物品呼称＋記銘＋注意計算＋遅延再生＋書字＋図形模写］
M_MMSE部分集合(k=6),追跡時 MMSE［場所見当識＋物品呼称＋記銘＋注意計算＋遅延再生＋読字理解］,MWU（完全並べ替え）,5,9,"16［14, 16］","15［12, 18］",14、16、16、16、16,12、14、14、14、15、15、15、16、18,32.5,0.15984015984015984,0.444,0.722,53,12,0.0005,,1.0,1.0,追跡時 MMSE［場所見当識＋物品呼称＋記銘＋注意計算＋遅延再生＋書字］、追跡時 MMSE［場所見当識＋物品呼称＋記銘＋注意計算＋遅延再生＋図形模写］、追跡時 MMSE［場所見当識＋記銘＋注意計算＋遅延再生＋読字理解＋書字＋図形模写］
M_MMSE部分集合(k=5),追跡時 MMSE［場所見当識＋物品呼称＋記銘＋注意計算＋遅延再生］,MWU（完全並べ替え）,5,9,"15［13, 15］","14［11, 17］",13、15、15、15、15,11、13、13、13、14、14、14、15、17,32.5,0.15984015984015984,0.444,0.722,53,12,0.0005,,1.0,1.0,追跡時 MMSE［場所見当識＋記銘＋注意計算＋遅延再生＋読字理解＋書字］、追跡時 MMSE［場所見当識＋記銘＋注意計算＋遅延再生＋読字理解＋図形模写］、追跡時 MMSE［場所見当識＋記銘＋注意計算＋遅延再生＋書字＋図形模写］、追跡時 MMSE［場所見当識＋物品呼称＋注意計算＋遅延再生＋読字理解＋書字＋図形模写］
M_MMSE部分集合(k=5),追跡時 MMSE［場所見当識＋記銘＋注意計算＋遅延再生＋3段階命令］,MWU（完全並べ替え）,5,9,"16［14, 16］","15［11, 18］",14、16、16、16、16,11、14、14、14、15、15、15、16、18,32.5,0.15984015984015984,0.444,0.722,53,12,0.0005,,1.0,1.0,追跡時 MMSE［場所見当識＋物品呼称＋注意計算＋遅延再生＋読字理解＋3段階命令］、追跡時 MMSE［場所見当識＋物品呼称＋注意計算＋遅延再生＋3段階命令＋書字］、追跡時 MMSE［場所見当識＋物品呼称＋注意計算＋遅延再生＋3段階命令＋図形模写］、追跡時 MMSE［場所見当識＋注意計算＋遅延再生＋読字理解＋3段階命令＋書字＋図形模写］
M_MMSE部分集合(k=6),追跡時 MMSE［場所見当識＋記銘＋注意計算＋遅延再生＋読字理解＋3段階命令］,MWU（完全並べ替え）,5,9,"17［15, 17］","16［12, 19］",15、17、17、17、17,12、15、15、15、16、16、16、17、19,32.5,0.15984015984015984,0.444,0.722,53,12,0.0005,,1.0,1.0,追跡時 MMSE［場所見当識＋記銘＋注意計算＋遅延再生＋3段階命令＋書字］ ほか4件
M_MMSE部分集合(k=5),追跡時 MMSE［場所見当識＋記銘＋注意計算＋遅延再生＋読字理解］,MWU（完全並べ替え）,5,9,"14［12, 14］","13［10, 16］",12、14、14、14、14,10、12、12、12、13、13、13、14、16,32.5,0.15984015984015984,0.444,0.722,53,12,0.0005,,1.0,1.0,追跡時 MMSE［場所見当識＋記銘＋注意計算＋遅延再生＋書字］ ほか4件
M_MMSE部分集合(k=4),追跡時 MMSE［場所見当識＋記銘＋注意計算＋遅延再生］,MWU（完全並べ替え）,5,9,"13［11, 13］","12［9, 15］",11、13、13、13、13,9、11、11、11、12、12、12、13、15,32.5,0.15984015984015984,0.444,0.722,53,12,0.0005,,1.0,1.0,追跡時 MMSE［場所見当識＋物品呼称＋注意計算＋遅延再生＋読字理解］、追跡時 MMSE［場所見当識＋物品呼称＋注意計算＋遅延再生＋書字］、追跡時 MMSE［場所見当識＋物品呼称＋注意計算＋遅延再生＋図形模写］、追跡時 MMSE［場所見当識＋注意計算＋遅延再生＋読字理解＋書字＋図形模写］
M_MMSE部分集合(k=4),Δ MMSE［場所見当識＋記銘＋注意計算＋遅延再生］,MWU（完全並べ替え）,5,9,"1［-1, 3］","0［-3, 1］",-1、0、1、3、3,-3、-2、-1、-1、0、0、1、1、1,33.5,0.16933066933066934,0.489,0.744,44,12,0.0005,,1.0,1.0,Δ MMSE［場所見当識＋物品呼称＋記銘＋注意計算＋遅延再生］ ほか14件
M_MMSE部分集合(k=4),追跡時 MMSE［注意計算＋遅延再生＋復唱＋3段階命令］,MWU（完全並べ替え）,5,9,"9［8, 9］","8［5, 12］",8、9、9、9、9,5、7、7、7、8、8、9、9、12,33.0,0.17432567432567433,0.467,0.733,49,12,0.0015,,1.0,1.0,
M_MMSE部分集合(k=5),追跡時 MMSE［注意計算＋遅延再生＋復唱＋読字理解＋3段階命令］,MWU（完全並べ替え）,5,9,"10［9, 10］","9［6, 13］",9、10、10、10、10,6、8、8、8、9、9、10、10、13,33.0,0.17432567432567433,0.467,0.733,49,12,0.0015,,1.0,1.0,追跡時 MMSE［注意計算＋遅延再生＋復唱＋3段階命令＋書字］、追跡時 MMSE［注意計算＋遅延再生＋復唱＋3段階命令＋図形模写］
M_MMSE部分集合(k=4),追跡時 MMSE［注意計算＋遅延再生＋復唱＋読字理解］,MWU（完全並べ替え）,5,9,"7［6, 7］","6［4, 10］",6、7、7、7、7,4、5、5、5、6、6、7、7、10,33.0,0.17432567432567433,0.467,0.733,49,12,0.0015,,1.0,1.0,追跡時 MMSE［注意計算＋遅延再生＋復唱＋書字］、追跡時 MMSE［注意計算＋遅延再生＋復唱＋図形模写］
M_MMSE部分集合(k=3),追跡時 MMSE［注意計算＋遅延再生＋復唱］,MWU（完全並べ替え）,5,9,"6［5, 6］","5［3, 9］",5、6、6、6、6,3、4、4、4、5、5、6、6、9,33.0,0.17432567432567433,0.467,0.733,49,12,0.0015,,1.0,1.0,
M_MMSE部分集合(k=5),追跡時 MMSE［物品呼称＋注意計算＋遅延再生＋復唱＋3段階命令］,MWU（完全並べ替え）,5,9,"11［10, 11］","10［7, 14］",10、11、11、11、11,7、9、9、9、10、10、11、11、14,33.0,0.17432567432567433,0.467,0.733,49,12,0.0015,,1.0,1.0,追跡時 MMSE［注意計算＋遅延再生＋復唱＋読字理解＋3段階命令＋書字］、追跡時 MMSE［注意計算＋遅延再生＋復唱＋読字理解＋3段階命令＋図形模写］、追跡時 MMSE［注意計算＋遅延再生＋復唱＋3段階命令＋書字＋図形模写］
M_MMSE部分集合(k=4),追跡時 MMSE［物品呼称＋注意計算＋遅延再生＋復唱］,MWU（完全並べ替え）,5,9,"8［7, 8］","7［5, 11］",7、8、8、8、8,5、6、6、6、7、7、8、8、11,33.0,0.17432567432567433,0.467,0.733,49,12,0.0015,,1.0,1.0,追跡時 MMSE［注意計算＋遅延再生＋復唱＋読字理解＋書字］、追跡時 MMSE［注意計算＋遅延再生＋復唱＋読字理解＋図形模写］、追跡時 MMSE［注意計算＋遅延再生＋復唱＋書字＋図形模写］
M_MMSE部分集合(k=6),追跡時 MMSE［物品呼称＋記銘＋注意計算＋遅延再生＋復唱＋3段階命令］,MWU（完全並べ替え）,5,9,"14［13, 14］","13［10, 17］",13、14、14、14、14,10、12、12、12、13、13、14、14、17,33.0,0.17432567432567433,0.467,0.733,49,12,0.0015,,1.0,1.0,追跡時 MMSE［記銘＋注意計算＋遅延再生＋復唱＋読字理解＋3段階命令＋書字］、追跡時 MMSE［記銘＋注意計算＋遅延再生＋復唱＋読字理解＋3段階命令＋図形模写］、追跡時 MMSE［記銘＋注意計算＋遅延再生＋復唱＋3段階命令＋書字＋図形模写］、追跡時 MMSE［物品呼称＋注意計算＋遅延再生＋復唱＋読字理解＋3段階命令＋書字＋図形模写］
M_MMSE部分集合(k=9),追跡時 MMSE［物品呼称＋記銘＋注意計算＋遅延再生＋復唱＋読字理解＋3段階命令＋書字＋図形模写］,MWU（完全並べ替え）,5,9,"17［16, 17］","16［13, 20］",16、17、17、17、17,13、15、15、15、16、16、17、17、20,33.0,0.17432567432567433,0.467,0.733,49,12,0.0015,,1.0,1.0,
M_MMSE部分集合(k=8),追跡時 MMSE［物品呼称＋記銘＋注意計算＋遅延再生＋復唱＋読字理解＋3段階命令＋書字］,MWU（完全並べ替え）,5,9,"16［15, 16］","15［12, 19］",15、16、16、16、16,12、14、14、14、15、15、16、16、19,33.0,0.17432567432567433,0.467,0.733,49,12,0.0015,,1.0,1.0,追跡時 MMSE［物品呼称＋記銘＋注意計算＋遅延再生＋復唱＋読字理解＋3段階命令＋図形模写］、追跡時 MMSE［物品呼称＋記銘＋注意計算＋遅延再生＋復唱＋3段階命令＋書字＋図形模写］
M_MMSE部分集合(k=7),追跡時 MMSE［物品呼称＋記銘＋注意計算＋遅延再生＋復唱＋読字理解＋3段階命令］,MWU（完全並べ替え）,5,9,"15［14, 15］","14［11, 18］",14、15、15、15、15,11、13、13、13、14、14、15、15、18,33.0,0.17432567432567433,0.467,0.733,49,12,0.0015,,1.0,1.0,追跡時 MMSE［物品呼称＋記銘＋注意計算＋遅延再生＋復唱＋3段階命令＋書字］、追跡時 MMSE［物品呼称＋記銘＋注意計算＋遅延再生＋復唱＋3段階命令＋図形模写］、追跡時 MMSE［記銘＋注意計算＋遅延再生＋復唱＋読字理解＋3段階命令＋書字＋図形模写］
M_MMSE部分集合(k=8),追跡時 MMSE［物品呼称＋記銘＋注意計算＋遅延再生＋復唱＋読字理解＋書字＋図形模写］,MWU（完全並べ替え）,5,9,"14［13, 14］","13［11, 17］",13、14、14、14、14,11、12、12、12、13、13、14、14、17,33.0,0.17432567432567433,0.467,0.733,49,12,0.0015,,1.0,1.0,
M_MMSE部分集合(k=7),追跡時 MMSE［物品呼称＋記銘＋注意計算＋遅延再生＋復唱＋読字理解＋書字］,MWU（完全並べ替え）,5,9,"13［12, 13］","12［10, 16］",12、13、13、13、13,10、11、11、11、12、12、13、13、16,33.0,0.17432567432567433,0.467,0.733,49,12,0.0015,,1.0,1.0,追跡時 MMSE［物品呼称＋記銘＋注意計算＋遅延再生＋復唱＋読字理解＋図形模写］、追跡時 MMSE［物品呼称＋記銘＋注意計算＋遅延再生＋復唱＋書字＋図形模写］
M_MMSE部分集合(k=6),追跡時 MMSE［物品呼称＋記銘＋注意計算＋遅延再生＋復唱＋読字理解］,MWU（完全並べ替え）,5,9,"12［11, 12］","11［9, 15］",11、12、12、12、12,9、10、10、10、11、11、12、12、15,33.0,0.17432567432567433,0.467,0.733,49,12,0.0015,,1.0,1.0,追跡時 MMSE［物品呼称＋記銘＋注意計算＋遅延再生＋復唱＋書字］、追跡時 MMSE［物品呼称＋記銘＋注意計算＋遅延再生＋復唱＋図形模写］、追跡時 MMSE［記銘＋注意計算＋遅延再生＋復唱＋読字理解＋書字＋図形模写］
M_MMSE部分集合(k=5),追跡時 MMSE［物品呼称＋記銘＋注意計算＋遅延再生＋復唱］,MWU（完全並べ替え）,5,9,"11［10, 11］","10［8, 14］",10、11、11、11、11,8、9、9、9、10、10、11、11、14,33.0,0.17432567432567433,0.467,0.733,49,12,0.0015,,1.0,1.0,追跡時 MMSE［記銘＋注意計算＋遅延再生＋復唱＋読字理解＋書字］、追跡時 MMSE［記銘＋注意計算＋遅延再生＋復唱＋読字理解＋図形模写］、追跡時 MMSE［記銘＋注意計算＋遅延再生＋復唱＋書字＋図形模写］、追跡時 MMSE［物品呼称＋注意計算＋遅延再生＋復唱＋読字理解＋書字＋図形模写］
M_MMSE部分集合(k=5),追跡時 MMSE［記銘＋注意計算＋遅延再生＋復唱＋3段階命令］,MWU（完全並べ替え）,5,9,"12［11, 12］","11［8, 15］",11、12、12、12、12,8、10、10、10、11、11、12、12、15,33.0,0.17432567432567433,0.467,0.733,49,12,0.0015,,1.0,1.0,追跡時 MMSE［物品呼称＋注意計算＋遅延再生＋復唱＋読字理解＋3段階命令］、追跡時 MMSE［物品呼称＋注意計算＋遅延再生＋復唱＋3段階命令＋書字］、追跡時 MMSE［物品呼称＋注意計算＋遅延再生＋復唱＋3段階命令＋図形模写］、追跡時 MMSE［注意計算＋遅延再生＋復唱＋読字理解＋3段階命令＋書字＋図形模写］
M_MMSE部分集合(k=6),追跡時 MMSE［記銘＋注意計算＋遅延再生＋復唱＋読字理解＋3段階命令］,MWU（完全並べ替え）,5,9,"13［12, 13］","12［9, 16］",12、13、13、13、13,9、11、11、11、12、12、13、13、16,33.0,0.17432567432567433,0.467,0.733,49,12,0.0015,,1.0,1.0,追跡時 MMSE［記銘＋注意計算＋遅延再生＋復唱＋3段階命令＋書字］ ほか4件
M_MMSE部分集合(k=5),追跡時 MMSE［記銘＋注意計算＋遅延再生＋復唱＋読字理解］,MWU（完全並べ替え）,5,9,"10［9, 10］","9［7, 13］",9、10、10、10、10,7、8、8、8、9、9、10、10、13,33.0,0.17432567432567433,0.467,0.733,49,12,0.0015,,1.0,1.0,追跡時 MMSE［記銘＋注意計算＋遅延再生＋復唱＋書字］ ほか4件
M_MMSE部分集合(k=4),追跡時 MMSE［記銘＋注意計算＋遅延再生＋復唱］,MWU（完全並べ替え）,5,9,"9［8, 9］","8［6, 12］",8、9、9、9、9,6、7、7、7、8、8、9、9、12,33.0,0.17432567432567433,0.467,0.733,49,12,0.0015,,1.0,1.0,追跡時 MMSE［物品呼称＋注意計算＋遅延再生＋復唱＋読字理解］、追跡時 MMSE［物品呼称＋注意計算＋遅延再生＋復唱＋書字］、追跡時 MMSE［物品呼称＋注意計算＋遅延再生＋復唱＋図形模写］、追跡時 MMSE［注意計算＋遅延再生＋復唱＋読字理解＋書字＋図形模写］
M_MMSE部分集合(k=5),Δ MMSE［場所見当識＋記銘＋注意計算＋遅延再生＋図形模写］,MWU（完全並べ替え）,5,9,"1［-1, 3］","0［-3, 1］",-1、0、1、3、3,-3、-1、-1、-1、0、0、1、1、1,33.0,0.1798201798201798,0.467,0.733,49,13,0.0005,,1.0,1.0,Δ MMSE［場所見当識＋物品呼称＋記銘＋注意計算＋遅延再生＋図形模写］ ほか14件
M2_下位項目の差,Δ MMSE［場所見当識−遅延再生］,MWU（完全並べ替え）,5,9,"1［0, 2］","0［-1, 2］",0、0、1、2、2,-1、0、0、0、0、0、0、1、2,32.5,0.1838161838161838,0.444,0.722,53,13,0.0005,,1.0,1.0,
M_MMSE部分集合(k=4),Δ MMSE［時間見当識＋遅延再生＋復唱＋図形模写］,MWU（完全並べ替え）,5,9,"-2［-3, 0］","-1［-2, 2］",-3、-2、-2、0、0,-2、-1、-1、-1、-1、0、1、1、2,12.0,0.1853146853146853,-0.467,0.267,49,12,0.0015,,1.0,1.0,Δ MMSE［時間見当識＋物品呼称＋遅延再生＋復唱＋図形模写］ ほか14件
M_MMSE部分集合(k=3),追跡時 MMSE［注意計算＋遅延再生＋3段階命令］,MWU（完全並べ替え）,5,9,"8［7, 8］","7［4, 11］",7、8、8、8、8,4、6、6、7、7、7、8、8、11,32.5,0.1863136863136863,0.444,0.722,53,12,0.003,,1.0,1.0,
M_MMSE部分集合(k=4),追跡時 MMSE［注意計算＋遅延再生＋読字理解＋3段階命令］,MWU（完全並べ替え）,5,9,"9［8, 9］","8［5, 12］",8、9、9、9、9,5、7、7、8、8、8、9、9、12,32.5,0.1863136863136863,0.444,0.722,53,12,0.003,,1.0,1.0,追跡時 MMSE［注意計算＋遅延再生＋3段階命令＋書字］、追跡時 MMSE［注意計算＋遅延再生＋3段階命令＋図形模写］
M_MMSE部分集合(k=3),追跡時 MMSE［注意計算＋遅延再生＋読字理解］,MWU（完全並べ替え）,5,9,"6［5, 6］","5［3, 9］",5、6、6、6、6,3、4、4、5、5、5、6、6、9,32.5,0.1863136863136863,0.444,0.722,53,12,0.003,,1.0,1.0,追跡時 MMSE［注意計算＋遅延再生＋書字］、追跡時 MMSE［注意計算＋遅延再生＋図形模写］
M_MMSE部分集合(k=2),追跡時 MMSE［注意計算＋遅延再生］,MWU（完全並べ替え）,5,9,"5［4, 5］","4［2, 8］",4、5、5、5、5,2、3、3、4、4、4、5、5、8,32.5,0.1863136863136863,0.444,0.722,53,12,0.003,,1.0,1.0,
M_MMSE部分集合(k=4),追跡時 MMSE［物品呼称＋注意計算＋遅延再生＋3段階命令］,MWU（完全並べ替え）,5,9,"10［9, 10］","9［6, 13］",9、10、10、10、10,6、8、8、9、9、9、10、10、13,32.5,0.1863136863136863,0.444,0.722,53,12,0.003,,1.0,1.0,追跡時 MMSE［注意計算＋遅延再生＋読字理解＋3段階命令＋書字］、追跡時 MMSE［注意計算＋遅延再生＋読字理解＋3段階命令＋図形模写］、追跡時 MMSE［注意計算＋遅延再生＋3段階命令＋書字＋図形模写］
M_MMSE部分集合(k=3),追跡時 MMSE［物品呼称＋注意計算＋遅延再生］,MWU（完全並べ替え）,5,9,"7［6, 7］","6［4, 10］",6、7、7、7、7,4、5、5、6、6、6、7、7、10,32.5,0.1863136863136863,0.444,0.722,53,12,0.003,,1.0,1.0,追跡時 MMSE［注意計算＋遅延再生＋読字理解＋書字］、追跡時 MMSE［注意計算＋遅延再生＋読字理解＋図形模写］、追跡時 MMSE［注意計算＋遅延再生＋書字＋図形模写］
M_MMSE部分集合(k=5),追跡時 MMSE［物品呼称＋記銘＋注意計算＋遅延再生＋3段階命令］,MWU（完全並べ替え）,5,9,"13［12, 13］","12［9, 16］",12、13、13、13、13,9、11、11、12、12、12、13、13、16,32.5,0.1863136863136863,0.444,0.722,53,12,0.003,,1.0,1.0,追跡時 MMSE［記銘＋注意計算＋遅延再生＋読字理解＋3段階命令＋書字］、追跡時 MMSE［記銘＋注意計算＋遅延再生＋読字理解＋3段階命令＋図形模写］、追跡時 MMSE［記銘＋注意計算＋遅延再生＋3段階命令＋書字＋図形模写］、追跡時 MMSE［物品呼称＋注意計算＋遅延再生＋読字理解＋3段階命令＋書字＋図形模写］
M_MMSE部分集合(k=8),追跡時 MMSE［物品呼称＋記銘＋注意計算＋遅延再生＋読字理解＋3段階命令＋書字＋図形模写］,MWU（完全並べ替え）,5,9,"16［15, 16］","15［12, 19］",15、16、16、16、16,12、14、14、15、15、15、16、16、19,32.5,0.1863136863136863,0.444,0.722,53,12,0.003,,1.0,1.0,
M_MMSE部分集合(k=7),追跡時 MMSE［物品呼称＋記銘＋注意計算＋遅延再生＋読字理解＋3段階命令＋書字］,MWU（完全並べ替え）,5,9,"15［14, 15］","14［11, 18］",14、15、15、15、15,11、13、13、14、14、14、15、15、18,32.5,0.1863136863136863,0.444,0.722,53,12,0.003,,1.0,1.0,追跡時 MMSE［物品呼称＋記銘＋注意計算＋遅延再生＋読字理解＋3段階命令＋図形模写］、追跡時 MMSE［物品呼称＋記銘＋注意計算＋遅延再生＋3段階命令＋書字＋図形模写］
M_MMSE部分集合(k=6),追跡時 MMSE［物品呼称＋記銘＋注意計算＋遅延再生＋読字理解＋3段階命令］,MWU（完全並べ替え）,5,9,"14［13, 14］","13［10, 17］",13、14、14、14、14,10、12、12、13、13、13、14、14、17,32.5,0.1863136863136863,0.444,0.722,53,12,0.003,,1.0,1.0,追跡時 MMSE［物品呼称＋記銘＋注意計算＋遅延再生＋3段階命令＋書字］、追跡時 MMSE［物品呼称＋記銘＋注意計算＋遅延再生＋3段階命令＋図形模写］、追跡時 MMSE［記銘＋注意計算＋遅延再生＋読字理解＋3段階命令＋書字＋図形模写］
M_MMSE部分集合(k=7),追跡時 MMSE［物品呼称＋記銘＋注意計算＋遅延再生＋読字理解＋書字＋図形模写］,MWU（完全並べ替え）,5,9,"13［12, 13］","12［10, 16］",12、13、13、13、13,10、11、11、12、12、12、13、13、16,32.5,0.1863136863136863,0.444,0.722,53,12,0.003,,1.0,1.0,
M_MMSE部分集合(k=6),追跡時 MMSE［物品呼称＋記銘＋注意計算＋遅延再生＋読字理解＋書字］,MWU（完全並べ替え）,5,9,"12［11, 12］","11［9, 15］",11、12、12、12、12,9、10、10、11、11、11、12、12、15,32.5,0.1863136863136863,0.444,0.722,53,12,0.003,,1.0,1.0,追跡時 MMSE［物品呼称＋記銘＋注意計算＋遅延再生＋読字理解＋図形模写］、追跡時 MMSE［物品呼称＋記銘＋注意計算＋遅延再生＋書字＋図形模写］
M_MMSE部分集合(k=5),追跡時 MMSE［物品呼称＋記銘＋注意計算＋遅延再生＋読字理解］,MWU（完全並べ替え）,5,9,"11［10, 11］","10［8, 14］",10、11、11、11、11,8、9、9、10、10、10、11、11、14,32.5,0.1863136863136863,0.444,0.722,53,12,0.003,,1.0,1.0,追跡時 MMSE［物品呼称＋記銘＋注意計算＋遅延再生＋書字］、追跡時 MMSE［物品呼称＋記銘＋注意計算＋遅延再生＋図形模写］、追跡時 MMSE［記銘＋注意計算＋遅延再生＋読字理解＋書字＋図形模写］
M_MMSE部分集合(k=4),追跡時 MMSE［物品呼称＋記銘＋注意計算＋遅延再生］,MWU（完全並べ替え）,5,9,"10［9, 10］","9［7, 13］",9、10、10、10、10,7、8、8、9、9、9、10、10、13,32.5,0.1863136863136863,0.444,0.722,53,12,0.003,,1.0,1.0,追跡時 MMSE［記銘＋注意計算＋遅延再生＋読字理解＋書字］、追跡時 MMSE［記銘＋注意計算＋遅延再生＋読字理解＋図形模写］、追跡時 MMSE［記銘＋注意計算＋遅延再生＋書字＋図形模写］、追跡時 MMSE［物品呼称＋注意計算＋遅延再生＋読字理解＋書字＋図形模写］
M_MMSE部分集合(k=4),追跡時 MMSE［記銘＋注意計算＋遅延再生＋3段階命令］,MWU（完全並べ替え）,5,9,"11［10, 11］","10［7, 14］",10、11、11、11、11,7、9、9、10、10、10、11、11、14,32.5,0.1863136863136863,0.444,0.722,53,12,0.003,,1.0,1.0,追跡時 MMSE［物品呼称＋注意計算＋遅延再生＋読字理解＋3段階命令］、追跡時 MMSE［物品呼称＋注意計算＋遅延再生＋3段階命令＋書字］、追跡時 MMSE［物品呼称＋注意計算＋遅延再生＋3段階命令＋図形模写］、追跡時 MMSE［注意計算＋遅延再生＋読字理解＋3段階命令＋書字＋図形模写］
M_MMSE部分集合(k=5),追跡時 MMSE［記銘＋注意計算＋遅延再生＋読字理解＋3段階命令］,MWU（完全並べ替え）,5,9,"12［11, 12］","11［8, 15］",11、12、12、12、12,8、10、10、11、11、11、12、12、15,32.5,0.1863136863136863,0.444,0.722,53,12,0.003,,1.0,1.0,追跡時 MMSE［記銘＋注意計算＋遅延再生＋3段階命令＋書字］ ほか4件
M_MMSE部分集合(k=4),追跡時 MMSE［記銘＋注意計算＋遅延再生＋読字理解］,MWU（完全並べ替え）,5,9,"9［8, 9］","8［6, 12］",8、9、9、9、9,6、7、7、8、8、8、9、9、12,32.5,0.1863136863136863,0.444,0.722,53,12,0.003,,1.0,1.0,追跡時 MMSE［記銘＋注意計算＋遅延再生＋書字］ ほか4件
M_MMSE部分集合(k=3),追跡時 MMSE［記銘＋注意計算＋遅延再生］,MWU（完全並べ替え）,5,9,"8［7, 8］","7［5, 11］",7、8、8、8、8,5、6、6、7、7、7、8、8、11,32.5,0.1863136863136863,0.444,0.722,53,12,0.003,,1.0,1.0,追跡時 MMSE［物品呼称＋注意計算＋遅延再生＋読字理解］、追跡時 MMSE［物品呼称＋注意計算＋遅延再生＋書字］、追跡時 MMSE［物品呼称＋注意計算＋遅延再生＋図形模写］、追跡時 MMSE［注意計算＋遅延再生＋読字理解＋書字＋図形模写］
M_MMSE部分集合(k=3),Δ MMSE［時間見当識＋遅延再生＋復唱］,MWU（完全並べ替え）,5,9,"-2［-3, 0］","-1［-2, 1］",-3、-2、-2、0、0,-2、-1、-1、-1、-1、0、1、1、1,12.0,0.1913086913086913,-0.467,0.267,49,13,0.0015,,1.0,1.0,Δ MMSE［時間見当識＋物品呼称＋遅延再生＋復唱］ ほか14件
M_MMSE部分集合(k=3),追跡時 MMSE［注意計算＋復唱＋3段階命令］,MWU（完全並べ替え）,5,9,"9［8, 9］","8［5, 9］",8、8、9、9、9,5、7、7、7、8、8、9、9、9,32.5,0.1928071928071928,0.444,0.722,53,13,0.002,,1.0,1.0,
M_MMSE部分集合(k=4),追跡時 MMSE［注意計算＋復唱＋読字理解＋3段階命令］,MWU（完全並べ替え）,5,9,"10［9, 10］","9［6, 10］",9、9、10、10、10,6、8、8、8、9、9、10、10、10,32.5,0.1928071928071928,0.444,0.722,53,13,0.002,,1.0,1.0,追跡時 MMSE［注意計算＋復唱＋3段階命令＋書字］、追跡時 MMSE［注意計算＋復唱＋3段階命令＋図形模写］
M_MMSE部分集合(k=3),追跡時 MMSE［注意計算＋復唱＋読字理解］,MWU（完全並べ替え）,5,9,"7［6, 7］","6［4, 7］",6、6、7、7、7,4、5、5、5、6、6、7、7、7,32.5,0.1928071928071928,0.444,0.722,53,13,0.002,,1.0,1.0,追跡時 MMSE［注意計算＋復唱＋書字］、追跡時 MMSE［注意計算＋復唱＋図形模写］
M_MMSE部分集合(k=2),追跡時 MMSE［注意計算＋復唱］,MWU（完全並べ替え）,5,9,"6［5, 6］","5［3, 6］",5、5、6、6、6,3、4、4、4、5、5、6、6、6,32.5,0.1928071928071928,0.444,0.722,53,13,0.002,,1.0,1.0,
M_MMSE部分集合(k=4),追跡時 MMSE［物品呼称＋注意計算＋復唱＋3段階命令］,MWU（完全並べ替え）,5,9,"11［10, 11］","10［7, 11］",10、10、11、11、11,7、9、9、9、10、10、11、11、11,32.5,0.1928071928071928,0.444,0.722,53,13,0.002,,1.0,1.0,追跡時 MMSE［注意計算＋復唱＋読字理解＋3段階命令＋書字］、追跡時 MMSE［注意計算＋復唱＋読字理解＋3段階命令＋図形模写］、追跡時 MMSE［注意計算＋復唱＋3段階命令＋書字＋図形模写］
M_MMSE部分集合(k=3),追跡時 MMSE［物品呼称＋注意計算＋復唱］,MWU（完全並べ替え）,5,9,"8［7, 8］","7［5, 8］",7、7、8、8、8,5、6、6、6、7、7、8、8、8,32.5,0.1928071928071928,0.444,0.722,53,13,0.002,,1.0,1.0,追跡時 MMSE［注意計算＋復唱＋読字理解＋書字］、追跡時 MMSE［注意計算＋復唱＋読字理解＋図形模写］、追跡時 MMSE［注意計算＋復唱＋書字＋図形模写］
M_MMSE部分集合(k=5),追跡時 MMSE［物品呼称＋記銘＋注意計算＋復唱＋3段階命令］,MWU（完全並べ替え）,5,9,"14［13, 14］","13［10, 14］",13、13、14、14、14,10、12、12、12、13、13、14、14、14,32.5,0.1928071928071928,0.444,0.722,53,13,0.002,,1.0,1.0,追跡時 MMSE［記銘＋注意計算＋復唱＋読字理解＋3段階命令＋書字］、追跡時 MMSE［記銘＋注意計算＋復唱＋読字理解＋3段階命令＋図形模写］、追跡時 MMSE［記銘＋注意計算＋復唱＋3段階命令＋書字＋図形模写］、追跡時 MMSE［物品呼称＋注意計算＋復唱＋読字理解＋3段階命令＋書字＋図形模写］
M_MMSE部分集合(k=8),追跡時 MMSE［物品呼称＋記銘＋注意計算＋復唱＋読字理解＋3段階命令＋書字＋図形模写］,MWU（完全並べ替え）,5,9,"17［16, 17］","16［13, 17］",16、16、17、17、17,13、15、15、15、16、16、17、17、17,32.5,0.1928071928071928,0.444,0.722,53,13,0.002,,1.0,1.0,
M_MMSE部分集合(k=7),追跡時 MMSE［物品呼称＋記銘＋注意計算＋復唱＋読字理解＋3段階命令＋書字］,MWU（完全並べ替え）,5,9,"16［15, 16］","15［12, 16］",15、15、16、16、16,12、14、14、14、15、15、16、16、16,32.5,0.1928071928071928,0.444,0.722,53,13,0.002,,1.0,1.0,追跡時 MMSE［物品呼称＋記銘＋注意計算＋復唱＋読字理解＋3段階命令＋図形模写］、追跡時 MMSE［物品呼称＋記銘＋注意計算＋復唱＋3段階命令＋書字＋図形模写］
M_MMSE部分集合(k=6),追跡時 MMSE［物品呼称＋記銘＋注意計算＋復唱＋読字理解＋3段階命令］,MWU（完全並べ替え）,5,9,"15［14, 15］","14［11, 15］",14、14、15、15、15,11、13、13、13、14、14、15、15、15,32.5,0.1928071928071928,0.444,0.722,53,13,0.002,,1.0,1.0,追跡時 MMSE［物品呼称＋記銘＋注意計算＋復唱＋3段階命令＋書字］、追跡時 MMSE［物品呼称＋記銘＋注意計算＋復唱＋3段階命令＋図形模写］、追跡時 MMSE［記銘＋注意計算＋復唱＋読字理解＋3段階命令＋書字＋図形模写］
M_MMSE部分集合(k=7),追跡時 MMSE［物品呼称＋記銘＋注意計算＋復唱＋読字理解＋書字＋図形模写］,MWU（完全並べ替え）,5,9,"14［13, 14］","13［11, 14］",13、13、14、14、14,11、12、12、12、13、13、14、14、14,32.5,0.1928071928071928,0.444,0.722,53,13,0.002,,1.0,1.0,
M_MMSE部分集合(k=6),追跡時 MMSE［物品呼称＋記銘＋注意計算＋復唱＋読字理解＋書字］,MWU（完全並べ替え）,5,9,"13［12, 13］","12［10, 13］",12、12、13、13、13,10、11、11、11、12、12、13、13、13,32.5,0.1928071928071928,0.444,0.722,53,13,0.002,,1.0,1.0,追跡時 MMSE［物品呼称＋記銘＋注意計算＋復唱＋読字理解＋図形模写］、追跡時 MMSE［物品呼称＋記銘＋注意計算＋復唱＋書字＋図形模写］
M_MMSE部分集合(k=5),追跡時 MMSE［物品呼称＋記銘＋注意計算＋復唱＋読字理解］,MWU（完全並べ替え）,5,9,"12［11, 12］","11［9, 12］",11、11、12、12、12,9、10、10、10、11、11、12、12、12,32.5,0.1928071928071928,0.444,0.722,53,13,0.002,,1.0,1.0,追跡時 MMSE［物品呼称＋記銘＋注意計算＋復唱＋書字］、追跡時 MMSE［物品呼称＋記銘＋注意計算＋復唱＋図形模写］、追跡時 MMSE［記銘＋注意計算＋復唱＋読字理解＋書字＋図形模写］
M_MMSE部分集合(k=4),追跡時 MMSE［物品呼称＋記銘＋注意計算＋復唱］,MWU（完全並べ替え）,5,9,"11［10, 11］","10［8, 11］",10、10、11、11、11,8、9、9、9、10、10、11、11、11,32.5,0.1928071928071928,0.444,0.722,53,13,0.002,,1.0,1.0,追跡時 MMSE［記銘＋注意計算＋復唱＋読字理解＋書字］、追跡時 MMSE［記銘＋注意計算＋復唱＋読字理解＋図形模写］、追跡時 MMSE［記銘＋注意計算＋復唱＋書字＋図形模写］、追跡時 MMSE［物品呼称＋注意計算＋復唱＋読字理解＋書字＋図形模写］
M_MMSE部分集合(k=4),追跡時 MMSE［記銘＋注意計算＋復唱＋3段階命令］,MWU（完全並べ替え）,5,9,"12［11, 12］","11［8, 12］",11、11、12、12、12,8、10、10、10、11、11、12、12、12,32.5,0.1928071928071928,0.444,0.722,53,13,0.002,,1.0,1.0,追跡時 MMSE［物品呼称＋注意計算＋復唱＋読字理解＋3段階命令］、追跡時 MMSE［物品呼称＋注意計算＋復唱＋3段階命令＋書字］、追跡時 MMSE［物品呼称＋注意計算＋復唱＋3段階命令＋図形模写］、追跡時 MMSE［注意計算＋復唱＋読字理解＋3段階命令＋書字＋図形模写］
M_MMSE部分集合(k=5),追跡時 MMSE［記銘＋注意計算＋復唱＋読字理解＋3段階命令］,MWU（完全並べ替え）,5,9,"13［12, 13］","12［9, 13］",12、12、13、13、13,9、11、11、11、12、12、13、13、13,32.5,0.1928071928071928,0.444,0.722,53,13,0.002,,1.0,1.0,追跡時 MMSE［記銘＋注意計算＋復唱＋3段階命令＋書字］ ほか4件
M_MMSE部分集合(k=4),追跡時 MMSE［記銘＋注意計算＋復唱＋読字理解］,MWU（完全並べ替え）,5,9,"10［9, 10］","9［7, 10］",9、9、10、10、10,7、8、8、8、9、9、10、10、10,32.5,0.1928071928071928,0.444,0.722,53,13,0.002,,1.0,1.0,追跡時 MMSE［記銘＋注意計算＋復唱＋書字］ ほか4件
M_MMSE部分集合(k=3),追跡時 MMSE［記銘＋注意計算＋復唱］,MWU（完全並べ替え）,5,9,"9［8, 9］","8［6, 9］",8、8、9、9、9,6、7、7、7、8、8、9、9、9,32.5,0.1928071928071928,0.444,0.722,53,13,0.002,,1.0,1.0,追跡時 MMSE［物品呼称＋注意計算＋復唱＋読字理解］、追跡時 MMSE［物品呼称＋注意計算＋復唱＋書字］、追跡時 MMSE［物品呼称＋注意計算＋復唱＋図形模写］、追跡時 MMSE［注意計算＋復唱＋読字理解＋書字＋図形模写］
M2_下位項目の差,Δ CDR［地域社会の活動−家庭・趣味］,MWU（完全並べ替え）,5,9,"0［-0.5, 0］","0［-0.5, 0.5］",-0.5、-0.5、0、0、0,-0.5、0、0、0、0、0、0、0.5、0.5,13.0,0.19480519480519481,-0.422,0.289,59,14,0.01798,,1.0,1.0,
M2_下位項目の差,Δ CDR［見当識−地域社会の活動］,MWU（完全並べ替え）,5,9,"0［0, 0.5］","0［-0.5, 0.5］",0、0、0、0.5、0.5,-0.5、-0.5、0、0、0、0、0、0、0.5,32.0,0.19480519480519481,0.422,0.711,59,14,0.01798,,1.0,1.0,
M2_下位項目の差,Δ MMSE［注意計算−復唱］,MWU（完全並べ替え）,5,9,"0［0, 3］","0［-3, 1］",0、0、0、1、3,-3、-2、-1、0、0、0、0、1、1,32.0,0.1973026973026973,0.422,0.711,59,10,0.0035,,1.0,1.0,
F_相対変化,MoCA-J 相対変化率(%),MWU（完全並べ替え）,3,3,"-8.696［-21.053, 4.762］","5.882［0, 9.524］",-21.053、-8.696、4.762,0、5.882、9.524,1.0,0.2,-0.778,0.111,18,0,0.1,,1.0,1.0,
M_MMSE部分集合(k=3),Δ MMSE［場所見当識＋注意計算＋遅延再生］,MWU（完全並べ替え）,5,9,"0［-1, 3］","0［-3, 1］",-1、0、0、3、3,-3、-2、-1、-1、0、0、0、1、1,32.0,0.20279720279720279,0.422,0.711,59,12,0.0005,,1.0,1.0,Δ MMSE［場所見当識＋物品呼称＋注意計算＋遅延再生］ ほか14件
M_MMSE部分集合(k=3),Δ MMSE［記銘＋注意計算＋図形模写］,MWU（完全並べ替え）,5,9,"1［0, 3］","0［-3, 1］",0、0、1、1、3,-3、-1、0、0、0、0、1、1、1,32.0,0.2057942057942058,0.422,0.711,59,11,0.0025,,1.0,1.0,Δ MMSE［物品呼称＋記銘＋注意計算＋図形模写］ ほか14件
M_MMSE部分集合(k=2),Δ MMSE［記銘＋注意計算］,MWU（完全並べ替え）,5,9,"1［0, 3］","0［-3, 1］",0、0、1、1、3,-3、-2、0、0、0、0、1、1、1,32.0,0.2057942057942058,0.422,0.711,59,11,0.0025,,1.0,1.0,Δ MMSE［物品呼称＋記銘＋注意計算］ ほか14件
M_MMSE部分集合(k=5),Δ MMSE［場所見当識＋記銘＋注意計算＋遅延再生＋復唱］,MWU（完全並べ替え）,5,9,"1［-1, 3］","0［-3, 1］",-1、0、1、3、3,-3、-2、-1、-1、0、1、1、1、1,32.5,0.20929070929070928,0.444,0.722,53,12,0.0005,,1.0,1.0,Δ MMSE［場所見当識＋物品呼称＋記銘＋注意計算＋遅延再生＋復唱］ ほか14件
R_初回値調整残差,Δ MMSE 場所見当識（初回値調整残差）,MWU（完全並べ替え）,5,9,"0.23684［-0.55263, 0.65789］","0.23684［-0.76316, 0.44737］",-0.55263、0.23684、0.23684、0.44737、0.65789,-0.76316、-0.55263、-0.55263、-0.55263、0.23684、0.23684、0.23684、0.23684、0.44737,32.0,0.2177822177822178,0.422,0.711,59,12,0.0005,,1.0,1.0,
M_MMSE部分集合(k=3),初回 MMSE［復唱＋3段階命令＋図形模写］,MWU（完全並べ替え）,5,9,"5［5, 5］","5［4, 5］",5、5、5、5、5,4、4、4、4、5、5、5、5、5,32.5,0.22077922077922077,0.444,0.722,53,14,0.005,,1.0,1.0,
M_MMSE部分集合(k=4),初回 MMSE［復唱＋読字理解＋3段階命令＋図形模写］,MWU（完全並べ替え）,5,9,"6［6, 6］","6［5, 6］",6、6、6、6、6,5、5、5、5、6、6、6、6、6,32.5,0.22077922077922077,0.444,0.722,53,14,0.005,,1.0,1.0,初回 MMSE［復唱＋3段階命令＋書字＋図形模写］
M_MMSE部分集合(k=4),初回 MMSE［物品呼称＋復唱＋3段階命令＋図形模写］,MWU（完全並べ替え）,5,9,"7［7, 7］","7［6, 7］",7、7、7、7、7,6、6、6、6、7、7、7、7、7,32.5,0.22077922077922077,0.444,0.722,53,14,0.005,,1.0,1.0,初回 MMSE［復唱＋読字理解＋3段階命令＋書字＋図形模写］
M_MMSE部分集合(k=5),初回 MMSE［物品呼称＋復唱＋読字理解＋3段階命令＋図形模写］,MWU（完全並べ替え）,5,9,"8［8, 8］","8［7, 8］",8、8、8、8、8,7、7、7、7、8、8、8、8、8,32.5,0.22077922077922077,0.444,0.722,53,14,0.005,,1.0,1.0,初回 MMSE［物品呼称＋復唱＋3段階命令＋書字＋図形模写］
M_MMSE部分集合(k=6),初回 MMSE［物品呼称＋復唱＋読字理解＋3段階命令＋書字＋図形模写］,MWU（完全並べ替え）,5,9,"9［9, 9］","9［8, 9］",9、9、9、9、9,8、8、8、8、9、9、9、9、9,32.5,0.22077922077922077,0.444,0.722,53,14,0.005,,1.0,1.0,
M_MMSE部分集合(k=3),Δ MMSE［時間見当識＋場所見当識＋注意計算］,MWU（完全並べ替え）,5,9,"0［-1, 3］","-1［-4, 4］",-1、0、0、0、3,-4、-2、-1、-1、-1、-1、0、1、4,31.5,0.22877122877122877,0.4,0.7,66,9,0.003,,1.0,1.0,Δ MMSE［時間見当識＋場所見当識＋物品呼称＋注意計算］ ほか14件
L_固定時点(6か月),6か月 ΔMMSE 時間見当識,MWU（完全並べ替え）,5,9,"-1［-2, 0］","0［-2, 2］",-2、-1、-1、-1、0,-2、-1、-1、-1、0、0、0、1、2,13.5,0.24075924075924077,-0.4,0.3,66,12,0.002,,1.0,1.0,
M2_下位項目の差,Δ MMSE［時間見当識−場所見当識］,MWU（完全並べ替え）,5,9,"-1［-5, 0］","0［-1, 1］",-5、-2、-1、0、0,-1、-1、-1、-1、0、0、0、1、1,13.0,0.24075924075924077,-0.422,0.289,59,12,0.00999,,1.0,1.0,
M_MMSE部分集合(k=4),Δ MMSE［場所見当識＋注意計算＋遅延再生＋図形模写］,MWU（完全並べ替え）,5,9,"0［-1, 3］","0［-3, 1］",-1、0、0、3、3,-3、-1、-1、-1、0、0、0、1、1,31.5,0.24275724275724275,0.4,0.7,66,13,0.0005,,1.0,1.0,Δ MMSE［場所見当識＋物品呼称＋注意計算＋遅延再生＋図形模写］ ほか14件
M_MMSE部分集合(k=4),Δ MMSE［時間見当識＋記銘＋遅延再生＋復唱］,MWU（完全並べ替え）,5,9,"-2［-3, 1］","0［-2, 1］",-3、-2、-2、0、1,-2、-1、-1、-1、0、0、1、1、1,13.5,0.24675324675324675,-0.4,0.3,66,13,0.003,,1.0,1.0,Δ MMSE［時間見当識＋物品呼称＋記銘＋遅延再生＋復唱］ ほか14件
M_MMSE部分集合(k=3),Δ MMSE［時間見当識＋遅延再生＋図形模写］,MWU（完全並べ替え）,5,9,"-2［-3, 0］","-1［-2, 2］",-3、-2、-2、0、0,-2、-1、-1、-1、-1、0、0、1、2,13.0,0.24725274725274726,-0.422,0.289,59,11,0.004,,1.0,1.0,Δ MMSE［時間見当識＋物品呼称＋遅延再生＋図形模写］ ほか14件
M_MMSE部分集合(k=2),Δ MMSE［時間見当識＋遅延再生］,MWU（完全並べ替え）,5,9,"-2［-3, 0］","-1［-2, 1］",-3、-2、-2、0、0,-2、-1、-1、-1、-1、0、0、1、1,13.0,0.24725274725274726,-0.422,0.289,59,13,0.004,,1.0,1.0,Δ MMSE［時間見当識＋物品呼称＋遅延再生］ ほか14件
C_変化量,Δ MMSE 場所見当識,MWU（完全並べ替え）,5,9,"0［0, 2］","0［-1, 1］",0、0、0、1、2,-1、0、0、0、0、0、0、0、1,31.0,0.25224775224775225,0.378,0.689,74,12,0.02248,,1.0,1.0,Δ MMSE［場所見当識］ ほか19件
M_MMSE部分集合(k=6),Δ MMSE［場所見当識＋記銘＋注意計算＋遅延再生＋復唱＋図形模写］,MWU（完全並べ替え）,5,9,"1［-1, 3］","0［-3, 1］",-1、0、1、3、3,-3、-1、-1、-1、0、1、1、1、1,32.0,0.25774225774225773,0.422,0.711,59,13,0.0005,,1.0,1.0,Δ MMSE［場所見当識＋物品呼称＋記銘＋注意計算＋遅延再生＋復唱＋図形模写］ ほか14件
E_合成指標,初回 MMSE 言語計（呼称＋復唱＋読字理解＋3段階命令＋書字）,MWU（完全並べ替え）,5,9,"8［8, 8］","8［7, 8］",8、8、8、8、8,7、7、7、8、8、8、8、8、8,30.0,0.25824175824175827,0.333,0.667,95,14,0.02747,,1.0,1.0,初回 MMSE［物品呼称＋復唱＋読字理解＋3段階命令＋書字］
M_MMSE部分集合(k=2),初回 MMSE［復唱＋3段階命令］,MWU（完全並べ替え）,5,9,"4［4, 4］","4［3, 4］",4、4、4、4、4,3、3、3、4、4、4、4、4、4,30.0,0.25824175824175827,0.333,0.667,95,14,0.02747,,1.0,1.0,
M_MMSE部分集合(k=2),初回 MMSE［復唱＋図形模写］,MWU（完全並べ替え）,5,9,"2［2, 2］","2［1, 2］",2、2、2、2、2,1、1、1、2、2、2、2、2、2,30.0,0.25824175824175827,0.333,0.667,95,14,0.02747,,1.0,1.0,
M_MMSE部分集合(k=3),初回 MMSE［復唱＋読字理解＋3段階命令］,MWU（完全並べ替え）,5,9,"5［5, 5］","5［4, 5］",5、5、5、5、5,4、4、4、5、5、5、5、5、5,30.0,0.25824175824175827,0.333,0.667,95,14,0.02747,,1.0,1.0,初回 MMSE［復唱＋3段階命令＋書字］
M_MMSE部分集合(k=3),初回 MMSE［復唱＋読字理解＋図形模写］,MWU（完全並べ替え）,5,9,"3［3, 3］","3［2, 3］",3、3、3、3、3,2、2、2、3、3、3、3、3、3,30.0,0.25824175824175827,0.333,0.667,95,14,0.02747,,1.0,1.0,初回 MMSE［復唱＋書字＋図形模写］
M_MMSE部分集合(k=3),初回 MMSE［物品呼称＋復唱＋3段階命令］,MWU（完全並べ替え）,5,9,"6［6, 6］","6［5, 6］",6、6、6、6、6,5、5、5、6、6、6、6、6、6,30.0,0.25824175824175827,0.333,0.667,95,14,0.02747,,1.0,1.0,初回 MMSE［復唱＋読字理解＋3段階命令＋書字］
M_MMSE部分集合(k=3),初回 MMSE［物品呼称＋復唱＋図形模写］,MWU（完全並べ替え）,5,9,"4［4, 4］","4［3, 4］",4、4、4、4、4,3、3、3、4、4、4、4、4、4,30.0,0.25824175824175827,0.333,0.667,95,14,0.02747,,1.0,1.0,初回 MMSE［復唱＋読字理解＋書字＋図形模写］
M_MMSE部分集合(k=4),初回 MMSE［物品呼称＋復唱＋読字理解＋3段階命令］,MWU（完全並べ替え）,5,9,"7［7, 7］","7［6, 7］",7、7、7、7、7,6、6、6、7、7、7、7、7、7,30.0,0.25824175824175827,0.333,0.667,95,14,0.02747,,1.0,1.0,初回 MMSE［物品呼称＋復唱＋3段階命令＋書字］
M_MMSE部分集合(k=4),初回 MMSE［物品呼称＋復唱＋読字理解＋図形模写］,MWU（完全並べ替え）,5,9,"5［5, 5］","5［4, 5］",5、5、5、5、5,4、4、4、5、5、5、5、5、5,30.0,0.25824175824175827,0.333,0.667,95,14,0.02747,,1.0,1.0,初回 MMSE［物品呼称＋復唱＋書字＋図形模写］
M_MMSE部分集合(k=5),初回 MMSE［物品呼称＋復唱＋読字理解＋書字＋図形模写］,MWU（完全並べ替え）,5,9,"6［6, 6］","6［5, 6］",6、6、6、6、6,5、5、5、6、6、6、6、6、6,30.0,0.25824175824175827,0.333,0.667,95,14,0.02747,,1.0,1.0,
N_全切点2値化,追跡時 MMSE 注意計算 ≧4,Fisher（正確）,5,9,5/5,6/9,,,,0.25824175824175827,,,,,0.02747,,1.0,1.0,
M_MMSE部分集合(k=5),Δ MMSE［時間見当識＋記銘＋遅延再生＋復唱＋図形模写］,MWU（完全並べ替え）,5,9,"-2［-3, 1］","0［-2, 2］",-3、-2、-2、0、1,-2、-1、-1、-1、0、0、1、1、2,13.0,0.25874125874125875,-0.422,0.289,59,12,0.003,,1.0,1.0,Δ MMSE［時間見当識＋物品呼称＋記銘＋遅延再生＋復唱＋図形模写］ ほか14件
D_年換算変化量,Δ MMSE 場所見当識／年,MWU（完全並べ替え）,3,8,"1.3714［0, 1.7647］","0［-1.519, 1.7647］",0、1.3714、1.7647,-1.519、0、0、0、0、0、0、1.7647,18.5,0.2606060606060606,0.542,0.771,36,9,0.00606,,1.0,1.0,
O_月あたり変化量,Δ MMSE 場所見当識／月,MWU（完全並べ替え）,3,8,"0.11429［0, 0.14706］","0［-0.12658, 0.14706］",0、0.11429、0.14706,-0.12658、0、0、0、0、0、0、0.14706,18.5,0.2606060606060606,0.542,0.771,36,9,0.00606,,1.0,1.0,
M2_下位項目の差,初回 MMSE［場所見当識−遅延再生］,MWU（完全並べ替え）,5,9,"4［3, 4］","4［1, 5］",3、3、4、4、4,1、3、4、4、4、5、5、5、5,13.5,0.26173826173826176,-0.4,0.3,66,13,0.00599,,1.0,1.0,
M_CDR部分集合(k=3),追跡時 CDR［判断力・問題解決＋地域社会の活動＋身の回りの世話］,MWU（完全並べ替え）,5,9,"0.5［0, 1.5］","1［0.5, 3］",0、0、0.5、1、1.5,0.5、0.5、0.5、1、1、1、1、2、3,13.5,0.2627372627372627,-0.4,0.3,66,11,0.002,,1.0,1.0,
N_全切点2値化,初回 CDR-SB ≧1.5,Fisher（正確）,5,9,2/5,7/9,,,,0.26573426573426573,,,,,0.0005,,1.0,1.0,
M_MMSE部分集合(k=3),追跡時 MMSE［場所見当識＋復唱＋3段階命令］,MWU（完全並べ替え）,5,9,"9［8, 9］","8［7, 9］",8、9、9、9、9,7、8、8、8、8、9、9、9、9,31.0,0.26573426573426573,0.378,0.689,74,13,0.0025,,1.0,1.0,
M_MMSE部分集合(k=4),追跡時 MMSE［場所見当識＋復唱＋読字理解＋3段階命令］,MWU（完全並べ替え）,5,9,"10［9, 10］","9［8, 10］",9、10、10、10、10,8、9、9、9、9、10、10、10、10,31.0,0.26573426573426573,0.378,0.689,74,13,0.0025,,1.0,1.0,追跡時 MMSE［場所見当識＋復唱＋3段階命令＋書字］、追跡時 MMSE［場所見当識＋復唱＋3段階命令＋図形模写］
M_MMSE部分集合(k=4),追跡時 MMSE［場所見当識＋物品呼称＋復唱＋3段階命令］,MWU（完全並べ替え）,5,9,"11［10, 11］","10［9, 11］",10、11、11、11、11,9、10、10、10、10、11、11、11、11,31.0,0.26573426573426573,0.378,0.689,74,13,0.0025,,1.0,1.0,追跡時 MMSE［場所見当識＋復唱＋読字理解＋3段階命令＋書字］、追跡時 MMSE［場所見当識＋復唱＋読字理解＋3段階命令＋図形模写］、追跡時 MMSE［場所見当識＋復唱＋3段階命令＋書字＋図形模写］
M_MMSE部分集合(k=5),追跡時 MMSE［場所見当識＋物品呼称＋記銘＋復唱＋3段階命令］,MWU（完全並べ替え）,5,9,"14［13, 14］","13［12, 14］",13、14、14、14、14,12、13、13、13、13、14、14、14、14,31.0,0.26573426573426573,0.378,0.689,74,13,0.0025,,1.0,1.0,追跡時 MMSE［場所見当識＋記銘＋復唱＋読字理解＋3段階命令＋書字］、追跡時 MMSE［場所見当識＋記銘＋復唱＋読字理解＋3段階命令＋図形模写］、追跡時 MMSE［場所見当識＋記銘＋復唱＋3段階命令＋書字＋図形模写］、追跡時 MMSE［場所見当識＋物品呼称＋復唱＋読字理解＋3段階命令＋書字＋図形模写］
M_MMSE部分集合(k=8),追跡時 MMSE［場所見当識＋物品呼称＋記銘＋復唱＋読字理解＋3段階命令＋書字＋図形模写］,MWU（完全並べ替え）,5,9,"17［16, 17］","16［15, 17］",16、17、17、17、17,15、16、16、16、16、17、17、17、17,31.0,0.26573426573426573,0.378,0.689,74,13,0.0025,,1.0,1.0,
M_MMSE部分集合(k=7),追跡時 MMSE［場所見当識＋物品呼称＋記銘＋復唱＋読字理解＋3段階命令＋書字］,MWU（完全並べ替え）,5,9,"16［15, 16］","15［14, 16］",15、16、16、16、16,14、15、15、15、15、16、16、16、16,31.0,0.26573426573426573,0.378,0.689,74,13,0.0025,,1.0,1.0,追跡時 MMSE［場所見当識＋物品呼称＋記銘＋復唱＋読字理解＋3段階命令＋図形模写］、追跡時 MMSE［場所見当識＋物品呼称＋記銘＋復唱＋3段階命令＋書字＋図形模写］
M_MMSE部分集合(k=6),追跡時 MMSE［場所見当識＋物品呼称＋記銘＋復唱＋読字理解＋3段階命令］,MWU（完全並べ替え）,5,9,"15［14, 15］","14［13, 15］",14、15、15、15、15,13、14、14、14、14、15、15、15、15,31.0,0.26573426573426573,0.378,0.689,74,13,0.0025,,1.0,1.0,追跡時 MMSE［場所見当識＋物品呼称＋記銘＋復唱＋3段階命令＋書字］、追跡時 MMSE［場所見当識＋物品呼称＋記銘＋復唱＋3段階命令＋図形模写］、追跡時 MMSE［場所見当識＋記銘＋復唱＋読字理解＋3段階命令＋書字＋図形模写］
M_MMSE部分集合(k=4),追跡時 MMSE［場所見当識＋記銘＋復唱＋3段階命令］,MWU（完全並べ替え）,5,9,"12［11, 12］","11［10, 12］",11、12、12、12、12,10、11、11、11、11、12、12、12、12,31.0,0.26573426573426573,0.378,0.689,74,13,0.0025,,1.0,1.0,追跡時 MMSE［場所見当識＋物品呼称＋復唱＋読字理解＋3段階命令］、追跡時 MMSE［場所見当識＋物品呼称＋復唱＋3段階命令＋書字］、追跡時 MMSE［場所見当識＋物品呼称＋復唱＋3段階命令＋図形模写］、追跡時 MMSE［場所見当識＋復唱＋読字理解＋3段階命令＋書字＋図形模写］
M_MMSE部分集合(k=5),追跡時 MMSE［場所見当識＋記銘＋復唱＋読字理解＋3段階命令］,MWU（完全並べ替え）,5,9,"13［12, 13］","12［11, 13］",12、13、13、13、13,11、12、12、12、12、13、13、13、13,31.0,0.26573426573426573,0.378,0.689,74,13,0.0025,,1.0,1.0,追跡時 MMSE［場所見当識＋記銘＋復唱＋3段階命令＋書字］ ほか4件
M_CDR部分集合(k=2),追跡時 CDR［判断力・問題解決＋地域社会の活動］,MWU（完全並べ替え）,5,9,"0.5［0, 1.5］","1［0.5, 2］",0、0、0.5、1、1.5,0.5、0.5、0.5、1、1、1、1、2、2,13.5,0.26673326673326675,-0.4,0.3,66,13,0.002,,1.0,1.0,
M2_下位項目の差,Δ CDR［記憶−家庭・趣味］,MWU（完全並べ替え）,5,9,"0［-0.5, 0.5］","0［0, 0］",-0.5、-0.5、0、0、0.5,0、0、0、0、0、0、0、0、0,18.0,0.27472527472527475,-0.2,0.4,262,13,0.08242,,1.0,1.0,
M_MMSE部分集合(k=3),Δ MMSE［場所見当識＋記銘＋図形模写］,MWU（完全並べ替え）,5,9,"1［0, 2］","0［-1, 1］",0、0、1、1、2,-1、0、0、0、0、0、1、1、1,31.0,0.2807192807192807,0.378,0.689,74,12,0.0025,,1.0,1.0,Δ MMSE［場所見当識＋物品呼称＋記銘＋図形模写］ ほか14件
M_MMSE部分集合(k=3),Δ MMSE［場所見当識＋記銘＋復唱］,MWU（完全並べ替え）,5,9,"1［0, 2］","0［-1, 1］",0、0、1、1、2,-1、0、0、0、0、0、1、1、1,31.0,0.2807192807192807,0.378,0.689,74,12,0.0025,,1.0,1.0,Δ MMSE［場所見当識＋物品呼称＋記銘＋復唱］ ほか14件
M_MMSE部分集合(k=4),Δ MMSE［時間見当識＋場所見当識＋記銘＋注意計算］,MWU（完全並べ替え）,5,9,"0［-1, 3］","-1［-4, 4］",-1、0、0、1、3,-4、-2、-1、-1、-1、0、0、1、4,31.0,0.2807192807192807,0.378,0.689,74,10,0.004,,1.0,1.0,Δ MMSE［時間見当識＋場所見当識＋物品呼称＋記銘＋注意計算］ ほか14件
M2_下位項目の差,初回 MMSE［場所見当識−復唱］,MWU（完全並べ替え）,5,9,"3［2, 4］","4［3, 5］",2、3、3、4、4,3、3、3、4、4、4、4、4、5,14.0,0.2807192807192807,-0.378,0.311,74,12,0.0025,,1.0,1.0,
M_MMSE部分集合(k=4),Δ MMSE［時間見当識＋記銘＋遅延再生＋図形模写］,MWU（完全並べ替え）,5,9,"-2［-3, 1］","0［-2, 2］",-3、-2、-2、0、1,-2、-1、-1、-1、0、0、0、1、2,14.0,0.2817182817182817,-0.378,0.311,74,12,0.0015,,1.0,1.0,Δ MMSE［時間見当識＋物品呼称＋記銘＋遅延再生＋図形模写］ ほか14件
M_CDR部分集合(k=3),初回 CDR［見当識＋判断力・問題解決＋家庭・趣味］,MWU（完全並べ替え）,5,9,"0.5［0, 1.5］","1［0.5, 1.5］",0、0.5、0.5、1、1.5,0.5、0.5、1、1、1、1、1、1、1.5,15.5,0.2852147852147852,-0.311,0.344,109,13,0.0005,,1.0,1.0,初回 CDR［見当識＋判断力・問題解決＋家庭・趣味＋身の回りの世話］
M_CDR部分集合(k=4),初回 CDR［記憶＋見当識＋判断力・問題解決＋家庭・趣味］,MWU（完全並べ替え）,5,9,"1［0.5, 2］","1.5［1, 2］",0.5、1、1、1.5、2,1、1、1.5、1.5、1.5、1.5、1.5、1.5、2,15.5,0.2852147852147852,-0.311,0.344,109,13,0.0005,,1.0,1.0,初回 CDR［記憶＋見当識＋判断力・問題解決＋家庭・趣味＋身の回りの世話］
M_MMSE部分集合(k=3),初回 MMSE［時間見当識＋復唱＋読字理解］,MWU（完全並べ替え）,5,9,"7［5, 7］","6［4, 7］",5、5、7、7、7,4、4、5、5、6、6、6、7、7,30.0,0.2902097902097902,0.333,0.667,95,14,0.0005,,1.0,1.0,初回 MMSE［時間見当識＋復唱＋書字］
M_MMSE部分集合(k=2),初回 MMSE［時間見当識＋復唱］,MWU（完全並べ替え）,5,9,"6［4, 6］","5［3, 6］",4、4、6、6、6,3、3、4、4、5、5、5、6、6,30.0,0.2902097902097902,0.333,0.667,95,14,0.0005,,1.0,1.0,
M_MMSE部分集合(k=5),初回 MMSE［時間見当識＋物品呼称＋復唱＋読字理解＋書字］,MWU（完全並べ替え）,5,9,"10［8, 10］","9［7, 10］",8、8、10、10、10,7、7、8、8、9、9、9、10、10,30.0,0.2902097902097902,0.333,0.667,95,14,0.0005,,1.0,1.0,
M_MMSE部分集合(k=4),初回 MMSE［時間見当識＋物品呼称＋復唱＋読字理解］,MWU（完全並べ替え）,5,9,"9［7, 9］","8［6, 9］",7、7、9、9、9,6、6、7、7、8、8、8、9、9,30.0,0.2902097902097902,0.333,0.667,95,14,0.0005,,1.0,1.0,初回 MMSE［時間見当識＋物品呼称＋復唱＋書字］
M_MMSE部分集合(k=3),初回 MMSE［時間見当識＋物品呼称＋復唱］,MWU（完全並べ替え）,5,9,"8［6, 8］","7［5, 8］",6、6、8、8、8,5、5、6、6、7、7、7、8、8,30.0,0.2902097902097902,0.333,0.667,95,14,0.0005,,1.0,1.0,初回 MMSE［時間見当識＋復唱＋読字理解＋書字］
M_MMSE部分集合(k=4),Δ MMSE［場所見当識＋注意計算＋遅延再生＋復唱］,MWU（完全並べ替え）,5,9,"0［-1, 3］","0［-3, 1］",-1、0、0、3、3,-3、-2、-1、-1、0、0、1、1、1,31.0,0.29270729270729273,0.378,0.689,74,12,0.001,,1.0,1.0,Δ MMSE［場所見当識＋物品呼称＋注意計算＋遅延再生＋復唱］ ほか14件
M_MMSE部分集合(k=3),Δ MMSE［時間見当識＋記銘＋遅延再生］,MWU（完全並べ替え）,5,9,"-2［-3, 1］","0［-2, 1］",-3、-2、-2、0、1,-2、-1、-1、-1、0、0、0、1、1,14.5,0.2952047952047952,-0.356,0.322,83,13,0.0015,,1.0,1.0,Δ MMSE［時間見当識＋物品呼称＋記銘＋遅延再生］ ほか14件
E_合成指標,追跡時 MMSE 注意・構成計（注意計算＋図形模写）,MWU（完全並べ替え）,5,9,"6［5, 6］","5［3, 6］",5、5、6、6、6,3、4、4、5、5、5、6、6、6,31.5,0.2952047952047952,0.4,0.7,66,13,0.003,,1.0,1.0,追跡時 MMSE［注意計算＋読字理解］、追跡時 MMSE［注意計算＋書字］、追跡時 MMSE［注意計算＋図形模写］
B_追跡時値,追跡時 MMSE 注意計算,MWU（完全並べ替え）,5,9,"5［4, 5］","4［2, 5］",4、4、5、5、5,2、3、3、4、4、4、5、5、5,31.5,0.2952047952047952,0.4,0.7,66,13,0.003,,1.0,1.0,追跡時 MMSE［注意計算］
M_MMSE部分集合(k=2),追跡時 MMSE［注意計算＋3段階命令］,MWU（完全並べ替え）,5,9,"8［7, 8］","7［4, 8］",7、7、8、8、8,4、6、6、7、7、7、8、8、8,31.5,0.2952047952047952,0.4,0.7,66,13,0.003,,1.0,1.0,
M_MMSE部分集合(k=3),追跡時 MMSE［注意計算＋読字理解＋3段階命令］,MWU（完全並べ替え）,5,9,"9［8, 9］","8［5, 9］",8、8、9、9、9,5、7、7、8、8、8、9、9、9,31.5,0.2952047952047952,0.4,0.7,66,13,0.003,,1.0,1.0,追跡時 MMSE［注意計算＋3段階命令＋書字］、追跡時 MMSE［注意計算＋3段階命令＋図形模写］
M_MMSE部分集合(k=3),追跡時 MMSE［物品呼称＋注意計算＋3段階命令］,MWU（完全並べ替え）,5,9,"10［9, 10］","9［6, 10］",9、9、10、10、10,6、8、8、9、9、9、10、10、10,31.5,0.2952047952047952,0.4,0.7,66,13,0.003,,1.0,1.0,追跡時 MMSE［注意計算＋読字理解＋3段階命令＋書字］、追跡時 MMSE［注意計算＋読字理解＋3段階命令＋図形模写］、追跡時 MMSE［注意計算＋3段階命令＋書字＋図形模写］
M_MMSE部分集合(k=2),追跡時 MMSE［物品呼称＋注意計算］,MWU（完全並べ替え）,5,9,"7［6, 7］","6［4, 7］",6、6、7、7、7,4、5、5、6、6、6、7、7、7,31.5,0.2952047952047952,0.4,0.7,66,13,0.003,,1.0,1.0,追跡時 MMSE［注意計算＋読字理解＋書字］、追跡時 MMSE［注意計算＋読字理解＋図形模写］、追跡時 MMSE［注意計算＋書字＋図形模写］
M_MMSE部分集合(k=4),追跡時 MMSE［物品呼称＋記銘＋注意計算＋3段階命令］,MWU（完全並べ替え）,5,9,"13［12, 13］","12［9, 13］",12、12、13、13、13,9、11、11、12、12、12、13、13、13,31.5,0.2952047952047952,0.4,0.7,66,13,0.003,,1.0,1.0,追跡時 MMSE［記銘＋注意計算＋読字理解＋3段階命令＋書字］、追跡時 MMSE［記銘＋注意計算＋読字理解＋3段階命令＋図形模写］、追跡時 MMSE［記銘＋注意計算＋3段階命令＋書字＋図形模写］、追跡時 MMSE［物品呼称＋注意計算＋読字理解＋3段階命令＋書字＋図形模写］
M_MMSE部分集合(k=7),追跡時 MMSE［物品呼称＋記銘＋注意計算＋読字理解＋3段階命令＋書字＋図形模写］,MWU（完全並べ替え）,5,9,"16［15, 16］","15［12, 16］",15、15、16、16、16,12、14、14、15、15、15、16、16、16,31.5,0.2952047952047952,0.4,0.7,66,13,0.003,,1.0,1.0,
M_MMSE部分集合(k=6),追跡時 MMSE［物品呼称＋記銘＋注意計算＋読字理解＋3段階命令＋書字］,MWU（完全並べ替え）,5,9,"15［14, 15］","14［11, 15］",14、14、15、15、15,11、13、13、14、14、14、15、15、15,31.5,0.2952047952047952,0.4,0.7,66,13,0.003,,1.0,1.0,追跡時 MMSE［物品呼称＋記銘＋注意計算＋読字理解＋3段階命令＋図形模写］、追跡時 MMSE［物品呼称＋記銘＋注意計算＋3段階命令＋書字＋図形模写］
M_MMSE部分集合(k=5),追跡時 MMSE［物品呼称＋記銘＋注意計算＋読字理解＋3段階命令］,MWU（完全並べ替え）,5,9,"14［13, 14］","13［10, 14］",13、13、14、14、14,10、12、12、13、13、13、14、14、14,31.5,0.2952047952047952,0.4,0.7,66,13,0.003,,1.0,1.0,追跡時 MMSE［物品呼称＋記銘＋注意計算＋3段階命令＋書字］、追跡時 MMSE［物品呼称＋記銘＋注意計算＋3段階命令＋図形模写］、追跡時 MMSE［記銘＋注意計算＋読字理解＋3段階命令＋書字＋図形模写］
M_MMSE部分集合(k=6),追跡時 MMSE［物品呼称＋記銘＋注意計算＋読字理解＋書字＋図形模写］,MWU（完全並べ替え）,5,9,"13［12, 13］","12［10, 13］",12、12、13、13、13,10、11、11、12、12、12、13、13、13,31.5,0.2952047952047952,0.4,0.7,66,13,0.003,,1.0,1.0,
M_MMSE部分集合(k=5),追跡時 MMSE［物品呼称＋記銘＋注意計算＋読字理解＋書字］,MWU（完全並べ替え）,5,9,"12［11, 12］","11［9, 12］",11、11、12、12、12,9、10、10、11、11、11、12、12、12,31.5,0.2952047952047952,0.4,0.7,66,13,0.003,,1.0,1.0,追跡時 MMSE［物品呼称＋記銘＋注意計算＋読字理解＋図形模写］、追跡時 MMSE［物品呼称＋記銘＋注意計算＋書字＋図形模写］
M_MMSE部分集合(k=4),追跡時 MMSE［物品呼称＋記銘＋注意計算＋読字理解］,MWU（完全並べ替え）,5,9,"11［10, 11］","10［8, 11］",10、10、11、11、11,8、9、9、10、10、10、11、11、11,31.5,0.2952047952047952,0.4,0.7,66,13,0.003,,1.0,1.0,追跡時 MMSE［物品呼称＋記銘＋注意計算＋書字］、追跡時 MMSE［物品呼称＋記銘＋注意計算＋図形模写］、追跡時 MMSE［記銘＋注意計算＋読字理解＋書字＋図形模写］
M_MMSE部分集合(k=3),追跡時 MMSE［物品呼称＋記銘＋注意計算］,MWU（完全並べ替え）,5,9,"10［9, 10］","9［7, 10］",9、9、10、10、10,7、8、8、9、9、9、10、10、10,31.5,0.2952047952047952,0.4,0.7,66,13,0.003,,1.0,1.0,追跡時 MMSE［記銘＋注意計算＋読字理解＋書字］、追跡時 MMSE［記銘＋注意計算＋読字理解＋図形模写］、追跡時 MMSE［記銘＋注意計算＋書字＋図形模写］、追跡時 MMSE［物品呼称＋注意計算＋読字理解＋書字＋図形模写］
M_MMSE部分集合(k=3),追跡時 MMSE［記銘＋注意計算＋3段階命令］,MWU（完全並べ替え）,5,9,"11［10, 11］","10［7, 11］",10、10、11、11、11,7、9、9、10、10、10、11、11、11,31.5,0.2952047952047952,0.4,0.7,66,13,0.003,,1.0,1.0,追跡時 MMSE［物品呼称＋注意計算＋読字理解＋3段階命令］、追跡時 MMSE［物品呼称＋注意計算＋3段階命令＋書字］、追跡時 MMSE［物品呼称＋注意計算＋3段階命令＋図形模写］、追跡時 MMSE［注意計算＋読字理解＋3段階命令＋書字＋図形模写］
M_MMSE部分集合(k=4),追跡時 MMSE［記銘＋注意計算＋読字理解＋3段階命令］,MWU（完全並べ替え）,5,9,"12［11, 12］","11［8, 12］",11、11、12、12、12,8、10、10、11、11、11、12、12、12,31.5,0.2952047952047952,0.4,0.7,66,13,0.003,,1.0,1.0,追跡時 MMSE［記銘＋注意計算＋3段階命令＋書字］ ほか4件
M_MMSE部分集合(k=3),追跡時 MMSE［記銘＋注意計算＋読字理解］,MWU（完全並べ替え）,5,9,"9［8, 9］","8［6, 9］",8、8、9、9、9,6、7、7、8、8、8、9、9、9,31.5,0.2952047952047952,0.4,0.7,66,13,0.003,,1.0,1.0,追跡時 MMSE［記銘＋注意計算＋書字］ ほか4件
M_MMSE部分集合(k=2),追跡時 MMSE［記銘＋注意計算］,MWU（完全並べ替え）,5,9,"8［7, 8］","7［5, 8］",7、7、8、8、8,5、6、6、7、7、7、8、8、8,31.5,0.2952047952047952,0.4,0.7,66,13,0.003,,1.0,1.0,追跡時 MMSE［物品呼称＋注意計算＋読字理解］、追跡時 MMSE［物品呼称＋注意計算＋書字］、追跡時 MMSE［物品呼称＋注意計算＋図形模写］、追跡時 MMSE［注意計算＋読字理解＋書字＋図形模写］
M_MMSE部分集合(k=6),初回 MMSE［時間見当識＋物品呼称＋遅延再生＋復唱＋3段階命令＋図形模写］,MWU（完全並べ替え）,5,9,"12［10, 13］","11［8, 14］",10、11、12、13、13,8、10、10、10、11、11、12、12、14,30.5,0.2977022977022977,0.356,0.678,83,12,0.0005,,1.0,1.0,初回 MMSE［時間見当識＋遅延再生＋復唱＋読字理解＋3段階命令＋書字＋図形模写］
M_MMSE部分集合(k=5),初回 MMSE［時間見当識＋物品呼称＋遅延再生＋復唱＋3段階命令］,MWU（完全並べ替え）,5,9,"11［9, 12］","10［8, 13］",9、10、11、12、12,8、9、9、9、10、10、11、11、13,30.5,0.2977022977022977,0.356,0.678,83,12,0.0005,,1.0,1.0,初回 MMSE［時間見当識＋遅延再生＋復唱＋読字理解＋3段階命令＋書字］
M_MMSE部分集合(k=7),初回 MMSE［時間見当識＋物品呼称＋遅延再生＋復唱＋読字理解＋3段階命令＋図形模写］,MWU（完全並べ替え）,5,9,"13［11, 14］","12［9, 15］",11、12、13、14、14,9、11、11、11、12、12、13、13、15,30.5,0.2977022977022977,0.356,0.678,83,12,0.0005,,1.0,1.0,初回 MMSE［時間見当識＋物品呼称＋遅延再生＋復唱＋3段階命令＋書字＋図形模写］
M_MMSE部分集合(k=8),初回 MMSE［時間見当識＋物品呼称＋遅延再生＋復唱＋読字理解＋3段階命令＋書字＋図形模写］,MWU（完全並べ替え）,5,9,"14［12, 15］","13［10, 16］",12、13、14、15、15,10、12、12、12、13、13、14、14、16,30.5,0.2977022977022977,0.356,0.678,83,12,0.0005,,1.0,1.0,
M_MMSE部分集合(k=7),初回 MMSE［時間見当識＋物品呼称＋遅延再生＋復唱＋読字理解＋3段階命令＋書字］,MWU（完全並べ替え）,5,9,"13［11, 14］","12［10, 15］",11、12、13、14、14,10、11、11、11、12、12、13、13、15,30.5,0.2977022977022977,0.356,0.678,83,12,0.0005,,1.0,1.0,
M_MMSE部分集合(k=6),初回 MMSE［時間見当識＋物品呼称＋遅延再生＋復唱＋読字理解＋3段階命令］,MWU（完全並べ替え）,5,9,"12［10, 13］","11［9, 14］",10、11、12、13、13,9、10、10、10、11、11、12、12、14,30.5,0.2977022977022977,0.356,0.678,83,12,0.0005,,1.0,1.0,初回 MMSE［時間見当識＋物品呼称＋遅延再生＋復唱＋3段階命令＋書字］
M_MMSE部分集合(k=5),初回 MMSE［時間見当識＋遅延再生＋復唱＋3段階命令＋図形模写］,MWU（完全並べ替え）,5,9,"10［8, 11］","9［6, 12］",8、9、10、11、11,6、8、8、8、9、9、10、10、12,30.5,0.2977022977022977,0.356,0.678,83,12,0.0005,,1.0,1.0,
M_MMSE部分集合(k=4),初回 MMSE［時間見当識＋遅延再生＋復唱＋3段階命令］,MWU（完全並べ替え）,5,9,"9［7, 10］","8［6, 11］",7、8、9、10、10,6、7、7、7、8、8、9、9、11,30.5,0.2977022977022977,0.356,0.678,83,12,0.0005,,1.0,1.0,
M_MMSE部分集合(k=6),初回 MMSE［時間見当識＋遅延再生＋復唱＋読字理解＋3段階命令＋図形模写］,MWU（完全並べ替え）,5,9,"11［9, 12］","10［7, 13］",9、10、11、12、12,7、9、9、9、10、10、11、11、13,30.5,0.2977022977022977,0.356,0.678,83,12,0.0005,,1.0,1.0,初回 MMSE［時間見当識＋遅延再生＋復唱＋3段階命令＋書字＋図形模写］
M_MMSE部分集合(k=5),初回 MMSE［時間見当識＋遅延再生＋復唱＋読字理解＋3段階命令］,MWU（完全並べ替え）,5,9,"10［8, 11］","9［7, 12］",8、9、10、11、11,7、8、8、8、9、9、10、10、12,30.5,0.2977022977022977,0.356,0.678,83,12,0.0005,,1.0,1.0,初回 MMSE［時間見当識＋遅延再生＋復唱＋3段階命令＋書字］
L_固定時点(18か月),18か月 CDR 判断力・問題解決,MWU（完全並べ替え）,3,3,"0.5［0, 0.5］","1［0.5, 1］",0、0.5、0.5,0.5、1、1,1.0,0.3,-0.778,0.111,18,5,0.06667,,1.0,1.0,
L_固定時点(18か月),18か月 ΔMMSE合計,MWU（完全並べ替え）,3,3,"1［0, 3］","-1［-1, 1］",0、1、3,-1、-1、1,7.5,0.3,0.667,0.833,24,4,0.06667,,1.0,1.0,
C_変化量,Δ MoCA-J,MWU（完全並べ替え）,3,3,"-2［-4, 1］","1［0, 2］",-4、-2、1,0、1、2,1.5,0.3,-0.667,0.167,24,2,0.06667,,1.0,1.0,
E_合成指標,初回 CDR 認知3領域計（記憶＋見当識＋判断力・問題解決）,MWU（完全並べ替え）,5,9,"1［0.5, 1.5］","1.5［1, 1.5］",0.5、0.5、1、1.5、1.5,1、1、1、1、1.5、1.5、1.5、1.5、1.5,15.0,0.3006993006993007,-0.333,0.333,95,14,0.005,,1.0,1.0,初回 CDR［記憶＋見当識＋判断力・問題解決］、初回 CDR［記憶＋見当識＋判断力・問題解決＋身の回りの世話］
M2_下位項目の差,初回 CDR［判断力・問題解決−地域社会の活動］,MWU（完全並べ替え）,5,9,"0［0, 0.5］","0.5［0, 0.5］",0、0、0、0、0.5,0、0、0、0、0.5、0.5、0.5、0.5、0.5,14.5,0.3006993006993007,-0.356,0.322,83,14,0.003,,1.0,1.0,
M_CDR部分集合(k=2),初回 CDR［見当識＋判断力・問題解決］,MWU（完全並べ替え）,5,9,"0.5［0, 1］","1［0.5, 1］",0、0、0.5、1、1,0.5、0.5、0.5、0.5、1、1、1、1、1,15.0,0.3006993006993007,-0.333,0.333,95,14,0.005,,1.0,1.0,初回 CDR［見当識＋判断力・問題解決＋身の回りの世話］
M_MMSE部分集合(k=5),初回 MMSE［物品呼称＋遅延再生＋復唱＋3段階命令＋図形模写］,MWU（完全並べ替え）,5,9,"8［7, 8］","7［6, 9］",7、7、8、8、8,6、6、6、7、7、7、8、8、9,30.0,0.3006993006993007,0.333,0.667,95,13,0.0025,,1.0,1.0,初回 MMSE［遅延再生＋復唱＋読字理解＋3段階命令＋書字＋図形模写］
M_MMSE部分集合(k=6),初回 MMSE［物品呼称＋遅延再生＋復唱＋読字理解＋3段階命令＋図形模写］,MWU（完全並べ替え）,5,9,"9［8, 9］","8［7, 10］",8、8、9、9、9,7、7、7、8、8、8、9、9、10,30.0,0.3006993006993007,0.333,0.667,95,13,0.0025,,1.0,1.0,初回 MMSE［物品呼称＋遅延再生＋復唱＋3段階命令＋書字＋図形模写］
M_MMSE部分集合(k=7),初回 MMSE［物品呼称＋遅延再生＋復唱＋読字理解＋3段階命令＋書字＋図形模写］,MWU（完全並べ替え）,5,9,"10［9, 10］","9［8, 11］",9、9、10、10、10,8、8、8、9、9、9、10、10、11,30.0,0.3006993006993007,0.333,0.667,95,13,0.0025,,1.0,1.0,
M_MMSE部分集合(k=4),初回 MMSE［遅延再生＋復唱＋3段階命令＋図形模写］,MWU（完全並べ替え）,5,9,"6［5, 6］","5［4, 7］",5、5、6、6、6,4、4、4、5、5、5、6、6、7,30.0,0.3006993006993007,0.333,0.667,95,13,0.0025,,1.0,1.0,
M_MMSE部分集合(k=5),初回 MMSE［遅延再生＋復唱＋読字理解＋3段階命令＋図形模写］,MWU（完全並べ替え）,5,9,"7［6, 7］","6［5, 8］",6、6、7、7、7,5、5、5、6、6、6、7、7、8,30.0,0.3006993006993007,0.333,0.667,95,13,0.0025,,1.0,1.0,初回 MMSE［遅延再生＋復唱＋3段階命令＋書字＋図形模写］
N_全切点2値化,追跡時 MMSE合計 ≧24,Fisher（正確）,5,9,4/5,4/9,,,,0.3006993006993007,,,,,0.003,,1.0,1.0,
M_MMSE部分集合(k=3),追跡時 MMSE［場所見当識＋復唱＋読字理解］,MWU（完全並べ替え）,5,9,"7［6, 7］","6［6, 7］",6、7、7、7、7,6、6、6、6、6、7、7、7、7,30.5,0.3006993006993007,0.356,0.678,83,14,0.003,,1.0,1.0,追跡時 MMSE［場所見当識＋復唱＋書字］、追跡時 MMSE［場所見当識＋復唱＋図形模写］
M_MMSE部分集合(k=2),追跡時 MMSE［場所見当識＋復唱］,MWU（完全並べ替え）,5,9,"6［5, 6］","5［5, 6］",5、6、6、6、6,5、5、5、5、5、6、6、6、6,30.5,0.3006993006993007,0.356,0.678,83,14,0.003,,1.0,1.0,
M_MMSE部分集合(k=3),追跡時 MMSE［場所見当識＋物品呼称＋復唱］,MWU（完全並べ替え）,5,9,"8［7, 8］","7［7, 8］",7、8、8、8、8,7、7、7、7、7、8、8、8、8,30.5,0.3006993006993007,0.356,0.678,83,14,0.003,,1.0,1.0,追跡時 MMSE［場所見当識＋復唱＋読字理解＋書字］、追跡時 MMSE［場所見当識＋復唱＋読字理解＋図形模写］、追跡時 MMSE［場所見当識＋復唱＋書字＋図形模写］
M_MMSE部分集合(k=7),追跡時 MMSE［場所見当識＋物品呼称＋記銘＋復唱＋読字理解＋書字＋図形模写］,MWU（完全並べ替え）,5,9,"14［13, 14］","13［13, 14］",13、14、14、14、14,13、13、13、13、13、14、14、14、14,30.5,0.3006993006993007,0.356,0.678,83,14,0.003,,1.0,1.0,
M_MMSE部分集合(k=6),追跡時 MMSE［場所見当識＋物品呼称＋記銘＋復唱＋読字理解＋書字］,MWU（完全並べ替え）,5,9,"13［12, 13］","12［12, 13］",12、13、13、13、13,12、12、12、12、12、13、13、13、13,30.5,0.3006993006993007,0.356,0.678,83,14,0.003,,1.0,1.0,追跡時 MMSE［場所見当識＋物品呼称＋記銘＋復唱＋読字理解＋図形模写］、追跡時 MMSE［場所見当識＋物品呼称＋記銘＋復唱＋書字＋図形模写］
M_MMSE部分集合(k=5),追跡時 MMSE［場所見当識＋物品呼称＋記銘＋復唱＋読字理解］,MWU（完全並べ替え）,5,9,"12［11, 12］","11［11, 12］",11、12、12、12、12,11、11、11、11、11、12、12、12、12,30.5,0.3006993006993007,0.356,0.678,83,14,0.003,,1.0,1.0,追跡時 MMSE［場所見当識＋物品呼称＋記銘＋復唱＋書字］、追跡時 MMSE［場所見当識＋物品呼称＋記銘＋復唱＋図形模写］、追跡時 MMSE［場所見当識＋記銘＋復唱＋読字理解＋書字＋図形模写］
M_MMSE部分集合(k=4),追跡時 MMSE［場所見当識＋物品呼称＋記銘＋復唱］,MWU（完全並べ替え）,5,9,"11［10, 11］","10［10, 11］",10、11、11、11、11,10、10、10、10、10、11、11、11、11,30.5,0.3006993006993007,0.356,0.678,83,14,0.003,,1.0,1.0,追跡時 MMSE［場所見当識＋記銘＋復唱＋読字理解＋書字］、追跡時 MMSE［場所見当識＋記銘＋復唱＋読字理解＋図形模写］、追跡時 MMSE［場所見当識＋記銘＋復唱＋書字＋図形模写］、追跡時 MMSE［場所見当識＋物品呼称＋復唱＋読字理解＋書字＋図形模写］
M_MMSE部分集合(k=4),追跡時 MMSE［場所見当識＋記銘＋復唱＋読字理解］,MWU（完全並べ替え）,5,9,"10［9, 10］","9［9, 10］",9、10、10、10、10,9、9、9、9、9、10、10、10、10,30.5,0.3006993006993007,0.356,0.678,83,14,0.003,,1.0,1.0,追跡時 MMSE［場所見当識＋記銘＋復唱＋書字］ ほか4件
M_MMSE部分集合(k=3),追跡時 MMSE［場所見当識＋記銘＋復唱］,MWU（完全並べ替え）,5,9,"9［8, 9］","8［8, 9］",8、9、9、9、9,8、8、8、8、8、9、9、9、9,30.5,0.3006993006993007,0.356,0.678,83,14,0.003,,1.0,1.0,追跡時 MMSE［場所見当識＋物品呼称＋復唱＋読字理解］、追跡時 MMSE［場所見当識＋物品呼称＋復唱＋書字］、追跡時 MMSE［場所見当識＋物品呼称＋復唱＋図形模写］、追跡時 MMSE［場所見当識＋復唱＋読字理解＋書字＋図形模写］
M_MMSE部分集合(k=4),初回 MMSE［時間見当識＋復唱＋3段階命令＋図形模写］,MWU（完全並べ替え）,5,9,"10［8, 10］","9［6, 10］",8、8、10、10、10,6、7、8、8、9、9、9、9、10,31.5,0.30569430569430567,0.4,0.7,66,12,0.004,,1.0,1.0,
M_MMSE部分集合(k=3),初回 MMSE［時間見当識＋復唱＋3段階命令］,MWU（完全並べ替え）,5,9,"9［7, 9］","8［6, 9］",7、7、9、9、9,6、6、7、7、8、8、8、8、9,31.5,0.30569430569430567,0.4,0.7,66,14,0.004,,1.0,1.0,
M_MMSE部分集合(k=5),初回 MMSE［時間見当識＋復唱＋読字理解＋3段階命令＋図形模写］,MWU（完全並べ替え）,5,9,"11［9, 11］","10［7, 11］",9、9、11、11、11,7、8、9、9、10、10、10、10、11,31.5,0.30569430569430567,0.4,0.7,66,12,0.004,,1.0,1.0,初回 MMSE［時間見当識＋復唱＋3段階命令＋書字＋図形模写］
M_MMSE部分集合(k=4),初回 MMSE［時間見当識＋復唱＋読字理解＋3段階命令］,MWU（完全並べ替え）,5,9,"10［8, 10］","9［7, 10］",8、8、10、10、10,7、7、8、8、9、9、9、9、10,31.5,0.30569430569430567,0.4,0.7,66,14,0.004,,1.0,1.0,初回 MMSE［時間見当識＋復唱＋3段階命令＋書字］
M_MMSE部分集合(k=5),初回 MMSE［時間見当識＋物品呼称＋復唱＋3段階命令＋図形模写］,MWU（完全並べ替え）,5,9,"12［10, 12］","11［8, 12］",10、10、12、12、12,8、9、10、10、11、11、11、11、12,31.5,0.30569430569430567,0.4,0.7,66,12,0.004,,1.0,1.0,初回 MMSE［時間見当識＋復唱＋読字理解＋3段階命令＋書字＋図形模写］
M_MMSE部分集合(k=4),初回 MMSE［時間見当識＋物品呼称＋復唱＋3段階命令］,MWU（完全並べ替え）,5,9,"11［9, 11］","10［8, 11］",9、9、11、11、11,8、8、9、9、10、10、10、10、11,31.5,0.30569430569430567,0.4,0.7,66,14,0.004,,1.0,1.0,初回 MMSE［時間見当識＋復唱＋読字理解＋3段階命令＋書字］
M_MMSE部分集合(k=6),初回 MMSE［時間見当識＋物品呼称＋復唱＋読字理解＋3段階命令＋図形模写］,MWU（完全並べ替え）,5,9,"13［11, 13］","12［9, 13］",11、11、13、13、13,9、10、11、11、12、12、12、12、13,31.5,0.30569430569430567,0.4,0.7,66,12,0.004,,1.0,1.0,初回 MMSE［時間見当識＋物品呼称＋復唱＋3段階命令＋書字＋図形模写］
M_MMSE部分集合(k=7),初回 MMSE［時間見当識＋物品呼称＋復唱＋読字理解＋3段階命令＋書字＋図形模写］,MWU（完全並べ替え）,5,9,"14［12, 14］","13［10, 14］",12、12、14、14、14,10、11、12、12、13、13、13、13、14,31.5,0.30569430569430567,0.4,0.7,66,12,0.004,,1.0,1.0,
M_MMSE部分集合(k=6),初回 MMSE［時間見当識＋物品呼称＋復唱＋読字理解＋3段階命令＋書字］,MWU（完全並べ替え）,5,9,"13［11, 13］","12［10, 13］",11、11、13、13、13,10、10、11、11、12、12、12、12、13,31.5,0.30569430569430567,0.4,0.7,66,14,0.004,,1.0,1.0,
M_MMSE部分集合(k=5),初回 MMSE［時間見当識＋物品呼称＋復唱＋読字理解＋3段階命令］,MWU（完全並べ替え）,5,9,"12［10, 12］","11［9, 12］",10、10、12、12、12,9、9、10、10、11、11、11、11、12,31.5,0.30569430569430567,0.4,0.7,66,14,0.004,,1.0,1.0,初回 MMSE［時間見当識＋物品呼称＋復唱＋3段階命令＋書字］
M_CDR部分集合(k=3),追跡時 CDR［記憶＋判断力・問題解決＋身の回りの世話］,MWU（完全並べ替え）,5,9,"1［0.5, 1.5］","1［1, 2.5］",0.5、0.5、1、1.5、1.5,1、1、1、1、1、1.5、1.5、2、2.5,14.5,0.3076923076923077,-0.356,0.322,83,12,0.002,,1.0,1.0,
E_合成指標,Δ MMSE 注意・構成計（注意計算＋図形模写）,MWU（完全並べ替え）,5,9,"0［0, 3］","0［-3, 1］",0、0、0、1、3,-3、-1、0、0、0、0、0、1、1,30.5,0.3086913086913087,0.356,0.678,83,11,0.004,,1.0,1.0,Δ MMSE［注意計算＋図形模写］ ほか15件
C_変化量,Δ MMSE 注意計算,MWU（完全並べ替え）,5,9,"0［0, 3］","0［-3, 1］",0、0、0、1、3,-3、-2、0、0、0、0、0、1、1,30.5,0.3086913086913087,0.356,0.678,83,11,0.004,,1.0,1.0,Δ MMSE［注意計算］ ほか18件
M2_下位項目の差,Δ MMSE［注意計算−図形模写］,MWU（完全並べ替え）,5,9,"0［0, 3］","0［-3, 1］",0、0、0、1、3,-3、-3、0、0、0、0、0、1、1,30.5,0.3086913086913087,0.356,0.678,83,13,0.004,,1.0,1.0,
M2_下位項目の差,Δ MMSE［物品呼称−注意計算］,MWU（完全並べ替え）,5,9,"0［-3, 0］","0［-1, 3］",-3、-1、0、0、0,-1、-1、0、0、0、0、0、2、3,14.5,0.3086913086913087,-0.356,0.322,83,11,0.004,,1.0,1.0,
M_MMSE部分集合(k=6),初回 MMSE［時間見当識＋物品呼称＋記銘＋復唱＋3段階命令＋図形模写］,MWU（完全並べ替え）,5,9,"14［13, 15］","13［11, 15］",13、13、14、15、15,11、12、13、13、13、14、14、14、15,30.5,0.3101898101898102,0.356,0.678,83,12,0.003,,1.0,1.0,初回 MMSE［時間見当識＋記銘＋復唱＋読字理解＋3段階命令＋書字＋図形模写］
M_MMSE部分集合(k=7),初回 MMSE［時間見当識＋物品呼称＋記銘＋復唱＋読字理解＋3段階命令＋図形模写］,MWU（完全並べ替え）,5,9,"15［14, 16］","14［12, 16］",14、14、15、16、16,12、13、14、14、14、15、15、15、16,30.5,0.3101898101898102,0.356,0.678,83,12,0.003,,1.0,1.0,初回 MMSE［時間見当識＋物品呼称＋記銘＋復唱＋3段階命令＋書字＋図形模写］
M_MMSE部分集合(k=8),初回 MMSE［時間見当識＋物品呼称＋記銘＋復唱＋読字理解＋3段階命令＋書字＋図形模写］,MWU（完全並べ替え）,5,9,"16［15, 17］","15［13, 17］",15、15、16、17、17,13、14、15、15、15、16、16、16、17,30.5,0.3101898101898102,0.356,0.678,83,12,0.003,,1.0,1.0,
M_MMSE部分集合(k=5),初回 MMSE［時間見当識＋記銘＋復唱＋3段階命令＋図形模写］,MWU（完全並べ替え）,5,9,"12［11, 13］","11［9, 13］",11、11、12、13、13,9、10、11、11、11、12、12、12、13,30.5,0.3101898101898102,0.356,0.678,83,12,0.003,,1.0,1.0,
M_MMSE部分集合(k=6),初回 MMSE［時間見当識＋記銘＋復唱＋読字理解＋3段階命令＋図形模写］,MWU（完全並べ替え）,5,9,"13［12, 14］","12［10, 14］",12、12、13、14、14,10、11、12、12、12、13、13、13、14,30.5,0.3101898101898102,0.356,0.678,83,12,0.003,,1.0,1.0,初回 MMSE［時間見当識＋記銘＋復唱＋3段階命令＋書字＋図形模写］
M_MMSE部分集合(k=5),Δ MMSE［場所見当識＋注意計算＋遅延再生＋復唱＋図形模写］,MWU（完全並べ替え）,5,9,"0［-1, 3］","0［-3, 1］",-1、0、0、3、3,-3、-1、-1、-1、0、0、1、1、1,30.5,0.31368631368631367,0.356,0.678,83,13,0.001,,1.0,1.0,Δ MMSE［場所見当識＋物品呼称＋注意計算＋遅延再生＋復唱＋図形模写］ ほか14件
M_MMSE部分集合(k=6),初回 MMSE［場所見当識＋物品呼称＋記銘＋注意計算＋読字理解＋書字］,MWU（完全並べ替え）,5,9,"14［13, 17］","16［14, 17］",13、14、14、16、17,14、14、15、15、16、16、17、17、17,14.5,0.3166833166833167,-0.356,0.322,83,13,0.0005,,1.0,1.0,
M_MMSE部分集合(k=5),初回 MMSE［場所見当識＋物品呼称＋記銘＋注意計算＋読字理解］,MWU（完全並べ替え）,5,9,"13［12, 16］","15［13, 16］",12、13、13、15、16,13、13、14、14、15、15、16、16、16,14.5,0.3166833166833167,-0.356,0.322,83,13,0.0005,,1.0,1.0,初回 MMSE［場所見当識＋物品呼称＋記銘＋注意計算＋書字］
M_MMSE部分集合(k=4),初回 MMSE［場所見当識＋物品呼称＋記銘＋注意計算］,MWU（完全並べ替え）,5,9,"12［11, 15］","14［12, 15］",11、12、12、14、15,12、12、13、13、14、14、15、15、15,14.5,0.3166833166833167,-0.356,0.322,83,13,0.0005,,1.0,1.0,初回 MMSE［場所見当識＋記銘＋注意計算＋読字理解＋書字］
M_MMSE部分集合(k=4),初回 MMSE［場所見当識＋記銘＋注意計算＋読字理解］,MWU（完全並べ替え）,5,9,"11［10, 14］","13［11, 14］",10、11、11、13、14,11、11、12、12、13、13、14、14、14,14.5,0.3166833166833167,-0.356,0.322,83,13,0.0005,,1.0,1.0,初回 MMSE［場所見当識＋記銘＋注意計算＋書字］
M_MMSE部分集合(k=3),初回 MMSE［場所見当識＋記銘＋注意計算］,MWU（完全並べ替え）,5,9,"10［9, 13］","12［10, 13］",9、10、10、12、13,10、10、11、11、12、12、13、13、13,14.5,0.3166833166833167,-0.356,0.322,83,13,0.0005,,1.0,1.0,
M_MMSE部分集合(k=5),初回 MMSE［時間見当識＋物品呼称＋記銘＋復唱＋3段階命令］,MWU（完全並べ替え）,5,9,"13［12, 14］","12［11, 14］",12、12、13、14、14,11、11、12、12、12、13、13、13、14,30.5,0.3276723276723277,0.356,0.678,83,14,0.003,,1.0,1.0,初回 MMSE［時間見当識＋記銘＋復唱＋読字理解＋3段階命令＋書字］
M_MMSE部分集合(k=7),初回 MMSE［時間見当識＋物品呼称＋記銘＋復唱＋読字理解＋3段階命令＋書字］,MWU（完全並べ替え）,5,9,"15［14, 16］","14［13, 16］",14、14、15、16、16,13、13、14、14、14、15、15、15、16,30.5,0.3276723276723277,0.356,0.678,83,14,0.003,,1.0,1.0,
M_MMSE部分集合(k=6),初回 MMSE［時間見当識＋物品呼称＋記銘＋復唱＋読字理解＋3段階命令］,MWU（完全並べ替え）,5,9,"14［13, 15］","13［12, 15］",13、13、14、15、15,12、12、13、13、13、14、14、14、15,30.5,0.3276723276723277,0.356,0.678,83,14,0.003,,1.0,1.0,初回 MMSE［時間見当識＋物品呼称＋記銘＋復唱＋3段階命令＋書字］
M_MMSE部分集合(k=4),初回 MMSE［時間見当識＋記銘＋復唱＋3段階命令］,MWU（完全並べ替え）,5,9,"11［10, 12］","10［9, 12］",10、10、11、12、12,9、9、10、10、10、11、11、11、12,30.5,0.3276723276723277,0.356,0.678,83,14,0.003,,1.0,1.0,
M_MMSE部分集合(k=5),初回 MMSE［時間見当識＋記銘＋復唱＋読字理解＋3段階命令］,MWU（完全並べ替え）,5,9,"12［11, 13］","11［10, 13］",11、11、12、13、13,10、10、11、11、11、12、12、12、13,30.5,0.3276723276723277,0.356,0.678,83,14,0.003,,1.0,1.0,初回 MMSE［時間見当識＋記銘＋復唱＋3段階命令＋書字］
M_CDR部分集合(k=4),追跡時 CDR［見当識＋判断力・問題解決＋地域社会の活動＋身の回りの世話］,MWU（完全並べ替え）,5,9,"1［0, 2.5］","1.5［0.5, 3.5］",0、0.5、1、1.5、2.5,0.5、1、1、1.5、1.5、1.5、1.5、2.5、3.5,15.0,0.32817182817182816,-0.333,0.333,95,12,0.0015,,1.0,1.0,
M_CDR部分集合(k=4),追跡時 CDR［記憶＋判断力・問題解決＋地域社会の活動＋身の回りの世話］,MWU（完全並べ替え）,5,9,"1.5［0.5, 2.5］","1.5［1, 3.5］",0.5、0.5、1.5、1.5、2.5,1、1、1、1.5、1.5、2、2、3、3.5,15.0,0.32967032967032966,-0.333,0.333,95,11,0.001,,1.0,1.0,
M_MMSE部分集合(k=4),Δ MMSE［時間見当識＋場所見当識＋注意計算＋復唱］,MWU（完全並べ替え）,5,9,"0［-1, 3］","-1［-4, 4］",-1、0、0、0、3,-4、-2、-1、-1、-1、-1、1、1、4,30.0,0.33016983016983015,0.333,0.667,95,10,0.0015,,1.0,1.0,Δ MMSE［時間見当識＋場所見当識＋物品呼称＋注意計算＋復唱］ ほか14件
M_MMSE部分集合(k=3),Δ MMSE［記銘＋注意計算＋遅延再生］,MWU（完全並べ替え）,5,9,"1［-1, 3］","0［-3, 1］",-1、-1、1、1、3,-3、-2、-1、0、0、0、0、1、1,30.0,0.33166833166833165,0.333,0.667,95,11,0.001,,1.0,1.0,Δ MMSE［物品呼称＋記銘＋注意計算＋遅延再生］ ほか14件
M_MMSE部分集合(k=3),初回 MMSE［時間見当識＋復唱＋図形模写］,MWU（完全並べ替え）,5,9,"7［5, 7］","6［3, 7］",5、5、7、7、7,3、4、5、5、6、6、6、7、7,30.0,0.33316683316683315,0.333,0.667,95,12,0.0005,,1.0,1.0,
M_MMSE部分集合(k=4),初回 MMSE［時間見当識＋復唱＋読字理解＋図形模写］,MWU（完全並べ替え）,5,9,"8［6, 8］","7［4, 8］",6、6、8、8、8,4、5、6、6、7、7、7、8、8,30.0,0.33316683316683315,0.333,0.667,95,12,0.0005,,1.0,1.0,初回 MMSE［時間見当識＋復唱＋書字＋図形模写］
M_MMSE部分集合(k=4),初回 MMSE［時間見当識＋物品呼称＋復唱＋図形模写］,MWU（完全並べ替え）,5,9,"9［7, 9］","8［5, 9］",7、7、9、9、9,5、6、7、7、8、8、8、9、9,30.0,0.33316683316683315,0.333,0.667,95,12,0.0005,,1.0,1.0,初回 MMSE［時間見当識＋復唱＋読字理解＋書字＋図形模写］
M_MMSE部分集合(k=5),初回 MMSE［時間見当識＋物品呼称＋復唱＋読字理解＋図形模写］,MWU（完全並べ替え）,5,9,"10［8, 10］","9［6, 10］",8、8、10、10、10,6、7、8、8、9、9、9、10、10,30.0,0.33316683316683315,0.333,0.667,95,12,0.0005,,1.0,1.0,初回 MMSE［時間見当識＋物品呼称＋復唱＋書字＋図形模写］
M_MMSE部分集合(k=6),初回 MMSE［時間見当識＋物品呼称＋復唱＋読字理解＋書字＋図形模写］,MWU（完全並べ替え）,5,9,"11［9, 11］","10［7, 11］",9、9、11、11、11,7、8、9、9、10、10、10、11、11,30.0,0.33316683316683315,0.333,0.667,95,12,0.0005,,1.0,1.0,
M_MMSE部分集合(k=7),初回 MMSE［時間見当識＋物品呼称＋記銘＋遅延再生＋復唱＋3段階命令＋図形模写］,MWU（完全並べ替え）,5,9,"14［13, 16］","13［11, 17］",13、14、14、16、16,11、13、13、13、13、14、15、15、17,30.0,0.33316683316683315,0.333,0.667,95,12,0.0005,,1.0,1.0,初回 MMSE［時間見当識＋記銘＋遅延再生＋復唱＋読字理解＋3段階命令＋書字＋図形模写］
M_MMSE部分集合(k=6),初回 MMSE［時間見当識＋物品呼称＋記銘＋遅延再生＋復唱＋3段階命令］,MWU（完全並べ替え）,5,9,"13［12, 15］","12［11, 16］",12、13、13、15、15,11、12、12、12、12、13、14、14、16,30.0,0.33316683316683315,0.333,0.667,95,12,0.0005,,1.0,1.0,初回 MMSE［時間見当識＋記銘＋遅延再生＋復唱＋読字理解＋3段階命令＋書字］
M_MMSE部分集合(k=8),初回 MMSE［時間見当識＋物品呼称＋記銘＋遅延再生＋復唱＋読字理解＋3段階命令＋図形模写］,MWU（完全並べ替え）,5,9,"15［14, 17］","14［12, 18］",14、15、15、17、17,12、14、14、14、14、15、16、16、18,30.0,0.33316683316683315,0.333,0.667,95,12,0.0005,,1.0,1.0,初回 MMSE［時間見当識＋物品呼称＋記銘＋遅延再生＋復唱＋3段階命令＋書字＋図形模写］
M_MMSE部分集合(k=9),初回 MMSE［時間見当識＋物品呼称＋記銘＋遅延再生＋復唱＋読字理解＋3段階命令＋書字＋図形模写］,MWU（完全並べ替え）,5,9,"16［15, 18］","15［13, 19］",15、16、16、18、18,13、15、15、15、15、16、17、17、19,30.0,0.33316683316683315,0.333,0.667,95,12,0.0005,,1.0,1.0,
M_MMSE部分集合(k=8),初回 MMSE［時間見当識＋物品呼称＋記銘＋遅延再生＋復唱＋読字理解＋3段階命令＋書字］,MWU（完全並べ替え）,5,9,"15［14, 17］","14［13, 18］",14、15、15、17、17,13、14、14、14、14、15、16、16、18,30.0,0.33316683316683315,0.333,0.667,95,12,0.0005,,1.0,1.0,
M_MMSE部分集合(k=7),初回 MMSE［時間見当識＋物品呼称＋記銘＋遅延再生＋復唱＋読字理解＋3段階命令］,MWU（完全並べ替え）,5,9,"14［13, 16］","13［12, 17］",13、14、14、16、16,12、13、13、13、13、14、15、15、17,30.0,0.33316683316683315,0.333,0.667,95,12,0.0005,,1.0,1.0,初回 MMSE［時間見当識＋物品呼称＋記銘＋遅延再生＋復唱＋3段階命令＋書字］
M_MMSE部分集合(k=6),初回 MMSE［時間見当識＋記銘＋遅延再生＋復唱＋3段階命令＋図形模写］,MWU（完全並べ替え）,5,9,"12［11, 14］","11［9, 15］",11、12、12、14、14,9、11、11、11、11、12、13、13、15,30.0,0.33316683316683315,0.333,0.667,95,12,0.0005,,1.0,1.0,
M_MMSE部分集合(k=5),初回 MMSE［時間見当識＋記銘＋遅延再生＋復唱＋3段階命令］,MWU（完全並べ替え）,5,9,"11［10, 13］","10［9, 14］",10、11、11、13、13,9、10、10、10、10、11、12、12、14,30.0,0.33316683316683315,0.333,0.667,95,12,0.0005,,1.0,1.0,
M_MMSE部分集合(k=7),初回 MMSE［時間見当識＋記銘＋遅延再生＋復唱＋読字理解＋3段階命令＋図形模写］,MWU（完全並べ替え）,5,9,"13［12, 15］","12［10, 16］",12、13、13、15、15,10、12、12、12、12、13、14、14、16,30.0,0.33316683316683315,0.333,0.667,95,12,0.0005,,1.0,1.0,初回 MMSE［時間見当識＋記銘＋遅延再生＋復唱＋3段階命令＋書字＋図形模写］
M_MMSE部分集合(k=6),初回 MMSE［時間見当識＋記銘＋遅延再生＋復唱＋読字理解＋3段階命令］,MWU（完全並べ替え）,5,9,"12［11, 14］","11［10, 15］",11、12、12、14、14,10、11、11、11、11、12、13、13、15,30.0,0.33316683316683315,0.333,0.667,95,12,0.0005,,1.0,1.0,初回 MMSE［時間見当識＋記銘＋遅延再生＋復唱＋3段階命令＋書字］
L_固定時点(12か月),12か月 MMSE 図形模写,MWU（完全並べ替え）,3,6,"1［0, 1］","1［1, 1］",0、1、1,1、1、1、1、1、1,6.0,0.3333333333333333,-0.333,0.333,95,8,0.11111,,1.0,1.0,
L_固定時点(12か月),12か月 ΔMMSE 記銘,MWU（完全並べ替え）,3,6,"0［0, 1］","0［0, 0］",0、0、1,0、0、0、0、0、0,12.0,0.3333333333333333,0.333,0.667,95,8,0.11111,,1.0,1.0,
M2_下位項目の差,Δ MMSE［時間見当識−記銘］,MWU（完全並べ替え）,5,9,"-1［-3, 0］","-1［-2, 2］",-3、-1、-1、-1、0,-2、-1、-1、-1、-1、0、0、1、2,15.0,0.3341658341658342,-0.333,0.333,95,10,0.0005,,1.0,1.0,
M2_下位項目の差,初回 MMSE［時間見当識−場所見当識］,MWU（完全並べ替え）,5,9,"0［-1, 1］","-1［-3, 1］",-1、0、0、0、1,-3、-2、-2、-1、-1、0、0、1、1,30.0,0.3386613386613387,0.333,0.667,95,13,0.0015,,1.0,1.0,
M_MMSE部分集合(k=4),Δ MMSE［記銘＋注意計算＋復唱＋図形模写］,MWU（完全並べ替え）,5,9,"1［0, 3］","0［-3, 1］",0、0、1、1、3,-3、-1、0、0、0、1、1、1、1,30.0,0.34065934065934067,0.333,0.667,95,11,0.005,,1.0,1.0,Δ MMSE［物品呼称＋記銘＋注意計算＋復唱＋図形模写］ ほか14件
M_MMSE部分集合(k=3),Δ MMSE［記銘＋注意計算＋復唱］,MWU（完全並べ替え）,5,9,"1［0, 3］","0［-3, 1］",0、0、1、1、3,-3、-2、0、0、0、1、1、1、1,30.0,0.34065934065934067,0.333,0.667,95,11,0.005,,1.0,1.0,Δ MMSE［物品呼称＋記銘＋注意計算＋復唱］ ほか14件
M_CDR部分集合(k=2),追跡時 CDR［記憶＋判断力・問題解決］,MWU（完全並べ替え）,5,9,"1［0.5, 1.5］","1［1, 2］",0.5、0.5、1、1.5、1.5,1、1、1、1、1、1.5、1.5、1.5、2,15.5,0.34065934065934067,-0.311,0.344,109,13,0.0025,,1.0,1.0,
M_MMSE部分集合(k=4),Δ MMSE［時間見当識＋記銘＋復唱＋図形模写］,MWU（完全並べ替え）,5,9,"-1［-3, 1］","0［-1, 2］",-3、-1、-1、0、1,-1、-1、-1、-1、0、0、1、2、2,15.5,0.35514485514485516,-0.311,0.344,109,13,0.0015,,1.0,1.0,Δ MMSE［時間見当識＋物品呼称＋記銘＋復唱＋図形模写］ ほか14件
L_固定時点(6か月),6か月 Global CDR,MWU（完全並べ替え）,5,9,"0.5［0.5, 1］","0.5［0.5, 0.5］",0.5、0.5、0.5、0.5、1,0.5、0.5、0.5、0.5、0.5、0.5、0.5、0.5、0.5,27.0,0.35714285714285715,0.2,0.6,262,13,0.35714,,1.0,1.0,
L_固定時点(6か月),6か月 MMSE 図形模写,MWU（完全並べ替え）,5,9,"1［0, 1］","1［1, 1］",0、1、1、1、1,1、1、1、1、1、1、1、1、1,18.0,0.35714285714285715,-0.2,0.4,262,13,0.35714,,1.0,1.0,
L_固定時点(6か月),6か月 ΔGlobal CDR,MWU（完全並べ替え）,5,9,"0［0, 0.5］","0［0, 0］",0、0、0、0、0.5,0、0、0、0、0、0、0、0、0,27.0,0.35714285714285715,0.2,0.6,262,13,0.35714,,1.0,1.0,
N_全切点2値化,Δ MMSE 場所見当識 ≧2,Fisher（正確）,5,9,1/5,0/9,,,,0.35714285714285715,,,,,0.35714,,1.0,1.0,Δ CDR-SB ≧2.5、Δ CDR 家庭・趣味 ≧1、追跡時 CDR 見当識 ≧1、追跡時 CDR 家庭・趣味 ≧1
N_全切点2値化,Δ MMSE 注意計算 ≧3,Fisher（正確）,5,9,1/5,0/9,,,,0.35714285714285715,,,,,0.35714,,1.0,1.0,
N_全切点2値化,初回 MMSE 場所見当識 ≧4,Fisher（正確）,5,9,4/5,9/9,,,,0.35714285714285715,,,,,0.35714,,1.0,1.0,Δ MMSE 時間見当識 ≧-1、追跡時 MMSE 時間見当識 ≧2
N_全切点2値化,初回 MMSE 注意計算 ≧3,Fisher（正確）,5,9,4/5,9/9,,,,0.35714285714285715,,,,,0.35714,,1.0,1.0,初回 CDR-SB ≧1、追跡時 CDR-SB ≧1.5
M2_下位項目の差,Δ MMSE［記銘−注意計算］,MWU（完全並べ替え）,5,9,"0［-3, 1］","0［-1, 3］",-3、-1、0、0、1,-1、-1、0、0、0、0、1、2、3,15.5,0.35764235764235763,-0.311,0.344,109,11,0.00599,,1.0,1.0,
D_年換算変化量,Δ MMSE 遅延再生／年,MWU（完全並べ替え）,3,8,"-1.6438［-1.7647, 0］","0［-1.7647, 0］",-1.7647、-1.6438、0,-1.7647、-1.0084、0、0、0、0、0、0,6.5,0.36363636363636365,-0.458,0.271,50,9,0.00303,,1.0,1.0,
O_月あたり変化量,Δ MMSE 遅延再生／月,MWU（完全並べ替え）,3,8,"-0.13699［-0.14706, 0］","0［-0.14706, 0］",-0.14706、-0.13699、0,-0.14706、-0.08403、0、0、0、0、0、0,6.5,0.36363636363636365,-0.458,0.271,50,9,0.00303,,1.0,1.0,
M_CDR部分集合(k=3),追跡時 CDR［記憶＋判断力・問題解決＋地域社会の活動］,MWU（完全並べ替え）,5,9,"1.5［0.5, 2.5］","1.5［1, 3］",0.5、0.5、1.5、1.5、2.5,1、1、1、1.5、1.5、2、2、2.5、3,15.5,0.3646353646353646,-0.311,0.344,109,13,0.001,,1.0,1.0,
M_CDR部分集合(k=2),Δ CDR［見当識＋家庭・趣味］,MWU（完全並べ替え）,5,9,"0.5［0, 1.5］","0.5［0, 1］",0、0.5、0.5、0.5、1.5,0、0、0、0、0.5、0.5、0.5、0.5、1,29.0,0.36563436563436563,0.289,0.644,126,12,0.0005,,1.0,1.0,
M_MMSE部分集合(k=4),Δ MMSE［時間見当識＋場所見当識＋注意計算＋図形模写］,MWU（完全並べ替え）,5,9,"0［-1, 3］","-1［-4, 4］",-1、0、0、0、3,-4、-2、-1、-1、-1、0、0、1、4,29.5,0.36663336663336665,0.311,0.656,109,9,0.002,,1.0,1.0,Δ MMSE［時間見当識＋場所見当識＋物品呼称＋注意計算＋図形模写］ ほか14件
M_MMSE部分集合(k=5),初回 MMSE［場所見当識＋物品呼称＋記銘＋注意計算＋3段階命令］,MWU（完全並べ替え）,5,9,"15［14, 18］","16［15, 18］",14、15、15、17、18,15、15、16、16、16、17、18、18、18,15.0,0.37162837162837165,-0.333,0.333,95,13,0.0005,,1.0,1.0,初回 MMSE［場所見当識＋記銘＋注意計算＋読字理解＋3段階命令＋書字］
M_MMSE部分集合(k=7),初回 MMSE［場所見当識＋物品呼称＋記銘＋注意計算＋読字理解＋3段階命令＋書字］,MWU（完全並べ替え）,5,9,"17［16, 20］","18［17, 20］",16、17、17、19、20,17、17、18、18、18、19、20、20、20,15.0,0.37162837162837165,-0.333,0.333,95,13,0.0005,,1.0,1.0,
M_MMSE部分集合(k=6),初回 MMSE［場所見当識＋物品呼称＋記銘＋注意計算＋読字理解＋3段階命令］,MWU（完全並べ替え）,5,9,"16［15, 19］","17［16, 19］",15、16、16、18、19,16、16、17、17、17、18、19、19、19,15.0,0.37162837162837165,-0.333,0.333,95,13,0.0005,,1.0,1.0,初回 MMSE［場所見当識＋物品呼称＋記銘＋注意計算＋3段階命令＋書字］
M_MMSE部分集合(k=4),初回 MMSE［場所見当識＋記銘＋注意計算＋3段階命令］,MWU（完全並べ替え）,5,9,"13［12, 16］","14［13, 16］",12、13、13、15、16,13、13、14、14、14、15、16、16、16,15.0,0.37162837162837165,-0.333,0.333,95,13,0.0005,,1.0,1.0,
M_MMSE部分集合(k=5),初回 MMSE［場所見当識＋記銘＋注意計算＋読字理解＋3段階命令］,MWU（完全並べ替え）,5,9,"14［13, 17］","15［14, 17］",13、14、14、16、17,14、14、15、15、15、16、17、17、17,15.0,0.37162837162837165,-0.333,0.333,95,13,0.0005,,1.0,1.0,初回 MMSE［場所見当識＋記銘＋注意計算＋3段階命令＋書字］
M_MMSE部分集合(k=6),初回 MMSE［場所見当識＋物品呼称＋記銘＋注意計算＋遅延再生＋3段階命令］,MWU（完全並べ替え）,5,9,"15［15, 19］","17［15, 20］",15、15、15、18、19,15、16、16、16、17、18、18、18、20,16.0,0.3776223776223776,-0.289,0.356,126,11,0.0015,,1.0,1.0,初回 MMSE［場所見当識＋記銘＋注意計算＋遅延再生＋読字理解＋3段階命令＋書字］
M_MMSE部分集合(k=8),初回 MMSE［場所見当識＋物品呼称＋記銘＋注意計算＋遅延再生＋読字理解＋3段階命令＋書字］,MWU（完全並べ替え）,5,9,"17［17, 21］","19［17, 22］",17、17、17、20、21,17、18、18、18、19、20、20、20、22,16.0,0.3776223776223776,-0.289,0.356,126,11,0.0015,,1.0,1.0,
M_MMSE部分集合(k=7),初回 MMSE［場所見当識＋物品呼称＋記銘＋注意計算＋遅延再生＋読字理解＋3段階命令］,MWU（完全並べ替え）,5,9,"16［16, 20］","18［16, 21］",16、16、16、19、20,16、17、17、17、18、19、19、19、21,16.0,0.3776223776223776,-0.289,0.356,126,11,0.0015,,1.0,1.0,初回 MMSE［場所見当識＋物品呼称＋記銘＋注意計算＋遅延再生＋3段階命令＋書字］
M_MMSE部分集合(k=5),初回 MMSE［場所見当識＋記銘＋注意計算＋遅延再生＋3段階命令］,MWU（完全並べ替え）,5,9,"13［13, 17］","15［13, 18］",13、13、13、16、17,13、14、14、14、15、16、16、16、18,16.0,0.3776223776223776,-0.289,0.356,126,11,0.0015,,1.0,1.0,
M_MMSE部分集合(k=6),初回 MMSE［場所見当識＋記銘＋注意計算＋遅延再生＋読字理解＋3段階命令］,MWU（完全並べ替え）,5,9,"14［14, 18］","16［14, 19］",14、14、14、17、18,14、15、15、15、16、17、17、17、19,16.0,0.3776223776223776,-0.289,0.356,126,11,0.0015,,1.0,1.0,初回 MMSE［場所見当識＋記銘＋注意計算＋遅延再生＋3段階命令＋書字］
L_固定時点(12か月),12か月 ΔMMSE合計,MWU（完全並べ替え）,3,6,"0［0, 5］","-0.5［-4, 3］",0、0、5,-4、-2、-1、0、1、3,13.0,0.38095238095238093,0.444,0.722,53,3,0.02381,,1.0,1.0,
M_MMSE部分集合(k=5),Δ MMSE［時間見当識＋場所見当識＋記銘＋注意計算＋復唱］,MWU（完全並べ替え）,5,9,"0［-1, 3］","-1［-4, 4］",-1、0、0、1、3,-4、-2、-1、-1、-1、0、1、1、4,29.5,0.3836163836163836,0.311,0.656,109,10,0.0005,,1.0,1.0,Δ MMSE［時間見当識＋場所見当識＋物品呼称＋記銘＋注意計算＋復唱］ ほか14件
M_MMSE部分集合(k=5),Δ MMSE［時間見当識＋場所見当識＋記銘＋注意計算＋図形模写］,MWU（完全並べ替え）,5,9,"0［-1, 3］","0［-4, 4］",-1、0、0、1、3,-4、-2、-1、-1、0、0、0、1、4,29.5,0.3841158841158841,0.311,0.656,109,10,0.0005,,1.0,1.0,Δ MMSE［時間見当識＋場所見当識＋物品呼称＋記銘＋注意計算＋図形模写］ ほか14件
M_MMSE部分集合(k=3),Δ MMSE［時間見当識＋復唱＋図形模写］,MWU（完全並べ替え）,5,9,"-1［-3, 0］","-1［-1, 2］",-3、-1、-1、0、0,-1、-1、-1、-1、-1、0、1、2、2,16.0,0.3876123876123876,-0.289,0.356,126,12,0.0015,,1.0,1.0,Δ MMSE［時間見当識＋物品呼称＋復唱＋図形模写］ ほか14件
M_CDR部分集合(k=2),初回 CDR［判断力・問題解決＋家庭・趣味］,MWU（完全並べ替え）,5,9,"0.5［0, 1］","0.5［0.5, 1］",0、0.5、0.5、0.5、1,0.5、0.5、0.5、0.5、0.5、0.5、1、1、1,16.5,0.3886113886113886,-0.267,0.367,148,13,0.0045,,1.0,1.0,初回 CDR［判断力・問題解決＋家庭・趣味＋身の回りの世話］
M_CDR部分集合(k=3),初回 CDR［記憶＋判断力・問題解決＋家庭・趣味］,MWU（完全並べ替え）,5,9,"1［0.5, 1.5］","1［1, 1.5］",0.5、1、1、1、1.5,1、1、1、1、1、1、1.5、1.5、1.5,16.5,0.3886113886113886,-0.267,0.367,148,13,0.0045,,1.0,1.0,初回 CDR［記憶＋判断力・問題解決＋家庭・趣味＋身の回りの世話］
B_追跡時値,追跡時 CDR 家庭・趣味,MWU（完全並べ替え）,5,9,"0.5［0, 1］","0.5［0, 0.5］",0、0.5、0.5、0.5、1,0、0、0、0.5、0.5、0.5、0.5、0.5、0.5,28.5,0.3886113886113886,0.267,0.633,148,13,0.0045,,1.0,1.0,追跡時 CDR［家庭・趣味］
M_MMSE部分集合(k=5),初回 MMSE［時間見当識＋物品呼称＋遅延再生＋3段階命令＋図形模写］,MWU（完全並べ替え）,5,9,"11［9, 12］","10［7, 14］",9、10、11、12、12,7、9、9、9、10、11、11、11、14,29.5,0.3916083916083916,0.311,0.656,109,12,0.0005,,1.0,1.0,初回 MMSE［時間見当識＋遅延再生＋読字理解＋3段階命令＋書字＋図形模写］
M_MMSE部分集合(k=4),初回 MMSE［時間見当識＋物品呼称＋遅延再生＋3段階命令］,MWU（完全並べ替え）,5,9,"10［8, 11］","9［7, 13］",8、9、10、11、11,7、8、8、8、9、10、10、10、13,29.5,0.3916083916083916,0.311,0.656,109,12,0.0005,,1.0,1.0,初回 MMSE［時間見当識＋遅延再生＋読字理解＋3段階命令＋書字］
M_MMSE部分集合(k=5),初回 MMSE［時間見当識＋物品呼称＋遅延再生＋復唱＋図形模写］,MWU（完全並べ替え）,5,9,"9［7, 10］","8［5, 11］",7、8、9、10、10,5、7、7、7、8、9、9、9、11,29.5,0.3916083916083916,0.311,0.656,109,12,0.0005,,1.0,1.0,初回 MMSE［時間見当識＋遅延再生＋復唱＋読字理解＋書字＋図形模写］
M_MMSE部分集合(k=6),初回 MMSE［時間見当識＋物品呼称＋遅延再生＋復唱＋読字理解＋図形模写］,MWU（完全並べ替え）,5,9,"10［8, 11］","9［6, 12］",8、9、10、11、11,6、8、8、8、9、10、10、10、12,29.5,0.3916083916083916,0.311,0.656,109,12,0.0005,,1.0,1.0,初回 MMSE［時間見当識＋物品呼称＋遅延再生＋復唱＋書字＋図形模写］
M_MMSE部分集合(k=7),初回 MMSE［時間見当識＋物品呼称＋遅延再生＋復唱＋読字理解＋書字＋図形模写］,MWU（完全並べ替え）,5,9,"11［9, 12］","10［7, 13］",9、10、11、12、12,7、9、9、9、10、11、11、11、13,29.5,0.3916083916083916,0.311,0.656,109,12,0.0005,,1.0,1.0,
M_MMSE部分集合(k=6),初回 MMSE［時間見当識＋物品呼称＋遅延再生＋復唱＋読字理解＋書字］,MWU（完全並べ替え）,5,9,"10［8, 11］","9［7, 12］",8、9、10、11、11,7、8、8、8、9、10、10、10、12,29.5,0.3916083916083916,0.311,0.656,109,12,0.0005,,1.0,1.0,
M_MMSE部分集合(k=5),初回 MMSE［時間見当識＋物品呼称＋遅延再生＋復唱＋読字理解］,MWU（完全並べ替え）,5,9,"9［7, 10］","8［6, 11］",7、8、9、10、10,6、7、7、7、8、9、9、9、11,29.5,0.3916083916083916,0.311,0.656,109,12,0.0005,,1.0,1.0,初回 MMSE［時間見当識＋物品呼称＋遅延再生＋復唱＋書字］
M_MMSE部分集合(k=4),初回 MMSE［時間見当識＋物品呼称＋遅延再生＋復唱］,MWU（完全並べ替え）,5,9,"8［6, 9］","7［5, 10］",6、7、8、9、9,5、6、6、6、7、8、8、8、10,29.5,0.3916083916083916,0.311,0.656,109,12,0.0005,,1.0,1.0,初回 MMSE［時間見当識＋遅延再生＋復唱＋読字理解＋書字］
M_MMSE部分集合(k=6),初回 MMSE［時間見当識＋物品呼称＋遅延再生＋読字理解＋3段階命令＋図形模写］,MWU（完全並べ替え）,5,9,"12［10, 13］","11［8, 15］",10、11、12、13、13,8、10、10、10、11、12、12、12、15,29.5,0.3916083916083916,0.311,0.656,109,12,0.0005,,1.0,1.0,初回 MMSE［時間見当識＋物品呼称＋遅延再生＋3段階命令＋書字＋図形模写］
M_MMSE部分集合(k=7),初回 MMSE［時間見当識＋物品呼称＋遅延再生＋読字理解＋3段階命令＋書字＋図形模写］,MWU（完全並べ替え）,5,9,"13［11, 14］","12［9, 16］",11、12、13、14、14,9、11、11、11、12、13、13、13、16,29.5,0.3916083916083916,0.311,0.656,109,12,0.0005,,1.0,1.0,
M_MMSE部分集合(k=6),初回 MMSE［時間見当識＋物品呼称＋遅延再生＋読字理解＋3段階命令＋書字］,MWU（完全並べ替え）,5,9,"12［10, 13］","11［9, 15］",10、11、12、13、13,9、10、10、10、11、12、12、12、15,29.5,0.3916083916083916,0.311,0.656,109,12,0.0005,,1.0,1.0,
M_MMSE部分集合(k=5),初回 MMSE［時間見当識＋物品呼称＋遅延再生＋読字理解＋3段階命令］,MWU（完全並べ替え）,5,9,"11［9, 12］","10［8, 14］",9、10、11、12、12,8、9、9、9、10、11、11、11、14,29.5,0.3916083916083916,0.311,0.656,109,12,0.0005,,1.0,1.0,初回 MMSE［時間見当識＋物品呼称＋遅延再生＋3段階命令＋書字］
M_MMSE部分集合(k=4),初回 MMSE［時間見当識＋遅延再生＋3段階命令＋図形模写］,MWU（完全並べ替え）,5,9,"9［7, 10］","8［5, 12］",7、8、9、10、10,5、7、7、7、8、9、9、9、12,29.5,0.3916083916083916,0.311,0.656,109,12,0.0005,,1.0,1.0,
M_MMSE部分集合(k=3),初回 MMSE［時間見当識＋遅延再生＋3段階命令］,MWU（完全並べ替え）,5,9,"8［6, 9］","7［5, 11］",6、7、8、9、9,5、6、6、6、7、8、8、8、11,29.5,0.3916083916083916,0.311,0.656,109,12,0.0005,,1.0,1.0,
M_MMSE部分集合(k=4),初回 MMSE［時間見当識＋遅延再生＋復唱＋図形模写］,MWU（完全並べ替え）,5,9,"7［5, 8］","6［3, 9］",5、6、7、8、8,3、5、5、5、6、7、7、7、9,29.5,0.3916083916083916,0.311,0.656,109,12,0.0005,,1.0,1.0,
M_MMSE部分集合(k=5),初回 MMSE［時間見当識＋遅延再生＋復唱＋読字理解＋図形模写］,MWU（完全並べ替え）,5,9,"8［6, 9］","7［4, 10］",6、7、8、9、9,4、6、6、6、7、8、8、8、10,29.5,0.3916083916083916,0.311,0.656,109,12,0.0005,,1.0,1.0,初回 MMSE［時間見当識＋遅延再生＋復唱＋書字＋図形模写］
M_MMSE部分集合(k=4),初回 MMSE［時間見当識＋遅延再生＋復唱＋読字理解］,MWU（完全並べ替え）,5,9,"7［5, 8］","6［4, 9］",5、6、7、8、8,4、5、5、5、6、7、7、7、9,29.5,0.3916083916083916,0.311,0.656,109,12,0.0005,,1.0,1.0,初回 MMSE［時間見当識＋遅延再生＋復唱＋書字］
M_MMSE部分集合(k=3),初回 MMSE［時間見当識＋遅延再生＋復唱］,MWU（完全並べ替え）,5,9,"6［4, 7］","5［3, 8］",4、5、6、7、7,3、4、4、4、5、6、6、6、8,29.5,0.3916083916083916,0.311,0.656,109,12,0.0005,,1.0,1.0,
M_MMSE部分集合(k=5),初回 MMSE［時間見当識＋遅延再生＋読字理解＋3段階命令＋図形模写］,MWU（完全並べ替え）,5,9,"10［8, 11］","9［6, 13］",8、9、10、11、11,6、8、8、8、9、10、10、10、13,29.5,0.3916083916083916,0.311,0.656,109,12,0.0005,,1.0,1.0,初回 MMSE［時間見当識＋遅延再生＋3段階命令＋書字＋図形模写］
M_MMSE部分集合(k=4),初回 MMSE［時間見当識＋遅延再生＋読字理解＋3段階命令］,MWU（完全並べ替え）,5,9,"9［7, 10］","8［6, 12］",7、8、9、10、10,6、7、7、7、8、9、9、9、12,29.5,0.3916083916083916,0.311,0.656,109,12,0.0005,,1.0,1.0,初回 MMSE［時間見当識＋遅延再生＋3段階命令＋書字］
L_固定時点(12か月),12か月 CDR-SB,MWU（完全並べ替え）,3,6,"1.5［0.5, 4］","3［1.5, 4.5］",0.5、1.5、4,1.5、2、3、3、3、4.5,5.5,0.39285714285714285,-0.389,0.306,70,5,0.00794,,1.0,1.0,
M_MMSE部分集合(k=3),初回 MMSE［場所見当識＋注意計算＋読字理解］,MWU（完全並べ替え）,5,9,"9［7, 11］","10［8, 11］",7、8、9、10、11,8、8、9、10、10、10、11、11、11,15.5,0.3946053946053946,-0.311,0.344,109,13,0.001,,1.0,1.0,初回 MMSE［場所見当識＋注意計算＋書字］
M_MMSE部分集合(k=2),初回 MMSE［場所見当識＋注意計算］,MWU（完全並べ替え）,5,9,"8［6, 10］","9［7, 10］",6、7、8、9、10,7、7、8、9、9、9、10、10、10,15.5,0.3946053946053946,-0.311,0.344,109,13,0.001,,1.0,1.0,
M_MMSE部分集合(k=5),初回 MMSE［場所見当識＋物品呼称＋注意計算＋読字理解＋書字］,MWU（完全並べ替え）,5,9,"12［10, 14］","13［11, 14］",10、11、12、13、14,11、11、12、13、13、13、14、14、14,15.5,0.3946053946053946,-0.311,0.344,109,13,0.001,,1.0,1.0,
M_MMSE部分集合(k=4),初回 MMSE［場所見当識＋物品呼称＋注意計算＋読字理解］,MWU（完全並べ替え）,5,9,"11［9, 13］","12［10, 13］",9、10、11、12、13,10、10、11、12、12、12、13、13、13,15.5,0.3946053946053946,-0.311,0.344,109,13,0.001,,1.0,1.0,初回 MMSE［場所見当識＋物品呼称＋注意計算＋書字］
M_MMSE部分集合(k=3),初回 MMSE［場所見当識＋物品呼称＋注意計算］,MWU（完全並べ替え）,5,9,"10［8, 12］","11［9, 12］",8、9、10、11、12,9、9、10、11、11、11、12、12、12,15.5,0.3946053946053946,-0.311,0.344,109,13,0.001,,1.0,1.0,初回 MMSE［場所見当識＋注意計算＋読字理解＋書字］
M_MMSE部分集合(k=6),初回 MMSE［場所見当識＋物品呼称＋記銘＋注意計算＋3段階命令＋図形模写］,MWU（完全並べ替え）,5,9,"16［15, 19］","17［16, 19］",15、16、16、18、19,16、16、17、17、17、18、18、19、19,16.0,0.3966033966033966,-0.289,0.356,126,13,0.0005,,1.0,1.0,初回 MMSE［場所見当識＋記銘＋注意計算＋読字理解＋3段階命令＋書字＋図形模写］
M_MMSE部分集合(k=7),初回 MMSE［場所見当識＋物品呼称＋記銘＋注意計算＋読字理解＋3段階命令＋図形模写］,MWU（完全並べ替え）,5,9,"17［16, 20］","18［17, 20］",16、17、17、19、20,17、17、18、18、18、19、19、20、20,16.0,0.3966033966033966,-0.289,0.356,126,13,0.0005,,1.0,1.0,初回 MMSE［場所見当識＋物品呼称＋記銘＋注意計算＋3段階命令＋書字＋図形模写］
M_MMSE部分集合(k=8),初回 MMSE［場所見当識＋物品呼称＋記銘＋注意計算＋読字理解＋3段階命令＋書字＋図形模写］,MWU（完全並べ替え）,5,9,"18［17, 21］","19［18, 21］",17、18、18、20、21,18、18、19、19、19、20、20、21、21,16.0,0.3966033966033966,-0.289,0.356,126,13,0.0005,,1.0,1.0,
M_MMSE部分集合(k=5),初回 MMSE［場所見当識＋記銘＋注意計算＋3段階命令＋図形模写］,MWU（完全並べ替え）,5,9,"14［13, 17］","15［14, 17］",13、14、14、16、17,14、14、15、15、15、16、16、17、17,16.0,0.3966033966033966,-0.289,0.356,126,13,0.0005,,1.0,1.0,
M_MMSE部分集合(k=6),初回 MMSE［場所見当識＋記銘＋注意計算＋読字理解＋3段階命令＋図形模写］,MWU（完全並べ替え）,5,9,"15［14, 18］","16［15, 18］",14、15、15、17、18,15、15、16、16、16、17、17、18、18,16.0,0.3966033966033966,-0.289,0.356,126,13,0.0005,,1.0,1.0,初回 MMSE［場所見当識＋記銘＋注意計算＋3段階命令＋書字＋図形模写］
M_MMSE部分集合(k=7),初回 MMSE［場所見当識＋物品呼称＋記銘＋注意計算＋復唱＋読字理解＋書字］,MWU（完全並べ替え）,5,9,"15［14, 18］","16［15, 18］",14、15、15、17、18,15、15、15、16、16、17、18、18、18,16.0,0.3996003996003996,-0.289,0.356,126,13,0.001,,1.0,1.0,
M_MMSE部分集合(k=6),初回 MMSE［場所見当識＋物品呼称＋記銘＋注意計算＋復唱＋読字理解］,MWU（完全並べ替え）,5,9,"14［13, 17］","15［14, 17］",13、14、14、16、17,14、14、14、15、15、16、17、17、17,16.0,0.3996003996003996,-0.289,0.356,126,13,0.001,,1.0,1.0,初回 MMSE［場所見当識＋物品呼称＋記銘＋注意計算＋復唱＋書字］
M_MMSE部分集合(k=5),初回 MMSE［場所見当識＋物品呼称＋記銘＋注意計算＋復唱］,MWU（完全並べ替え）,5,9,"13［12, 16］","14［13, 16］",12、13、13、15、16,13、13、13、14、14、15、16、16、16,16.0,0.3996003996003996,-0.289,0.356,126,13,0.001,,1.0,1.0,初回 MMSE［場所見当識＋記銘＋注意計算＋復唱＋読字理解＋書字］
M_MMSE部分集合(k=5),初回 MMSE［場所見当識＋記銘＋注意計算＋復唱＋読字理解］,MWU（完全並べ替え）,5,9,"12［11, 15］","13［12, 15］",11、12、12、14、15,12、12、12、13、13、14、15、15、15,16.0,0.3996003996003996,-0.289,0.356,126,13,0.001,,1.0,1.0,初回 MMSE［場所見当識＋記銘＋注意計算＋復唱＋書字］
M_MMSE部分集合(k=4),初回 MMSE［場所見当識＋記銘＋注意計算＋復唱］,MWU（完全並べ替え）,5,9,"11［10, 14］","12［11, 14］",10、11、11、13、14,11、11、11、12、12、13、14、14、14,16.0,0.3996003996003996,-0.289,0.356,126,13,0.001,,1.0,1.0,
L_固定時点(18か月),18か月 CDR 地域社会の活動,MWU（完全並べ替え）,3,3,"0［0, 1］","1［0.5, 1］",0、0、1,0.5、1、1,2.0,0.4,-0.556,0.222,34,5,0.06667,,1.0,1.0,
L_固定時点(18か月),18か月 MoCA-J,MWU（完全並べ替え）,2,3,"18.5［15, 22］","23［18, 24］",15、22,18、23、24,1.0,0.4,-0.667,0.167,24,0,0.2,,1.0,1.0,
L_固定時点(18か月),18か月 ΔCDR 判断力・問題解決,MWU（完全並べ替え）,3,3,"0［0, 0］","0.5［0, 0.5］",0、0、0,0、0.5、0.5,1.5,0.4,-0.667,0.167,24,6,0.06667,,1.0,1.0,
L_固定時点(18か月),18か月 ΔCDR 地域社会の活動,MWU（完全並べ替え）,3,3,"0［0, 0.5］","0.5［0.5, 0.5］",0、0、0.5,0.5、0.5、0.5,1.5,0.4,-0.667,0.167,24,6,0.06667,,1.0,1.0,
L_固定時点(6か月),6か月 ΔMoCA-J,MWU（完全並べ替え）,3,2,"-1［-2, 2］","2［1, 3］",-2、-1、2,1、3,1.0,0.4,-0.667,0.167,24,0,0.2,,1.0,1.0,
H_2値（悪化の有無）,MoCA-J 悪化あり,Fisher（正確）,3,3,2/3,0/3,,,,0.4,,,,,0.06667,,1.0,1.0,
N_全切点2値化,Δ MoCA-J ≧0,Fisher（正確）,3,3,1/3,3/3,,,,0.4,,,,,0.06667,,1.0,1.0,
R_初回値調整残差,Δ MoCA-J（初回値調整残差）,MWU（完全並べ替え）,3,3,"-1.64467［-3.68528, 1.33503］","1.29442［0.36548, 2.33503］",-3.68528、-1.64467、1.33503,0.36548、1.29442、2.33503,2.0,0.4,-0.556,0.222,34,0,0.1,,1.0,1.0,
B_追跡時値,追跡時 MoCA-J,MWU（完全並べ替え）,3,3,"21［15, 22］","23［18, 24］",15、21、22,18、23、24,2.0,0.4,-0.556,0.222,34,0,0.1,,1.0,1.0,
N_全切点2値化,追跡時 MoCA-J ≧23,Fisher（正確）,3,3,0/3,2/3,,,,0.4,,,,,0.06667,,1.0,1.0,
M_MMSE部分集合(k=7),初回 MMSE［場所見当識＋物品呼称＋記銘＋注意計算＋遅延再生＋読字理解＋書字］,MWU（完全並べ替え）,5,9,"14［14, 18］","16［14, 19］",14、14、14、17、18,14、15、15、16、16、17、17、17、19,16.0,0.4015984015984016,-0.289,0.356,126,12,0.001,,1.0,1.0,
M_MMSE部分集合(k=6),初回 MMSE［場所見当識＋物品呼称＋記銘＋注意計算＋遅延再生＋読字理解］,MWU（完全並べ替え）,5,9,"13［13, 17］","15［13, 18］",13、13、13、16、17,13、14、14、15、15、16、16、16、18,16.0,0.4015984015984016,-0.289,0.356,126,12,0.001,,1.0,1.0,初回 MMSE［場所見当識＋物品呼称＋記銘＋注意計算＋遅延再生＋書字］
M_MMSE部分集合(k=5),初回 MMSE［場所見当識＋物品呼称＋記銘＋注意計算＋遅延再生］,MWU（完全並べ替え）,5,9,"12［12, 16］","14［12, 17］",12、12、12、15、16,12、13、13、14、14、15、15、15、17,16.0,0.4015984015984016,-0.289,0.356,126,12,0.001,,1.0,1.0,初回 MMSE［場所見当識＋記銘＋注意計算＋遅延再生＋読字理解＋書字］
M_MMSE部分集合(k=5),初回 MMSE［場所見当識＋記銘＋注意計算＋遅延再生＋読字理解］,MWU（完全並べ替え）,5,9,"11［11, 15］","13［11, 16］",11、11、11、14、15,11、12、12、13、13、14、14、14、16,16.0,0.4015984015984016,-0.289,0.356,126,12,0.001,,1.0,1.0,初回 MMSE［場所見当識＋記銘＋注意計算＋遅延再生＋書字］
M_MMSE部分集合(k=4),初回 MMSE［場所見当識＋記銘＋注意計算＋遅延再生］,MWU（完全並べ替え）,5,9,"10［10, 14］","12［10, 15］",10、10、10、13、14,10、11、11、12、12、13、13、13、15,16.0,0.4015984015984016,-0.289,0.356,126,12,0.001,,1.0,1.0,
M_MMSE部分集合(k=5),追跡時 MMSE［時間見当識＋場所見当識＋注意計算＋復唱＋3段階命令］,MWU（完全並べ替え）,5,9,"17［14, 18］","15［13, 18］",14、16、17、18、18,13、15、15、15、15、16、17、18、18,29.0,0.4015984015984016,0.289,0.644,126,12,0.001,,1.0,1.0,
M_MMSE部分集合(k=6),追跡時 MMSE［時間見当識＋場所見当識＋注意計算＋復唱＋読字理解＋3段階命令］,MWU（完全並べ替え）,5,9,"18［15, 19］","16［14, 19］",15、17、18、19、19,14、16、16、16、16、17、18、19、19,29.0,0.4015984015984016,0.289,0.644,126,12,0.001,,1.0,1.0,追跡時 MMSE［時間見当識＋場所見当識＋注意計算＋復唱＋3段階命令＋書字］、追跡時 MMSE［時間見当識＋場所見当識＋注意計算＋復唱＋3段階命令＋図形模写］
M_MMSE部分集合(k=6),追跡時 MMSE［時間見当識＋場所見当識＋物品呼称＋注意計算＋復唱＋3段階命令］,MWU（完全並べ替え）,5,9,"19［16, 20］","17［15, 20］",16、18、19、20、20,15、17、17、17、17、18、19、20、20,29.0,0.4015984015984016,0.289,0.644,126,12,0.001,,1.0,1.0,追跡時 MMSE［時間見当識＋場所見当識＋注意計算＋復唱＋読字理解＋3段階命令＋書字］、追跡時 MMSE［時間見当識＋場所見当識＋注意計算＋復唱＋読字理解＋3段階命令＋図形模写］、追跡時 MMSE［時間見当識＋場所見当識＋注意計算＋復唱＋3段階命令＋書字＋図形模写］
M_MMSE部分集合(k=7),追跡時 MMSE［時間見当識＋場所見当識＋物品呼称＋記銘＋注意計算＋復唱＋3段階命令］,MWU（完全並べ替え）,5,9,"22［19, 23］","20［18, 23］",19、21、22、23、23,18、20、20、20、20、21、22、23、23,29.0,0.4015984015984016,0.289,0.644,126,12,0.001,,1.0,1.0,追跡時 MMSE［時間見当識＋場所見当識＋記銘＋注意計算＋復唱＋読字理解＋3段階命令＋書字］、追跡時 MMSE［時間見当識＋場所見当識＋記銘＋注意計算＋復唱＋読字理解＋3段階命令＋図形模写］、追跡時 MMSE［時間見当識＋場所見当識＋記銘＋注意計算＋復唱＋3段階命令＋書字＋図形模写］、追跡時 MMSE［時間見当識＋場所見当識＋物品呼称＋注意計算＋復唱＋読字理解＋3段階命令＋書字＋図形模写］
M_MMSE部分集合(k=10),追跡時 MMSE［時間見当識＋場所見当識＋物品呼称＋記銘＋注意計算＋復唱＋読字理解＋3段階命令＋書字＋図形模写］,MWU（完全並べ替え）,5,9,"25［22, 26］","23［21, 26］",22、24、25、26、26,21、23、23、23、23、24、25、26、26,29.0,0.4015984015984016,0.289,0.644,126,12,0.001,,1.0,1.0,
M_MMSE部分集合(k=9),追跡時 MMSE［時間見当識＋場所見当識＋物品呼称＋記銘＋注意計算＋復唱＋読字理解＋3段階命令＋書字］,MWU（完全並べ替え）,5,9,"24［21, 25］","22［20, 25］",21、23、24、25、25,20、22、22、22、22、23、24、25、25,29.0,0.4015984015984016,0.289,0.644,126,12,0.001,,1.0,1.0,追跡時 MMSE［時間見当識＋場所見当識＋物品呼称＋記銘＋注意計算＋復唱＋読字理解＋3段階命令＋図形模写］、追跡時 MMSE［時間見当識＋場所見当識＋物品呼称＋記銘＋注意計算＋復唱＋3段階命令＋書字＋図形模写］
M_MMSE部分集合(k=8),追跡時 MMSE［時間見当識＋場所見当識＋物品呼称＋記銘＋注意計算＋復唱＋読字理解＋3段階命令］,MWU（完全並べ替え）,5,9,"23［20, 24］","21［19, 24］",20、22、23、24、24,19、21、21、21、21、22、23、24、24,29.0,0.4015984015984016,0.289,0.644,126,12,0.001,,1.0,1.0,追跡時 MMSE［時間見当識＋場所見当識＋物品呼称＋記銘＋注意計算＋復唱＋3段階命令＋書字］、追跡時 MMSE［時間見当識＋場所見当識＋物品呼称＋記銘＋注意計算＋復唱＋3段階命令＋図形模写］、追跡時 MMSE［時間見当識＋場所見当識＋記銘＋注意計算＋復唱＋読字理解＋3段階命令＋書字＋図形模写］
M_MMSE部分集合(k=6),追跡時 MMSE［時間見当識＋場所見当識＋記銘＋注意計算＋復唱＋3段階命令］,MWU（完全並べ替え）,5,9,"20［17, 21］","18［16, 21］",17、19、20、21、21,16、18、18、18、18、19、20、21、21,29.0,0.4015984015984016,0.289,0.644,126,12,0.001,,1.0,1.0,追跡時 MMSE［時間見当識＋場所見当識＋物品呼称＋注意計算＋復唱＋読字理解＋3段階命令］、追跡時 MMSE［時間見当識＋場所見当識＋物品呼称＋注意計算＋復唱＋3段階命令＋書字］、追跡時 MMSE［時間見当識＋場所見当識＋物品呼称＋注意計算＋復唱＋3段階命令＋図形模写］、追跡時 MMSE［時間見当識＋場所見当識＋注意計算＋復唱＋読字理解＋3段階命令＋書字＋図形模写］
M_MMSE部分集合(k=7),追跡時 MMSE［時間見当識＋場所見当識＋記銘＋注意計算＋復唱＋読字理解＋3段階命令］,MWU（完全並べ替え）,5,9,"21［18, 22］","19［17, 22］",18、20、21、22、22,17、19、19、19、19、20、21、22、22,29.0,0.4015984015984016,0.289,0.644,126,12,0.001,,1.0,1.0,追跡時 MMSE［時間見当識＋場所見当識＋記銘＋注意計算＋復唱＋3段階命令＋書字］ ほか4件
M_CDR部分集合(k=3),追跡時 CDR［見当識＋判断力・問題解決＋身の回りの世話］,MWU（完全並べ替え）,5,9,"1［0, 1.5］","1［0.5, 2.5］",0、0.5、1、1、1.5,0.5、1、1、1、1、1、1、1.5、2.5,16.0,0.4025974025974026,-0.289,0.356,126,12,0.02797,,1.0,1.0,
M_CDR部分集合(k=4),追跡時 CDR［判断力・問題解決＋地域社会の活動＋家庭・趣味＋身の回りの世話］,MWU（完全並べ替え）,5,9,"0.5［0.5, 2.5］","1.5［0.5, 3.5］",0.5、0.5、0.5、1.5、2.5,0.5、0.5、1、1、1.5、1.5、1.5、2.5、3.5,16.0,0.4035964035964036,-0.289,0.356,126,13,0.0005,,1.0,1.0,
M_MMSE部分集合(k=6),初回 MMSE［時間見当識＋物品呼称＋記銘＋遅延再生＋復唱＋図形模写］,MWU（完全並べ替え）,5,9,"11［10, 13］","10［8, 14］",10、11、11、13、13,8、10、10、10、10、12、12、12、14,29.0,0.40409590409590407,0.289,0.644,126,12,0.0015,,1.0,1.0,初回 MMSE［時間見当識＋記銘＋遅延再生＋復唱＋読字理解＋書字＋図形模写］
M_MMSE部分集合(k=7),初回 MMSE［時間見当識＋物品呼称＋記銘＋遅延再生＋復唱＋読字理解＋図形模写］,MWU（完全並べ替え）,5,9,"12［11, 14］","11［9, 15］",11、12、12、14、14,9、11、11、11、11、13、13、13、15,29.0,0.40409590409590407,0.289,0.644,126,12,0.0015,,1.0,1.0,初回 MMSE［時間見当識＋物品呼称＋記銘＋遅延再生＋復唱＋書字＋図形模写］
M_MMSE部分集合(k=8),初回 MMSE［時間見当識＋物品呼称＋記銘＋遅延再生＋復唱＋読字理解＋書字＋図形模写］,MWU（完全並べ替え）,5,9,"13［12, 15］","12［10, 16］",12、13、13、15、15,10、12、12、12、12、14、14、14、16,29.0,0.40409590409590407,0.289,0.644,126,12,0.0015,,1.0,1.0,
M_MMSE部分集合(k=7),初回 MMSE［時間見当識＋物品呼称＋記銘＋遅延再生＋復唱＋読字理解＋書字］,MWU（完全並べ替え）,5,9,"12［11, 14］","11［10, 15］",11、12、12、14、14,10、11、11、11、11、13、13、13、15,29.0,0.40409590409590407,0.289,0.644,126,12,0.0015,,1.0,1.0,
M_MMSE部分集合(k=6),初回 MMSE［時間見当識＋物品呼称＋記銘＋遅延再生＋復唱＋読字理解］,MWU（完全並べ替え）,5,9,"11［10, 13］","10［9, 14］",10、11、11、13、13,9、10、10、10、10、12、12、12、14,29.0,0.40409590409590407,0.289,0.644,126,12,0.0015,,1.0,1.0,初回 MMSE［時間見当識＋物品呼称＋記銘＋遅延再生＋復唱＋書字］
M_MMSE部分集合(k=5),初回 MMSE［時間見当識＋物品呼称＋記銘＋遅延再生＋復唱］,MWU（完全並べ替え）,5,9,"10［9, 12］","9［8, 13］",9、10、10、12、12,8、9、9、9、9、11、11、11、13,29.0,0.40409590409590407,0.289,0.644,126,12,0.0015,,1.0,1.0,初回 MMSE［時間見当識＋記銘＋遅延再生＋復唱＋読字理解＋書字］
M_MMSE部分集合(k=5),初回 MMSE［時間見当識＋記銘＋遅延再生＋復唱＋図形模写］,MWU（完全並べ替え）,5,9,"9［8, 11］","8［6, 12］",8、9、9、11、11,6、8、8、8、8、10、10、10、12,29.0,0.40409590409590407,0.289,0.644,126,12,0.0015,,1.0,1.0,
M_MMSE部分集合(k=6),初回 MMSE［時間見当識＋記銘＋遅延再生＋復唱＋読字理解＋図形模写］,MWU（完全並べ替え）,5,9,"10［9, 12］","9［7, 13］",9、10、10、12、12,7、9、9、9、9、11、11、11、13,29.0,0.40409590409590407,0.289,0.644,126,12,0.0015,,1.0,1.0,初回 MMSE［時間見当識＋記銘＋遅延再生＋復唱＋書字＋図形模写］
M_MMSE部分集合(k=5),初回 MMSE［時間見当識＋記銘＋遅延再生＋復唱＋読字理解］,MWU（完全並べ替え）,5,9,"9［8, 11］","8［7, 12］",8、9、9、11、11,7、8、8、8、8、10、10、10、12,29.0,0.40409590409590407,0.289,0.644,126,12,0.0015,,1.0,1.0,初回 MMSE［時間見当識＋記銘＋遅延再生＋復唱＋書字］
M_MMSE部分集合(k=4),初回 MMSE［時間見当識＋記銘＋遅延再生＋復唱］,MWU（完全並べ替え）,5,9,"8［7, 10］","7［6, 11］",7、8、8、10、10,6、7、7、7、7、9、9、9、11,29.0,0.40409590409590407,0.289,0.644,126,12,0.0015,,1.0,1.0,
M2_下位項目の差,Δ CDR［見当識−判断力・問題解決］,MWU（完全並べ替え）,5,9,"0.5［0, 0.5］","0［-0.5, 0.5］",0、0、0.5、0.5、0.5,-0.5、-0.5、0、0、0、0、0.5、0.5、0.5,30.5,0.40559440559440557,0.356,0.678,83,14,0.003,,1.0,1.0,
M2_下位項目の差,Δ CDR［見当識−身の回りの世話］,MWU（完全並べ替え）,5,9,"0.5［0, 0.5］","0［-1, 0.5］",0、0、0.5、0.5、0.5,-1、0、0、0、0、0、0.5、0.5、0.5,29.5,0.40559440559440557,0.311,0.656,109,13,0.003,,1.0,1.0,
M2_下位項目の差,初回 CDR［判断力・問題解決−家庭・趣味］,MWU（完全並べ替え）,5,9,"0［-0.5, 0.5］","0.5［0, 0.5］",-0.5、0、0、0.5、0.5,0、0、0、0.5、0.5、0.5、0.5、0.5、0.5,15.0,0.40559440559440557,-0.333,0.333,95,13,0.0025,,1.0,1.0,
M2_下位項目の差,初回 MMSE［場所見当識−3段階命令］,MWU（完全並べ替え）,5,9,"1［0, 2］","2［1, 2］",0、1、1、2、2,1、1、1、2、2、2、2、2、2,15.0,0.40559440559440557,-0.333,0.333,95,13,0.0025,,1.0,1.0,
M_MMSE部分集合(k=5),初回 MMSE［場所見当識＋物品呼称＋記銘＋注意計算＋図形模写］,MWU（完全並べ替え）,5,9,"13［12, 16］","15［13, 16］",12、13、13、15、16,13、13、14、14、15、15、15、16、16,15.5,0.4095904095904096,-0.311,0.344,109,13,0.0005,,1.0,1.0,初回 MMSE［場所見当識＋記銘＋注意計算＋読字理解＋書字＋図形模写］
M_MMSE部分集合(k=6),初回 MMSE［場所見当識＋物品呼称＋記銘＋注意計算＋読字理解＋図形模写］,MWU（完全並べ替え）,5,9,"14［13, 17］","16［14, 17］",13、14、14、16、17,14、14、15、15、16、16、16、17、17,15.5,0.4095904095904096,-0.311,0.344,109,13,0.0005,,1.0,1.0,初回 MMSE［場所見当識＋物品呼称＋記銘＋注意計算＋書字＋図形模写］
M_MMSE部分集合(k=7),初回 MMSE［場所見当識＋物品呼称＋記銘＋注意計算＋読字理解＋書字＋図形模写］,MWU（完全並べ替え）,5,9,"15［14, 18］","17［15, 18］",14、15、15、17、18,15、15、16、16、17、17、17、18、18,15.5,0.4095904095904096,-0.311,0.344,109,13,0.0005,,1.0,1.0,
M_MMSE部分集合(k=4),初回 MMSE［場所見当識＋記銘＋注意計算＋図形模写］,MWU（完全並べ替え）,5,9,"11［10, 14］","13［11, 14］",10、11、11、13、14,11、11、12、12、13、13、13、14、14,15.5,0.4095904095904096,-0.311,0.344,109,13,0.0005,,1.0,1.0,
M_MMSE部分集合(k=5),初回 MMSE［場所見当識＋記銘＋注意計算＋読字理解＋図形模写］,MWU（完全並べ替え）,5,9,"12［11, 15］","14［12, 15］",11、12、12、14、15,12、12、13、13、14、14、14、15、15,15.5,0.4095904095904096,-0.311,0.344,109,13,0.0005,,1.0,1.0,初回 MMSE［場所見当識＋記銘＋注意計算＋書字＋図形模写］
M_MMSE部分集合(k=6),初回 MMSE［場所見当識＋物品呼称＋記銘＋注意計算＋復唱＋3段階命令］,MWU（完全並べ替え）,5,9,"16［15, 19］","17［16, 19］",15、16、16、18、19,16、16、16、17、17、17、19、19、19,16.5,0.41058941058941056,-0.267,0.367,148,12,0.0005,,1.0,1.0,初回 MMSE［場所見当識＋記銘＋注意計算＋復唱＋読字理解＋3段階命令＋書字］
M_MMSE部分集合(k=8),初回 MMSE［場所見当識＋物品呼称＋記銘＋注意計算＋復唱＋読字理解＋3段階命令＋書字］,MWU（完全並べ替え）,5,9,"18［17, 21］","19［18, 21］",17、18、18、20、21,18、18、18、19、19、19、21、21、21,16.5,0.41058941058941056,-0.267,0.367,148,12,0.0005,,1.0,1.0,
M_MMSE部分集合(k=7),初回 MMSE［場所見当識＋物品呼称＋記銘＋注意計算＋復唱＋読字理解＋3段階命令］,MWU（完全並べ替え）,5,9,"17［16, 20］","18［17, 20］",16、17、17、19、20,17、17、17、18、18、18、20、20、20,16.5,0.41058941058941056,-0.267,0.367,148,12,0.0005,,1.0,1.0,初回 MMSE［場所見当識＋物品呼称＋記銘＋注意計算＋復唱＋3段階命令＋書字］
M_MMSE部分集合(k=5),初回 MMSE［場所見当識＋記銘＋注意計算＋復唱＋3段階命令］,MWU（完全並べ替え）,5,9,"14［13, 17］","15［14, 17］",13、14、14、16、17,14、14、14、15、15、15、17、17、17,16.5,0.41058941058941056,-0.267,0.367,148,12,0.0005,,1.0,1.0,
M_MMSE部分集合(k=6),初回 MMSE［場所見当識＋記銘＋注意計算＋復唱＋読字理解＋3段階命令］,MWU（完全並べ替え）,5,9,"15［14, 18］","16［15, 18］",14、15、15、17、18,15、15、15、16、16、16、18、18、18,16.5,0.41058941058941056,-0.267,0.367,148,12,0.0005,,1.0,1.0,初回 MMSE［場所見当識＋記銘＋注意計算＋復唱＋3段階命令＋書字］
M_MMSE部分集合(k=3),Δ MMSE［遅延再生＋復唱＋図形模写］,MWU（完全並べ替え）,5,9,"0［-1, 0］","0［-1, 1］",-1、-1、0、0、0,-1、-1、0、0、0、0、0、1、1,15.5,0.4145854145854146,-0.311,0.344,109,14,0.004,,1.0,1.0,Δ MMSE［物品呼称＋遅延再生＋復唱＋図形模写］ ほか14件
M_MMSE部分集合(k=4),初回 MMSE［物品呼称＋遅延再生＋3段階命令＋図形模写］,MWU（完全並べ替え）,5,9,"7［6, 7］","6［5, 9］",6、6、7、7、7,5、5、6、6、6、6、7、7、9,29.0,0.4155844155844156,0.289,0.644,126,13,0.0025,,1.0,1.0,初回 MMSE［遅延再生＋読字理解＋3段階命令＋書字＋図形模写］
M_MMSE部分集合(k=4),初回 MMSE［物品呼称＋遅延再生＋復唱＋3段階命令］,MWU（完全並べ替え）,5,9,"7［6, 7］","6［5, 8］",6、6、7、7、7,5、5、6、6、6、6、7、7、8,29.0,0.4155844155844156,0.289,0.644,126,13,0.0025,,1.0,1.0,初回 MMSE［遅延再生＋復唱＋読字理解＋3段階命令＋書字］
M_MMSE部分集合(k=4),初回 MMSE［物品呼称＋遅延再生＋復唱＋図形模写］,MWU（完全並べ替え）,5,9,"5［4, 5］","4［3, 6］",4、4、5、5、5,3、3、4、4、4、4、5、5、6,29.0,0.4155844155844156,0.289,0.644,126,13,0.0025,,1.0,1.0,初回 MMSE［遅延再生＋復唱＋読字理解＋書字＋図形模写］
M_MMSE部分集合(k=6),初回 MMSE［物品呼称＋遅延再生＋復唱＋読字理解＋3段階命令＋書字］,MWU（完全並べ替え）,5,9,"9［8, 9］","8［7, 10］",8、8、9、9、9,7、7、8、8、8、8、9、9、10,29.0,0.4155844155844156,0.289,0.644,126,13,0.0025,,1.0,1.0,
M_MMSE部分集合(k=5),初回 MMSE［物品呼称＋遅延再生＋復唱＋読字理解＋3段階命令］,MWU（完全並べ替え）,5,9,"8［7, 8］","7［6, 9］",7、7、8、8、8,6、6、7、7、7、7、8、8、9,29.0,0.4155844155844156,0.289,0.644,126,13,0.0025,,1.0,1.0,初回 MMSE［物品呼称＋遅延再生＋復唱＋3段階命令＋書字］
M_MMSE部分集合(k=5),初回 MMSE［物品呼称＋遅延再生＋復唱＋読字理解＋図形模写］,MWU（完全並べ替え）,5,9,"6［5, 6］","5［4, 7］",5、5、6、6、6,4、4、5、5、5、5、6、6、7,29.0,0.4155844155844156,0.289,0.644,126,13,0.0025,,1.0,1.0,初回 MMSE［物品呼称＋遅延再生＋復唱＋書字＋図形模写］
M_MMSE部分集合(k=6),初回 MMSE［物品呼称＋遅延再生＋復唱＋読字理解＋書字＋図形模写］,MWU（完全並べ替え）,5,9,"7［6, 7］","6［5, 8］",6、6、7、7、7,5、5、6、6、6、6、7、7、8,29.0,0.4155844155844156,0.289,0.644,126,13,0.0025,,1.0,1.0,
M_MMSE部分集合(k=5),初回 MMSE［物品呼称＋遅延再生＋読字理解＋3段階命令＋図形模写］,MWU（完全並べ替え）,5,9,"8［7, 8］","7［6, 10］",7、7、8、8、8,6、6、7、7、7、7、8、8、10,29.0,0.4155844155844156,0.289,0.644,126,13,0.0025,,1.0,1.0,初回 MMSE［物品呼称＋遅延再生＋3段階命令＋書字＋図形模写］
M_MMSE部分集合(k=6),初回 MMSE［物品呼称＋遅延再生＋読字理解＋3段階命令＋書字＋図形模写］,MWU（完全並べ替え）,5,9,"9［8, 9］","8［7, 11］",8、8、9、9、9,7、7、8、8、8、8、9、9、11,29.0,0.4155844155844156,0.289,0.644,126,13,0.0025,,1.0,1.0,
M_MMSE部分集合(k=3),初回 MMSE［遅延再生＋3段階命令＋図形模写］,MWU（完全並べ替え）,5,9,"5［4, 5］","4［3, 7］",4、4、5、5、5,3、3、4、4、4、4、5、5、7,29.0,0.4155844155844156,0.289,0.644,126,13,0.0025,,1.0,1.0,
M_MMSE部分集合(k=3),初回 MMSE［遅延再生＋復唱＋3段階命令］,MWU（完全並べ替え）,5,9,"5［4, 5］","4［3, 6］",4、4、5、5、5,3、3、4、4、4、4、5、5、6,29.0,0.4155844155844156,0.289,0.644,126,13,0.0025,,1.0,1.0,
M_MMSE部分集合(k=3),初回 MMSE［遅延再生＋復唱＋図形模写］,MWU（完全並べ替え）,5,9,"3［2, 3］","2［1, 4］",2、2、3、3、3,1、1、2、2、2、2、3、3、4,29.0,0.4155844155844156,0.289,0.644,126,13,0.0025,,1.0,1.0,
M_MMSE部分集合(k=4),初回 MMSE［遅延再生＋復唱＋読字理解＋3段階命令］,MWU（完全並べ替え）,5,9,"6［5, 6］","5［4, 7］",5、5、6、6、6,4、4、5、5、5、5、6、6、7,29.0,0.4155844155844156,0.289,0.644,126,13,0.0025,,1.0,1.0,初回 MMSE［遅延再生＋復唱＋3段階命令＋書字］
M_MMSE部分集合(k=4),初回 MMSE［遅延再生＋復唱＋読字理解＋図形模写］,MWU（完全並べ替え）,5,9,"4［3, 4］","3［2, 5］",3、3、4、4、4,2、2、3、3、3、3、4、4、5,29.0,0.4155844155844156,0.289,0.644,126,13,0.0025,,1.0,1.0,初回 MMSE［遅延再生＋復唱＋書字＋図形模写］
M_MMSE部分集合(k=4),初回 MMSE［遅延再生＋読字理解＋3段階命令＋図形模写］,MWU（完全並べ替え）,5,9,"6［5, 6］","5［4, 8］",5、5、6、6、6,4、4、5、5、5、5、6、6、8,29.0,0.4155844155844156,0.289,0.644,126,13,0.0025,,1.0,1.0,初回 MMSE［遅延再生＋3段階命令＋書字＋図形模写］
M_MMSE部分集合(k=2),Δ MMSE［時間見当識＋復唱］,MWU（完全並べ替え）,5,9,"-1［-3, 0］","-1［-1, 2］",-3、-1、-1、0、0,-1、-1、-1、-1、-1、0、1、1、2,16.0,0.41858141858141856,-0.289,0.356,126,12,0.0015,,1.0,1.0,Δ MMSE［時間見当識＋物品呼称＋復唱］ ほか14件
M2_下位項目の差,Δ MMSE［場所見当識−記銘］,MWU（完全並べ替え）,5,9,"0［-1, 2］","0［-1, 1］",-1、0、0、1、2,-1、-1、0、0、0、0、0、0、1,28.5,0.4230769230769231,0.267,0.633,148,13,0.02797,,1.0,1.0,
M_MMSE部分集合(k=3),Δ MMSE［場所見当識＋記銘＋遅延再生］,MWU（完全並べ替え）,5,9,"0［-1, 2］","0［-1, 1］",-1、0、0、1、2,-1、-1、0、0、0、0、0、0、1,28.5,0.4230769230769231,0.267,0.633,148,13,0.02797,,1.0,1.0,Δ MMSE［場所見当識＋物品呼称＋記銘＋遅延再生］ ほか14件
A_初回値,初回 MMSE 場所見当識,MWU（完全並べ替え）,5,9,"4［3, 5］","5［4, 5］",3、4、4、5、5,4、4、4、4、5、5、5、5、5,17.0,0.4230769230769231,-0.244,0.378,176,13,0.00749,,1.0,1.0,初回 MMSE［場所見当識］
M2_下位項目の差,初回 MMSE［場所見当識−物品呼称］,MWU（完全並べ替え）,5,9,"2［1, 3］","3［2, 3］",1、2、2、3、3,2、2、2、2、3、3、3、3、3,17.0,0.4230769230769231,-0.244,0.378,176,13,0.00749,,1.0,1.0,
M2_下位項目の差,初回 MMSE［場所見当識−読字理解］,MWU（完全並べ替え）,5,9,"3［2, 4］","4［3, 4］",2、3、3、4、4,3、3、3、3、4、4、4、4、4,17.0,0.4230769230769231,-0.244,0.378,176,13,0.00749,,1.0,1.0,初回 MMSE［場所見当識−書字］
M_MMSE部分集合(k=4),初回 MMSE［場所見当識＋物品呼称＋読字理解＋書字］,MWU（完全並べ替え）,5,9,"8［7, 9］","9［8, 9］",7、8、8、9、9,8、8、8、8、9、9、9、9、9,17.0,0.4230769230769231,-0.244,0.378,176,13,0.00749,,1.0,1.0,
M_MMSE部分集合(k=3),初回 MMSE［場所見当識＋物品呼称＋読字理解］,MWU（完全並べ替え）,5,9,"7［6, 8］","8［7, 8］",6、7、7、8、8,7、7、7、7、8、8、8、8、8,17.0,0.4230769230769231,-0.244,0.378,176,13,0.00749,,1.0,1.0,初回 MMSE［場所見当識＋物品呼称＋書字］
M_MMSE部分集合(k=2),初回 MMSE［場所見当識＋物品呼称］,MWU（完全並べ替え）,5,9,"6［5, 7］","7［6, 7］",5、6、6、7、7,6、6、6、6、7、7、7、7、7,17.0,0.4230769230769231,-0.244,0.378,176,13,0.00749,,1.0,1.0,初回 MMSE［場所見当識＋読字理解＋書字］
M_MMSE部分集合(k=2),初回 MMSE［場所見当識＋読字理解］,MWU（完全並べ替え）,5,9,"5［4, 6］","6［5, 6］",4、5、5、6、6,5、5、5、5、6、6、6、6、6,17.0,0.4230769230769231,-0.244,0.378,176,13,0.00749,,1.0,1.0,初回 MMSE［場所見当識＋書字］
M_CDR部分集合(k=2),追跡時 CDR［見当識＋判断力・問題解決］,MWU（完全並べ替え）,5,9,"1［0, 1.5］","1［0.5, 1.5］",0、0.5、1、1、1.5,0.5、1、1、1、1、1、1、1.5、1.5,16.5,0.4230769230769231,-0.267,0.367,148,13,0.02797,,1.0,1.0,
M_CDR部分集合(k=3),追跡時 CDR［見当識＋判断力・問題解決＋地域社会の活動］,MWU（完全並べ替え）,5,9,"1［0, 2.5］","1.5［0.5, 2.5］",0、0.5、1、1.5、2.5,0.5、1、1、1.5、1.5、1.5、1.5、2.5、2.5,15.5,0.42657342657342656,-0.311,0.344,109,13,0.0015,,1.0,1.0,
M_MMSE部分集合(k=6),初回 MMSE［時間見当識＋物品呼称＋記銘＋遅延再生＋3段階命令＋図形模写］,MWU（完全並べ替え）,5,9,"13［12, 15］","13［10, 17］",12、13、13、15、15,10、12、12、12、13、13、14、14、17,28.5,0.42857142857142855,0.267,0.633,148,12,0.001,,1.0,1.0,初回 MMSE［時間見当識＋記銘＋遅延再生＋読字理解＋3段階命令＋書字＋図形模写］
M_MMSE部分集合(k=5),初回 MMSE［時間見当識＋物品呼称＋記銘＋遅延再生＋3段階命令］,MWU（完全並べ替え）,5,9,"12［11, 14］","12［10, 16］",11、12、12、14、14,10、11、11、11、12、12、13、13、16,28.5,0.42857142857142855,0.267,0.633,148,12,0.001,,1.0,1.0,初回 MMSE［時間見当識＋記銘＋遅延再生＋読字理解＋3段階命令＋書字］
M_MMSE部分集合(k=7),初回 MMSE［時間見当識＋物品呼称＋記銘＋遅延再生＋読字理解＋3段階命令＋図形模写］,MWU（完全並べ替え）,5,9,"14［13, 16］","14［11, 18］",13、14、14、16、16,11、13、13、13、14、14、15、15、18,28.5,0.42857142857142855,0.267,0.633,148,12,0.001,,1.0,1.0,初回 MMSE［時間見当識＋物品呼称＋記銘＋遅延再生＋3段階命令＋書字＋図形模写］
M_MMSE部分集合(k=8),初回 MMSE［時間見当識＋物品呼称＋記銘＋遅延再生＋読字理解＋3段階命令＋書字＋図形模写］,MWU（完全並べ替え）,5,9,"15［14, 17］","15［12, 19］",14、15、15、17、17,12、14、14、14、15、15、16、16、19,28.5,0.42857142857142855,0.267,0.633,148,12,0.001,,1.0,1.0,
M_MMSE部分集合(k=7),初回 MMSE［時間見当識＋物品呼称＋記銘＋遅延再生＋読字理解＋3段階命令＋書字］,MWU（完全並べ替え）,5,9,"14［13, 16］","14［12, 18］",13、14、14、16、16,12、13、13、13、14、14、15、15、18,28.5,0.42857142857142855,0.267,0.633,148,12,0.001,,1.0,1.0,
M_MMSE部分集合(k=6),初回 MMSE［時間見当識＋物品呼称＋記銘＋遅延再生＋読字理解＋3段階命令］,MWU（完全並べ替え）,5,9,"13［12, 15］","13［11, 17］",12、13、13、15、15,11、12、12、12、13、13、14、14、17,28.5,0.42857142857142855,0.267,0.633,148,12,0.001,,1.0,1.0,初回 MMSE［時間見当識＋物品呼称＋記銘＋遅延再生＋3段階命令＋書字］
M_MMSE部分集合(k=5),初回 MMSE［時間見当識＋記銘＋遅延再生＋3段階命令＋図形模写］,MWU（完全並べ替え）,5,9,"11［10, 13］","11［8, 15］",10、11、11、13、13,8、10、10、10、11、11、12、12、15,28.5,0.42857142857142855,0.267,0.633,148,12,0.001,,1.0,1.0,
M_MMSE部分集合(k=4),初回 MMSE［時間見当識＋記銘＋遅延再生＋3段階命令］,MWU（完全並べ替え）,5,9,"10［9, 12］","10［8, 14］",9、10、10、12、12,8、9、9、9、10、10、11、11、14,28.5,0.42857142857142855,0.267,0.633,148,12,0.001,,1.0,1.0,
M_MMSE部分集合(k=6),初回 MMSE［時間見当識＋記銘＋遅延再生＋読字理解＋3段階命令＋図形模写］,MWU（完全並べ替え）,5,9,"12［11, 14］","12［9, 16］",11、12、12、14、14,9、11、11、11、12、12、13、13、16,28.5,0.42857142857142855,0.267,0.633,148,12,0.001,,1.0,1.0,初回 MMSE［時間見当識＋記銘＋遅延再生＋3段階命令＋書字＋図形模写］
M_MMSE部分集合(k=5),初回 MMSE［時間見当識＋記銘＋遅延再生＋読字理解＋3段階命令］,MWU（完全並べ替え）,5,9,"11［10, 13］","11［9, 15］",10、11、11、13、13,9、10、10、10、11、11、12、12、15,28.5,0.42857142857142855,0.267,0.633,148,12,0.001,,1.0,1.0,初回 MMSE［時間見当識＋記銘＋遅延再生＋3段階命令＋書字］
M_CDR部分集合(k=5),追跡時 CDR［記憶＋見当識＋判断力・問題解決＋地域社会の活動＋身の回りの世話］,MWU（完全並べ替え）,5,9,"2［0.5, 3.5］","2［1, 4］",0.5、1、2、2、3.5,1、1.5、1.5、2、2、2.5、2.5、3.5、4,16.0,0.42957042957042957,-0.289,0.356,126,12,0.001,,1.0,1.0,
M_MMSE部分集合(k=3),Δ MMSE［時間見当識＋記銘＋復唱］,MWU（完全並べ替え）,5,9,"-1［-3, 1］","0［-1, 2］",-3、-1、-1、0、1,-1、-1、-1、-1、0、0、1、1、2,16.0,0.43006993006993005,-0.289,0.356,126,12,0.0015,,1.0,1.0,Δ MMSE［時間見当識＋物品呼称＋記銘＋復唱］ ほか14件
M_MMSE部分集合(k=3),Δ MMSE［時間見当識＋記銘＋図形模写］,MWU（完全並べ替え）,5,9,"-1［-3, 1］","0［-1, 2］",-3、-1、-1、0、1,-1、-1、-1、-1、0、0、0、2、2,16.5,0.43156843156843155,-0.267,0.367,148,12,0.003,,1.0,1.0,Δ MMSE［時間見当識＋物品呼称＋記銘＋図形模写］ ほか14件
M_MMSE部分集合(k=3),初回 MMSE［場所見当識＋注意計算＋3段階命令］,MWU（完全並べ替え）,5,9,"11［9, 13］","12［10, 13］",9、10、11、12、13,10、10、11、11、12、12、13、13、13,16.5,0.43156843156843155,-0.267,0.367,148,13,0.003,,1.0,1.0,
M_MMSE部分集合(k=4),初回 MMSE［場所見当識＋注意計算＋読字理解＋3段階命令］,MWU（完全並べ替え）,5,9,"12［10, 14］","13［11, 14］",10、11、12、13、14,11、11、12、12、13、13、14、14、14,16.5,0.43156843156843155,-0.267,0.367,148,13,0.003,,1.0,1.0,初回 MMSE［場所見当識＋注意計算＋3段階命令＋書字］
M_MMSE部分集合(k=4),初回 MMSE［場所見当識＋物品呼称＋注意計算＋3段階命令］,MWU（完全並べ替え）,5,9,"13［11, 15］","14［12, 15］",11、12、13、14、15,12、12、13、13、14、14、15、15、15,16.5,0.43156843156843155,-0.267,0.367,148,13,0.003,,1.0,1.0,初回 MMSE［場所見当識＋注意計算＋読字理解＋3段階命令＋書字］
M_MMSE部分集合(k=6),初回 MMSE［場所見当識＋物品呼称＋注意計算＋読字理解＋3段階命令＋書字］,MWU（完全並べ替え）,5,9,"15［13, 17］","16［14, 17］",13、14、15、16、17,14、14、15、15、16、16、17、17、17,16.5,0.43156843156843155,-0.267,0.367,148,13,0.003,,1.0,1.0,
M_MMSE部分集合(k=5),初回 MMSE［場所見当識＋物品呼称＋注意計算＋読字理解＋3段階命令］,MWU（完全並べ替え）,5,9,"14［12, 16］","15［13, 16］",12、13、14、15、16,13、13、14、14、15、15、16、16、16,16.5,0.43156843156843155,-0.267,0.367,148,13,0.003,,1.0,1.0,初回 MMSE［場所見当識＋物品呼称＋注意計算＋3段階命令＋書字］
M_MMSE部分集合(k=6),初回 MMSE［場所見当識＋物品呼称＋記銘＋注意計算＋遅延再生＋図形模写］,MWU（完全並べ替え）,5,9,"13［13, 17］","15［13, 18］",13、13、13、16、17,13、14、14、15、15、15、16、16、18,16.5,0.4325674325674326,-0.267,0.367,148,12,0.0005,,1.0,1.0,初回 MMSE［場所見当識＋記銘＋注意計算＋遅延再生＋読字理解＋書字＋図形模写］
M_MMSE部分集合(k=7),初回 MMSE［場所見当識＋物品呼称＋記銘＋注意計算＋遅延再生＋読字理解＋図形模写］,MWU（完全並べ替え）,5,9,"14［14, 18］","16［14, 19］",14、14、14、17、18,14、15、15、16、16、16、17、17、19,16.5,0.4325674325674326,-0.267,0.367,148,12,0.0005,,1.0,1.0,初回 MMSE［場所見当識＋物品呼称＋記銘＋注意計算＋遅延再生＋書字＋図形模写］
M_MMSE部分集合(k=8),初回 MMSE［場所見当識＋物品呼称＋記銘＋注意計算＋遅延再生＋読字理解＋書字＋図形模写］,MWU（完全並べ替え）,5,9,"15［15, 19］","17［15, 20］",15、15、15、18、19,15、16、16、17、17、17、18、18、20,16.5,0.4325674325674326,-0.267,0.367,148,12,0.0005,,1.0,1.0,
M_MMSE部分集合(k=5),初回 MMSE［場所見当識＋記銘＋注意計算＋遅延再生＋図形模写］,MWU（完全並べ替え）,5,9,"11［11, 15］","13［11, 16］",11、11、11、14、15,11、12、12、13、13、13、14、14、16,16.5,0.4325674325674326,-0.267,0.367,148,12,0.0005,,1.0,1.0,
M_MMSE部分集合(k=6),初回 MMSE［場所見当識＋記銘＋注意計算＋遅延再生＋読字理解＋図形模写］,MWU（完全並べ替え）,5,9,"12［12, 16］","14［12, 17］",12、12、12、15、16,12、13、13、14、14、14、15、15、17,16.5,0.4325674325674326,-0.267,0.367,148,12,0.0005,,1.0,1.0,初回 MMSE［場所見当識＋記銘＋注意計算＋遅延再生＋書字＋図形模写］
M_MMSE部分集合(k=4),初回 MMSE［時間見当識＋物品呼称＋遅延再生＋図形模写］,MWU（完全並べ替え）,5,9,"8［6, 9］","8［4, 11］",6、7、8、9、9,4、6、6、6、8、8、8、8、11,28.5,0.43306693306693306,0.267,0.633,148,11,0.0005,,1.0,1.0,初回 MMSE［時間見当識＋遅延再生＋読字理解＋書字＋図形模写］
M_MMSE部分集合(k=5),初回 MMSE［時間見当識＋物品呼称＋遅延再生＋読字理解＋図形模写］,MWU（完全並べ替え）,5,9,"9［7, 10］","9［5, 12］",7、8、9、10、10,5、7、7、7、9、9、9、9、12,28.5,0.43306693306693306,0.267,0.633,148,11,0.0005,,1.0,1.0,初回 MMSE［時間見当識＋物品呼称＋遅延再生＋書字＋図形模写］
M_MMSE部分集合(k=6),初回 MMSE［時間見当識＋物品呼称＋遅延再生＋読字理解＋書字＋図形模写］,MWU（完全並べ替え）,5,9,"10［8, 11］","10［6, 13］",8、9、10、11、11,6、8、8、8、10、10、10、10、13,28.5,0.43306693306693306,0.267,0.633,148,11,0.0005,,1.0,1.0,
M_MMSE部分集合(k=5),初回 MMSE［時間見当識＋物品呼称＋遅延再生＋読字理解＋書字］,MWU（完全並べ替え）,5,9,"9［7, 10］","9［6, 12］",7、8、9、10、10,6、7、7、7、9、9、9、9、12,28.5,0.43306693306693306,0.267,0.633,148,11,0.0005,,1.0,1.0,
M_MMSE部分集合(k=4),初回 MMSE［時間見当識＋物品呼称＋遅延再生＋読字理解］,MWU（完全並べ替え）,5,9,"8［6, 9］","8［5, 11］",6、7、8、9、9,5、6、6、6、8、8、8、8、11,28.5,0.43306693306693306,0.267,0.633,148,11,0.0005,,1.0,1.0,初回 MMSE［時間見当識＋物品呼称＋遅延再生＋書字］
M_MMSE部分集合(k=3),初回 MMSE［時間見当識＋物品呼称＋遅延再生］,MWU（完全並べ替え）,5,9,"7［5, 8］","7［4, 10］",5、6、7、8、8,4、5、5、5、7、7、7、7、10,28.5,0.43306693306693306,0.267,0.633,148,11,0.0005,,1.0,1.0,初回 MMSE［時間見当識＋遅延再生＋読字理解＋書字］
M_MMSE部分集合(k=3),初回 MMSE［時間見当識＋遅延再生＋図形模写］,MWU（完全並べ替え）,5,9,"6［4, 7］","6［2, 9］",4、5、6、7、7,2、4、4、4、6、6、6、6、9,28.5,0.43306693306693306,0.267,0.633,148,11,0.0005,,1.0,1.0,
M_MMSE部分集合(k=4),初回 MMSE［時間見当識＋遅延再生＋読字理解＋図形模写］,MWU（完全並べ替え）,5,9,"7［5, 8］","7［3, 10］",5、6、7、8、8,3、5、5、5、7、7、7、7、10,28.5,0.43306693306693306,0.267,0.633,148,11,0.0005,,1.0,1.0,初回 MMSE［時間見当識＋遅延再生＋書字＋図形模写］
M_MMSE部分集合(k=3),初回 MMSE［時間見当識＋遅延再生＋読字理解］,MWU（完全並べ替え）,5,9,"6［4, 7］","6［3, 9］",4、5、6、7、7,3、4、4、4、6、6、6、6、9,28.5,0.43306693306693306,0.267,0.633,148,11,0.0005,,1.0,1.0,初回 MMSE［時間見当識＋遅延再生＋書字］
M_MMSE部分集合(k=2),初回 MMSE［時間見当識＋遅延再生］,MWU（完全並べ替え）,5,9,"5［3, 6］","5［2, 8］",3、4、5、6、6,2、3、3、3、5、5、5、5、8,28.5,0.43306693306693306,0.267,0.633,148,11,0.0005,,1.0,1.0,
M_MMSE部分集合(k=3),初回 MMSE［時間見当識＋3段階命令＋図形模写］,MWU（完全並べ替え）,5,9,"9［7, 9］","8［5, 9］",7、7、9、9、9,5、6、7、7、8、8、9、9、9,28.5,0.43456543456543456,0.267,0.633,148,12,0.002,,1.0,1.0,
M_MMSE部分集合(k=4),初回 MMSE［時間見当識＋物品呼称＋3段階命令＋図形模写］,MWU（完全並べ替え）,5,9,"11［9, 11］","10［7, 11］",9、9、11、11、11,7、8、9、9、10、10、11、11、11,28.5,0.43456543456543456,0.267,0.633,148,12,0.002,,1.0,1.0,初回 MMSE［時間見当識＋読字理解＋3段階命令＋書字＋図形模写］
M_MMSE部分集合(k=5),初回 MMSE［時間見当識＋物品呼称＋読字理解＋3段階命令＋図形模写］,MWU（完全並べ替え）,5,9,"12［10, 12］","11［8, 12］",10、10、12、12、12,8、9、10、10、11、11、12、12、12,28.5,0.43456543456543456,0.267,0.633,148,12,0.002,,1.0,1.0,初回 MMSE［時間見当識＋物品呼称＋3段階命令＋書字＋図形模写］
M_MMSE部分集合(k=6),初回 MMSE［時間見当識＋物品呼称＋読字理解＋3段階命令＋書字＋図形模写］,MWU（完全並べ替え）,5,9,"13［11, 13］","12［9, 13］",11、11、13、13、13,9、10、11、11、12、12、13、13、13,28.5,0.43456543456543456,0.267,0.633,148,12,0.002,,1.0,1.0,
M_MMSE部分集合(k=4),初回 MMSE［時間見当識＋読字理解＋3段階命令＋図形模写］,MWU（完全並べ替え）,5,9,"10［8, 10］","9［6, 10］",8、8、10、10、10,6、7、8、8、9、9、10、10、10,28.5,0.43456543456543456,0.267,0.633,148,12,0.002,,1.0,1.0,初回 MMSE［時間見当識＋3段階命令＋書字＋図形模写］
M_CDR部分集合(k=3),Δ CDR［判断力・問題解決＋地域社会の活動＋身の回りの世話］,MWU（完全並べ替え）,5,9,"0［0, 0.5］","0［0, 2］",0、0、0、0、0.5,0、0、0、0、0、0.5、0.5、1、2,16.0,0.43656343656343655,-0.289,0.356,126,12,0.0005,,1.0,1.0,
M_CDR部分集合(k=2),Δ CDR［判断力・問題解決＋地域社会の活動］,MWU（完全並べ替え）,5,9,"0［0, 0.5］","0［0, 1］",0、0、0、0、0.5,0、0、0、0、0、0.5、0.5、1、1,16.0,0.43656343656343655,-0.289,0.356,126,14,0.0005,,1.0,1.0,
M_MMSE部分集合(k=5),初回 MMSE［時間見当識＋物品呼称＋記銘＋復唱＋図形模写］,MWU（完全並べ替え）,5,9,"11［10, 12］","10［8, 12］",10、10、11、12、12,8、9、10、10、10、11、11、12、12,29.0,0.43956043956043955,0.289,0.644,126,12,0.0015,,1.0,1.0,初回 MMSE［時間見当識＋記銘＋復唱＋読字理解＋書字＋図形模写］
M_MMSE部分集合(k=6),初回 MMSE［時間見当識＋物品呼称＋記銘＋復唱＋読字理解＋図形模写］,MWU（完全並べ替え）,5,9,"12［11, 13］","11［9, 13］",11、11、12、13、13,9、10、11、11、11、12、12、13、13,29.0,0.43956043956043955,0.289,0.644,126,12,0.0015,,1.0,1.0,初回 MMSE［時間見当識＋物品呼称＋記銘＋復唱＋書字＋図形模写］
M_MMSE部分集合(k=7),初回 MMSE［時間見当識＋物品呼称＋記銘＋復唱＋読字理解＋書字＋図形模写］,MWU（完全並べ替え）,5,9,"13［12, 14］","12［10, 14］",12、12、13、14、14,10、11、12、12、12、13、13、14、14,29.0,0.43956043956043955,0.289,0.644,126,12,0.0015,,1.0,1.0,
M_MMSE部分集合(k=4),初回 MMSE［時間見当識＋記銘＋復唱＋図形模写］,MWU（完全並べ替え）,5,9,"9［8, 10］","8［6, 10］",8、8、9、10、10,6、7、8、8、8、9、9、10、10,29.0,0.43956043956043955,0.289,0.644,126,12,0.0015,,1.0,1.0,
M_MMSE部分集合(k=5),初回 MMSE［時間見当識＋記銘＋復唱＋読字理解＋図形模写］,MWU（完全並べ替え）,5,9,"10［9, 11］","9［7, 11］",9、9、10、11、11,7、8、9、9、9、10、10、11、11,29.0,0.43956043956043955,0.289,0.644,126,12,0.0015,,1.0,1.0,初回 MMSE［時間見当識＋記銘＋復唱＋書字＋図形模写］
M_MMSE部分集合(k=4),Δ MMSE［記銘＋注意計算＋遅延再生＋復唱］,MWU（完全並べ替え）,5,9,"1［-1, 3］","0［-3, 1］",-1、-1、1、1、3,-3、-2、-1、0、0、0、1、1、1,29.0,0.44555444555444557,0.289,0.644,126,11,0.0005,,1.0,1.0,Δ MMSE［物品呼称＋記銘＋注意計算＋遅延再生＋復唱］ ほか14件
B_追跡時値,追跡時 MMSE合計,MWU（完全並べ替え）,5,9,"25［22, 27］","23［21, 29］",22、24、25、26、27,21、23、23、23、23、24、25、26、29,28.5,0.4485514485514486,0.267,0.633,148,10,0.001,,1.0,1.0,追跡時 MMSE［時間見当識＋場所見当識＋物品呼称＋記銘＋注意計算＋遅延再生＋復唱＋読字理解＋3段階命令＋書字＋図形模写］
M_MMSE部分集合(k=6),追跡時 MMSE［時間見当識＋場所見当識＋注意計算＋遅延再生＋復唱＋3段階命令］,MWU（完全並べ替え）,5,9,"17［14, 19］","15［13, 21］",14、16、17、18、19,13、15、15、15、15、16、17、18、21,28.5,0.4485514485514486,0.267,0.633,148,10,0.001,,1.0,1.0,
M_MMSE部分集合(k=7),追跡時 MMSE［時間見当識＋場所見当識＋注意計算＋遅延再生＋復唱＋読字理解＋3段階命令］,MWU（完全並べ替え）,5,9,"18［15, 20］","16［14, 22］",15、17、18、19、20,14、16、16、16、16、17、18、19、22,28.5,0.4485514485514486,0.267,0.633,148,10,0.001,,1.0,1.0,追跡時 MMSE［時間見当識＋場所見当識＋注意計算＋遅延再生＋復唱＋3段階命令＋書字］、追跡時 MMSE［時間見当識＋場所見当識＋注意計算＋遅延再生＋復唱＋3段階命令＋図形模写］
M_MMSE部分集合(k=7),追跡時 MMSE［時間見当識＋場所見当識＋物品呼称＋注意計算＋遅延再生＋復唱＋3段階命令］,MWU（完全並べ替え）,5,9,"19［16, 21］","17［15, 23］",16、18、19、20、21,15、17、17、17、17、18、19、20、23,28.5,0.4485514485514486,0.267,0.633,148,10,0.001,,1.0,1.0,追跡時 MMSE［時間見当識＋場所見当識＋注意計算＋遅延再生＋復唱＋読字理解＋3段階命令＋書字］、追跡時 MMSE［時間見当識＋場所見当識＋注意計算＋遅延再生＋復唱＋読字理解＋3段階命令＋図形模写］、追跡時 MMSE［時間見当識＋場所見当識＋注意計算＋遅延再生＋復唱＋3段階命令＋書字＋図形模写］
M_MMSE部分集合(k=8),追跡時 MMSE［時間見当識＋場所見当識＋物品呼称＋記銘＋注意計算＋遅延再生＋復唱＋3段階命令］,MWU（完全並べ替え）,5,9,"22［19, 24］","20［18, 26］",19、21、22、23、24,18、20、20、20、20、21、22、23、26,28.5,0.4485514485514486,0.267,0.633,148,10,0.001,,1.0,1.0,追跡時 MMSE［時間見当識＋場所見当識＋記銘＋注意計算＋遅延再生＋復唱＋読字理解＋3段階命令＋書字］、追跡時 MMSE［時間見当識＋場所見当識＋記銘＋注意計算＋遅延再生＋復唱＋読字理解＋3段階命令＋図形模写］、追跡時 MMSE［時間見当識＋場所見当識＋記銘＋注意計算＋遅延再生＋復唱＋3段階命令＋書字＋図形模写］、追跡時 MMSE［時間見当識＋場所見当識＋物品呼称＋注意計算＋遅延再生＋復唱＋読字理解＋3段階命令＋書字＋図形模写］
M_MMSE部分集合(k=10),追跡時 MMSE［時間見当識＋場所見当識＋物品呼称＋記銘＋注意計算＋遅延再生＋復唱＋読字理解＋3段階命令＋書字］,MWU（完全並べ替え）,5,9,"24［21, 26］","22［20, 28］",21、23、24、25、26,20、22、22、22、22、23、24、25、28,28.5,0.4485514485514486,0.267,0.633,148,10,0.001,,1.0,1.0,追跡時 MMSE［時間見当識＋場所見当識＋物品呼称＋記銘＋注意計算＋遅延再生＋復唱＋読字理解＋3段階命令＋図形模写］、追跡時 MMSE［時間見当識＋場所見当識＋物品呼称＋記銘＋注意計算＋遅延再生＋復唱＋3段階命令＋書字＋図形模写］
M_MMSE部分集合(k=9),追跡時 MMSE［時間見当識＋場所見当識＋物品呼称＋記銘＋注意計算＋遅延再生＋復唱＋読字理解＋3段階命令］,MWU（完全並べ替え）,5,9,"23［20, 25］","21［19, 27］",20、22、23、24、25,19、21、21、21、21、22、23、24、27,28.5,0.4485514485514486,0.267,0.633,148,10,0.001,,1.0,1.0,追跡時 MMSE［時間見当識＋場所見当識＋物品呼称＋記銘＋注意計算＋遅延再生＋復唱＋3段階命令＋書字］、追跡時 MMSE［時間見当識＋場所見当識＋物品呼称＋記銘＋注意計算＋遅延再生＋復唱＋3段階命令＋図形模写］、追跡時 MMSE［時間見当識＋場所見当識＋記銘＋注意計算＋遅延再生＋復唱＋読字理解＋3段階命令＋書字＋図形模写］
M_MMSE部分集合(k=7),追跡時 MMSE［時間見当識＋場所見当識＋記銘＋注意計算＋遅延再生＋復唱＋3段階命令］,MWU（完全並べ替え）,5,9,"20［17, 22］","18［16, 24］",17、19、20、21、22,16、18、18、18、18、19、20、21、24,28.5,0.4485514485514486,0.267,0.633,148,10,0.001,,1.0,1.0,追跡時 MMSE［時間見当識＋場所見当識＋物品呼称＋注意計算＋遅延再生＋復唱＋読字理解＋3段階命令］、追跡時 MMSE［時間見当識＋場所見当識＋物品呼称＋注意計算＋遅延再生＋復唱＋3段階命令＋書字］、追跡時 MMSE［時間見当識＋場所見当識＋物品呼称＋注意計算＋遅延再生＋復唱＋3段階命令＋図形模写］、追跡時 MMSE［時間見当識＋場所見当識＋注意計算＋遅延再生＋復唱＋読字理解＋3段階命令＋書字＋図形模写］
M_MMSE部分集合(k=8),追跡時 MMSE［時間見当識＋場所見当識＋記銘＋注意計算＋遅延再生＋復唱＋読字理解＋3段階命令］,MWU（完全並べ替え）,5,9,"21［18, 23］","19［17, 25］",18、20、21、22、23,17、19、19、19、19、20、21、22、25,28.5,0.4485514485514486,0.267,0.633,148,10,0.001,,1.0,1.0,追跡時 MMSE［時間見当識＋場所見当識＋記銘＋注意計算＋遅延再生＋復唱＋3段階命令＋書字］ ほか4件
M_MMSE部分集合(k=6),初回 MMSE［時間見当識＋物品呼称＋記銘＋復唱＋読字理解＋書字］,MWU（完全並べ替え）,5,9,"12［11, 13］","11［10, 13］",11、11、12、13、13,10、10、11、11、11、12、12、13、13,29.0,0.44955044955044954,0.289,0.644,126,14,0.0015,,1.0,1.0,
M_MMSE部分集合(k=5),初回 MMSE［時間見当識＋物品呼称＋記銘＋復唱＋読字理解］,MWU（完全並べ替え）,5,9,"11［10, 12］","10［9, 12］",10、10、11、12、12,9、9、10、10、10、11、11、12、12,29.0,0.44955044955044954,0.289,0.644,126,14,0.0015,,1.0,1.0,初回 MMSE［時間見当識＋物品呼称＋記銘＋復唱＋書字］
M_MMSE部分集合(k=4),初回 MMSE［時間見当識＋物品呼称＋記銘＋復唱］,MWU（完全並べ替え）,5,9,"10［9, 11］","9［8, 11］",9、9、10、11、11,8、8、9、9、9、10、10、11、11,29.0,0.44955044955044954,0.289,0.644,126,14,0.0015,,1.0,1.0,初回 MMSE［時間見当識＋記銘＋復唱＋読字理解＋書字］
M_MMSE部分集合(k=4),初回 MMSE［時間見当識＋記銘＋復唱＋読字理解］,MWU（完全並べ替え）,5,9,"9［8, 10］","8［7, 10］",8、8、9、10、10,7、7、8、8、8、9、9、10、10,29.0,0.44955044955044954,0.289,0.644,126,14,0.0015,,1.0,1.0,初回 MMSE［時間見当識＋記銘＋復唱＋書字］
M_MMSE部分集合(k=3),初回 MMSE［時間見当識＋記銘＋復唱］,MWU（完全並べ替え）,5,9,"8［7, 9］","7［6, 9］",7、7、8、9、9,6、6、7、7、7、8、8、9、9,29.0,0.44955044955044954,0.289,0.644,126,14,0.0015,,1.0,1.0,
M_CDR部分集合(k=2),初回 CDR［判断力・問題解決＋地域社会の活動］,MWU（完全並べ替え）,5,9,"0.5［0, 1］","0.5［0.5, 1］",0、0、0.5、1、1,0.5、0.5、0.5、0.5、0.5、1、1、1、1,16.5,0.45054945054945056,-0.267,0.367,148,14,0.003,,1.0,1.0,初回 CDR［判断力・問題解決＋地域社会の活動＋身の回りの世話］
M_CDR部分集合(k=3),初回 CDR［記憶＋判断力・問題解決＋地域社会の活動］,MWU（完全並べ替え）,5,9,"1［0.5, 1.5］","1［1, 1.5］",0.5、0.5、1、1.5、1.5,1、1、1、1、1、1.5、1.5、1.5、1.5,16.5,0.45054945054945056,-0.267,0.367,148,14,0.003,,1.0,1.0,初回 CDR［記憶＋判断力・問題解決＋地域社会の活動＋身の回りの世話］
M_MMSE部分集合(k=5),初回 MMSE［場所見当識＋物品呼称＋記銘＋読字理解＋書字］,MWU（完全並べ替え）,5,9,"11［10, 12］","11［11, 12］",10、10、11、12、12,11、11、11、11、11、12、12、12、12,16.5,0.45054945054945056,-0.267,0.367,148,14,0.003,,1.0,1.0,
M_MMSE部分集合(k=4),初回 MMSE［場所見当識＋物品呼称＋記銘＋読字理解］,MWU（完全並べ替え）,5,9,"10［9, 11］","10［10, 11］",9、9、10、11、11,10、10、10、10、10、11、11、11、11,16.5,0.45054945054945056,-0.267,0.367,148,14,0.003,,1.0,1.0,初回 MMSE［場所見当識＋物品呼称＋記銘＋書字］
M_MMSE部分集合(k=3),初回 MMSE［場所見当識＋物品呼称＋記銘］,MWU（完全並べ替え）,5,9,"9［8, 10］","9［9, 10］",8、8、9、10、10,9、9、9、9、9、10、10、10、10,16.5,0.45054945054945056,-0.267,0.367,148,14,0.003,,1.0,1.0,初回 MMSE［場所見当識＋記銘＋読字理解＋書字］
M_MMSE部分集合(k=3),初回 MMSE［場所見当識＋記銘＋読字理解］,MWU（完全並べ替え）,5,9,"8［7, 9］","8［8, 9］",7、7、8、9、9,8、8、8、8、8、9、9、9、9,16.5,0.45054945054945056,-0.267,0.367,148,14,0.003,,1.0,1.0,初回 MMSE［場所見当識＋記銘＋書字］
M_MMSE部分集合(k=2),初回 MMSE［場所見当識＋記銘］,MWU（完全並べ替え）,5,9,"7［6, 8］","7［7, 8］",6、6、7、8、8,7、7、7、7、7、8、8、8、8,16.5,0.45054945054945056,-0.267,0.367,148,14,0.003,,1.0,1.0,
L_固定時点(12か月),12か月 CDR 地域社会の活動,MWU（完全並べ替え）,3,6,"0［0, 1］","0.5［0, 1］",0、0、1,0、0.5、0.5、0.5、0.5、1,6.5,0.4523809523809524,-0.278,0.361,136,9,0.0119,,1.0,1.0,
M_MMSE部分集合(k=2),初回 MMSE［時間見当識＋3段階命令］,MWU（完全並べ替え）,5,9,"8［6, 8］","7［5, 8］",6、6、8、8、8,5、5、6、6、7、7、8、8、8,28.5,0.45454545454545453,0.267,0.633,148,14,0.002,,1.0,1.0,
M_MMSE部分集合(k=3),初回 MMSE［時間見当識＋物品呼称＋3段階命令］,MWU（完全並べ替え）,5,9,"10［8, 10］","9［7, 10］",8、8、10、10、10,7、7、8、8、9、9、10、10、10,28.5,0.45454545454545453,0.267,0.633,148,14,0.002,,1.0,1.0,初回 MMSE［時間見当識＋読字理解＋3段階命令＋書字］
M_MMSE部分集合(k=5),初回 MMSE［時間見当識＋物品呼称＋読字理解＋3段階命令＋書字］,MWU（完全並べ替え）,5,9,"12［10, 12］","11［9, 12］",10、10、12、12、12,9、9、10、10、11、11、12、12、12,28.5,0.45454545454545453,0.267,0.633,148,14,0.002,,1.0,1.0,
M_MMSE部分集合(k=4),初回 MMSE［時間見当識＋物品呼称＋読字理解＋3段階命令］,MWU（完全並べ替え）,5,9,"11［9, 11］","10［8, 11］",9、9、11、11、11,8、8、9、9、10、10、11、11、11,28.5,0.45454545454545453,0.267,0.633,148,14,0.002,,1.0,1.0,初回 MMSE［時間見当識＋物品呼称＋3段階命令＋書字］
M_MMSE部分集合(k=3),初回 MMSE［時間見当識＋読字理解＋3段階命令］,MWU（完全並べ替え）,5,9,"9［7, 9］","8［6, 9］",7、7、9、9、9,6、6、7、7、8、8、9、9、9,28.5,0.45454545454545453,0.267,0.633,148,14,0.002,,1.0,1.0,初回 MMSE［時間見当識＋3段階命令＋書字］
M_MMSE部分集合(k=3),初回 MMSE［場所見当識＋注意計算＋図形模写］,MWU（完全並べ替え）,5,9,"9［7, 11］","10［8, 11］",7、8、9、10、11,8、8、9、10、10、10、10、11、11,16.5,0.45904095904095904,-0.267,0.367,148,13,0.001,,1.0,1.0,
M_MMSE部分集合(k=4),初回 MMSE［場所見当識＋注意計算＋読字理解＋図形模写］,MWU（完全並べ替え）,5,9,"10［8, 12］","11［9, 12］",8、9、10、11、12,9、9、10、11、11、11、11、12、12,16.5,0.45904095904095904,-0.267,0.367,148,13,0.001,,1.0,1.0,初回 MMSE［場所見当識＋注意計算＋書字＋図形模写］
M_MMSE部分集合(k=4),初回 MMSE［場所見当識＋物品呼称＋注意計算＋図形模写］,MWU（完全並べ替え）,5,9,"11［9, 13］","12［10, 13］",9、10、11、12、13,10、10、11、12、12、12、12、13、13,16.5,0.45904095904095904,-0.267,0.367,148,13,0.001,,1.0,1.0,初回 MMSE［場所見当識＋注意計算＋読字理解＋書字＋図形模写］
M_MMSE部分集合(k=5),初回 MMSE［場所見当識＋物品呼称＋注意計算＋読字理解＋図形模写］,MWU（完全並べ替え）,5,9,"12［10, 14］","13［11, 14］",10、11、12、13、14,11、11、12、13、13、13、13、14、14,16.5,0.45904095904095904,-0.267,0.367,148,13,0.001,,1.0,1.0,初回 MMSE［場所見当識＋物品呼称＋注意計算＋書字＋図形模写］
M_MMSE部分集合(k=6),初回 MMSE［場所見当識＋物品呼称＋注意計算＋読字理解＋書字＋図形模写］,MWU（完全並べ替え）,5,9,"13［11, 15］","14［12, 15］",11、12、13、14、15,12、12、13、14、14、14、14、15、15,16.5,0.45904095904095904,-0.267,0.367,148,13,0.001,,1.0,1.0,
M_MMSE部分集合(k=7),初回 MMSE［場所見当識＋物品呼称＋記銘＋注意計算＋遅延再生＋3段階命令＋図形模写］,MWU（完全並べ替え）,5,9,"16［16, 20］","18［16, 21］",16、16、16、19、20,16、17、17、17、18、18、19、19、21,16.5,0.461038961038961,-0.267,0.367,148,12,0.0005,,1.0,1.0,初回 MMSE［場所見当識＋記銘＋注意計算＋遅延再生＋読字理解＋3段階命令＋書字＋図形模写］
M_MMSE部分集合(k=8),初回 MMSE［場所見当識＋物品呼称＋記銘＋注意計算＋遅延再生＋読字理解＋3段階命令＋図形模写］,MWU（完全並べ替え）,5,9,"17［17, 21］","19［17, 22］",17、17、17、20、21,17、18、18、18、19、19、20、20、22,16.5,0.461038961038961,-0.267,0.367,148,12,0.0005,,1.0,1.0,初回 MMSE［場所見当識＋物品呼称＋記銘＋注意計算＋遅延再生＋3段階命令＋書字＋図形模写］
M_MMSE部分集合(k=9),初回 MMSE［場所見当識＋物品呼称＋記銘＋注意計算＋遅延再生＋読字理解＋3段階命令＋書字＋図形模写］,MWU（完全並べ替え）,5,9,"18［18, 22］","20［18, 23］",18、18、18、21、22,18、19、19、19、20、20、21、21、23,16.5,0.461038961038961,-0.267,0.367,148,12,0.0005,,1.0,1.0,
M_MMSE部分集合(k=6),初回 MMSE［場所見当識＋記銘＋注意計算＋遅延再生＋3段階命令＋図形模写］,MWU（完全並べ替え）,5,9,"14［14, 18］","16［14, 19］",14、14、14、17、18,14、15、15、15、16、16、17、17、19,16.5,0.461038961038961,-0.267,0.367,148,12,0.0005,,1.0,1.0,
M_MMSE部分集合(k=7),初回 MMSE［場所見当識＋記銘＋注意計算＋遅延再生＋読字理解＋3段階命令＋図形模写］,MWU（完全並べ替え）,5,9,"15［15, 19］","17［15, 20］",15、15、15、18、19,15、16、16、16、17、17、18、18、20,16.5,0.461038961038961,-0.267,0.367,148,12,0.0005,,1.0,1.0,初回 MMSE［場所見当識＋記銘＋注意計算＋遅延再生＋3段階命令＋書字＋図形模写］
M_MMSE部分集合(k=4),Δ MMSE［記銘＋注意計算＋遅延再生＋図形模写］,MWU（完全並べ替え）,5,9,"1［-1, 3］","0［-3, 1］",-1、-1、1、1、3,-3、-1、-1、0、0、0、0、1、1,29.0,0.46253746253746253,0.289,0.644,126,12,0.001,,1.0,1.0,Δ MMSE［物品呼称＋記銘＋注意計算＋遅延再生＋図形模写］ ほか14件
M_CDR部分集合(k=5),追跡時 CDR［見当識＋判断力・問題解決＋地域社会の活動＋家庭・趣味＋身の回りの世話］,MWU（完全並べ替え）,5,9,"1［0.5, 3.5］","2［1, 4］",0.5、1、1、2、3.5,1、1、1、1.5、2、2、2、3、4,16.5,0.463036963036963,-0.267,0.367,148,9,0.00549,,1.0,1.0,
M_MMSE部分集合(k=2),Δ MMSE［時間見当識＋記銘］,MWU（完全並べ替え）,5,9,"-1［-3, 1］","0［-1, 2］",-3、-1、-1、0、1,-1、-1、-1、-1、0、0、0、1、2,17.0,0.46353646353646355,-0.244,0.378,176,12,0.003,,1.0,1.0,Δ MMSE［時間見当識＋物品呼称＋記銘］ ほか14件
L_固定時点(12か月),12か月 MMSE 場所見当識,MWU（完全並べ替え）,3,6,"5［5, 5］","4.5［4, 5］",5、5、5,4、4、4、5、5、5,13.5,0.4642857142857143,0.5,0.75,42,9,0.0119,,1.0,1.0,
M_CDR部分集合(k=3),初回 CDR［見当識＋判断力・問題解決＋地域社会の活動］,MWU（完全並べ替え）,5,9,"0.5［0, 1.5］","1［0.5, 1.5］",0、0、0.5、1.5、1.5,0.5、0.5、0.5、1、1、1、1.5、1.5、1.5,16.5,0.4675324675324675,-0.267,0.367,148,14,0.0005,,1.0,1.0,初回 CDR［見当識＋判断力・問題解決＋地域社会の活動＋身の回りの世話］
M_CDR部分集合(k=4),初回 CDR［記憶＋見当識＋判断力・問題解決＋地域社会の活動］,MWU（完全並べ替え）,5,9,"1［0.5, 2］","1.5［1, 2］",0.5、0.5、1、2、2,1、1、1、1.5、1.5、1.5、2、2、2,16.5,0.4675324675324675,-0.267,0.367,148,14,0.0005,,1.0,1.0,初回 CDR［記憶＋見当識＋判断力・問題解決＋地域社会の活動＋身の回りの世話］
M2_下位項目の差,Δ CDR［判断力・問題解決−家庭・趣味］,MWU（完全並べ替え）,5,9,"0［-1, 0］","0［-0.5, 0.5］",-1、-0.5、0、0、0,-0.5、-0.5、0、0、0、0、0、0、0.5,16.0,0.468031968031968,-0.289,0.356,126,12,0.0045,,1.0,1.0,
M_MMSE部分集合(k=2),Δ MMSE［場所見当識＋図形模写］,MWU（完全並べ替え）,5,9,"0［0, 2］","0［-1, 1］",0、0、0、1、2,-1、0、0、0、0、0、0、1、1,29.0,0.468031968031968,0.289,0.644,126,12,0.0045,,1.0,1.0,Δ MMSE［場所見当識＋物品呼称＋図形模写］ ほか14件
M_MMSE部分集合(k=2),Δ MMSE［場所見当識＋復唱］,MWU（完全並べ替え）,5,9,"0［0, 2］","0［-1, 1］",0、0、0、1、2,-1、0、0、0、0、0、0、1、1,29.0,0.468031968031968,0.289,0.644,126,12,0.0045,,1.0,1.0,Δ MMSE［場所見当識＋物品呼称＋復唱］ ほか14件
F_相対変化,CDR-SB 相対変化率(%),MWU（完全並べ替え）,5,9,"100［0, 125］","50［0, 200］",0、50、100、100、125,0、0、0、25、50、80、100、100、200,28.0,0.47352647352647353,0.244,0.622,176,10,0.0005,,1.0,1.0,
M_MMSE部分集合(k=5),追跡時 MMSE［時間見当識＋場所見当識＋注意計算＋復唱＋読字理解］,MWU（完全並べ替え）,5,9,"15［12, 16］","13［12, 16］",12、14、15、16、16,12、13、13、13、13、14、15、16、16,28.5,0.47352647352647353,0.267,0.633,148,14,0.001,,1.0,1.0,追跡時 MMSE［時間見当識＋場所見当識＋注意計算＋復唱＋書字］、追跡時 MMSE［時間見当識＋場所見当識＋注意計算＋復唱＋図形模写］
M_MMSE部分集合(k=4),追跡時 MMSE［時間見当識＋場所見当識＋注意計算＋復唱］,MWU（完全並べ替え）,5,9,"14［11, 15］","12［11, 15］",11、13、14、15、15,11、12、12、12、12、13、14、15、15,28.5,0.47352647352647353,0.267,0.633,148,14,0.001,,1.0,1.0,
M_MMSE部分集合(k=5),追跡時 MMSE［時間見当識＋場所見当識＋物品呼称＋注意計算＋復唱］,MWU（完全並べ替え）,5,9,"16［13, 17］","14［13, 17］",13、15、16、17、17,13、14、14、14、14、15、16、17、17,28.5,0.47352647352647353,0.267,0.633,148,14,0.001,,1.0,1.0,追跡時 MMSE［時間見当識＋場所見当識＋注意計算＋復唱＋読字理解＋書字］、追跡時 MMSE［時間見当識＋場所見当識＋注意計算＋復唱＋読字理解＋図形模写］、追跡時 MMSE［時間見当識＋場所見当識＋注意計算＋復唱＋書字＋図形模写］
M_MMSE部分集合(k=9),追跡時 MMSE［時間見当識＋場所見当識＋物品呼称＋記銘＋注意計算＋復唱＋読字理解＋書字＋図形模写］,MWU（完全並べ替え）,5,9,"22［19, 23］","20［19, 23］",19、21、22、23、23,19、20、20、20、20、21、22、23、23,28.5,0.47352647352647353,0.267,0.633,148,14,0.001,,1.0,1.0,
M_MMSE部分集合(k=8),追跡時 MMSE［時間見当識＋場所見当識＋物品呼称＋記銘＋注意計算＋復唱＋読字理解＋書字］,MWU（完全並べ替え）,5,9,"21［18, 22］","19［18, 22］",18、20、21、22、22,18、19、19、19、19、20、21、22、22,28.5,0.47352647352647353,0.267,0.633,148,14,0.001,,1.0,1.0,追跡時 MMSE［時間見当識＋場所見当識＋物品呼称＋記銘＋注意計算＋復唱＋読字理解＋図形模写］、追跡時 MMSE［時間見当識＋場所見当識＋物品呼称＋記銘＋注意計算＋復唱＋書字＋図形模写］
M_MMSE部分集合(k=7),追跡時 MMSE［時間見当識＋場所見当識＋物品呼称＋記銘＋注意計算＋復唱＋読字理解］,MWU（完全並べ替え）,5,9,"20［17, 21］","18［17, 21］",17、19、20、21、21,17、18、18、18、18、19、20、21、21,28.5,0.47352647352647353,0.267,0.633,148,14,0.001,,1.0,1.0,追跡時 MMSE［時間見当識＋場所見当識＋物品呼称＋記銘＋注意計算＋復唱＋書字］、追跡時 MMSE［時間見当識＋場所見当識＋物品呼称＋記銘＋注意計算＋復唱＋図形模写］、追跡時 MMSE［時間見当識＋場所見当識＋記銘＋注意計算＋復唱＋読字理解＋書字＋図形模写］
M_MMSE部分集合(k=6),追跡時 MMSE［時間見当識＋場所見当識＋物品呼称＋記銘＋注意計算＋復唱］,MWU（完全並べ替え）,5,9,"19［16, 20］","17［16, 20］",16、18、19、20、20,16、17、17、17、17、18、19、20、20,28.5,0.47352647352647353,0.267,0.633,148,14,0.001,,1.0,1.0,追跡時 MMSE［時間見当識＋場所見当識＋記銘＋注意計算＋復唱＋読字理解＋書字］、追跡時 MMSE［時間見当識＋場所見当識＋記銘＋注意計算＋復唱＋読字理解＋図形模写］、追跡時 MMSE［時間見当識＋場所見当識＋記銘＋注意計算＋復唱＋書字＋図形模写］、追跡時 MMSE［時間見当識＋場所見当識＋物品呼称＋注意計算＋復唱＋読字理解＋書字＋図形模写］
M_MMSE部分集合(k=6),追跡時 MMSE［時間見当識＋場所見当識＋記銘＋注意計算＋復唱＋読字理解］,MWU（完全並べ替え）,5,9,"18［15, 19］","16［15, 19］",15、17、18、19、19,15、16、16、16、16、17、18、19、19,28.5,0.47352647352647353,0.267,0.633,148,14,0.001,,1.0,1.0,追跡時 MMSE［時間見当識＋場所見当識＋記銘＋注意計算＋復唱＋書字］ ほか4件
M_MMSE部分集合(k=5),追跡時 MMSE［時間見当識＋場所見当識＋記銘＋注意計算＋復唱］,MWU（完全並べ替え）,5,9,"17［14, 18］","15［14, 18］",14、16、17、18、18,14、15、15、15、15、16、17、18、18,28.5,0.47352647352647353,0.267,0.633,148,14,0.001,,1.0,1.0,追跡時 MMSE［時間見当識＋場所見当識＋物品呼称＋注意計算＋復唱＋読字理解］、追跡時 MMSE［時間見当識＋場所見当識＋物品呼称＋注意計算＋復唱＋書字］、追跡時 MMSE［時間見当識＋場所見当識＋物品呼称＋注意計算＋復唱＋図形模写］、追跡時 MMSE［時間見当識＋場所見当識＋注意計算＋復唱＋読字理解＋書字＋図形模写］
L_固定時点(6か月),6か月 ΔMMSE 場所見当識,MWU（完全並べ替え）,5,9,"1［0, 2］","0［-1, 1］",0、0、1、1、2,-1、0、0、0、0、1、1、1、1,29.0,0.4755244755244755,0.289,0.644,126,12,0.01499,,1.0,1.0,
M_MMSE部分集合(k=4),Δ MMSE［場所見当識＋記銘＋復唱＋図形模写］,MWU（完全並べ替え）,5,9,"1［0, 2］","0［-1, 1］",0、0、1、1、2,-1、0、0、0、0、1、1、1、1,29.0,0.4755244755244755,0.289,0.644,126,12,0.01499,,1.0,1.0,Δ MMSE［場所見当識＋物品呼称＋記銘＋復唱＋図形模写］ ほか14件
M2_下位項目の差,初回 MMSE［場所見当識−図形模写］,MWU（完全並べ替え）,5,9,"3［2, 4］","4［3, 5］",2、3、3、4、4,3、3、3、3、4、4、4、4、5,16.0,0.4755244755244755,-0.289,0.356,126,12,0.01499,,1.0,1.0,
A_初回値,初回 CDR-SB,MWU（完全並べ替え）,5,9,"1［0.5, 2.5］","1.5［1, 2.5］",0.5、1、1、2、2.5,1、1、1.5、1.5、1.5、2、2、2、2.5,17.0,0.476023976023976,-0.244,0.378,176,13,0.0005,,1.0,1.0,初回 CDR［記憶＋見当識＋判断力・問題解決＋地域社会の活動＋家庭・趣味］、初回 CDR［記憶＋見当識＋判断力・問題解決＋地域社会の活動＋家庭・趣味＋身の回りの世話］
M_CDR部分集合(k=4),初回 CDR［見当識＋判断力・問題解決＋地域社会の活動＋家庭・趣味］,MWU（完全並べ替え）,5,9,"0.5［0, 2］","1［0.5, 2］",0、0.5、0.5、1.5、2,0.5、0.5、1、1、1、1.5、1.5、1.5、2,17.0,0.476023976023976,-0.244,0.378,176,13,0.0005,,1.0,1.0,初回 CDR［見当識＋判断力・問題解決＋地域社会の活動＋家庭・趣味＋身の回りの世話］
M_MMSE部分集合(k=2),Δ MMSE［注意計算＋遅延再生］,MWU（完全並べ替え）,5,9,"0［-1, 3］","0［-3, 1］",-1、-1、0、1、3,-3、-2、-1、0、0、0、0、0、1,28.0,0.481018981018981,0.244,0.622,176,11,0.0005,,1.0,1.0,Δ MMSE［物品呼称＋注意計算＋遅延再生］ ほか14件
M2_下位項目の差,初回 MMSE［注意計算−復唱］,MWU（完全並べ替え）,5,9,"3［0, 4］","4［2, 5］",0、3、3、4、4,2、2、2、4、4、4、4、4、5,17.0,0.4825174825174825,-0.244,0.378,176,12,0.001,,1.0,1.0,
M_MMSE部分集合(k=6),初回 MMSE［場所見当識＋物品呼称＋記銘＋注意計算＋復唱＋図形模写］,MWU（完全並べ替え）,5,9,"14［13, 17］","15［14, 17］",13、14、14、16、17,14、14、14、15、15、16、16、17、17,17.0,0.48301698301698304,-0.244,0.378,176,13,0.0015,,1.0,1.0,初回 MMSE［場所見当識＋記銘＋注意計算＋復唱＋読字理解＋書字＋図形模写］
M_MMSE部分集合(k=7),初回 MMSE［場所見当識＋物品呼称＋記銘＋注意計算＋復唱＋読字理解＋図形模写］,MWU（完全並べ替え）,5,9,"15［14, 18］","16［15, 18］",14、15、15、17、18,15、15、15、16、16、17、17、18、18,17.0,0.48301698301698304,-0.244,0.378,176,13,0.0015,,1.0,1.0,初回 MMSE［場所見当識＋物品呼称＋記銘＋注意計算＋復唱＋書字＋図形模写］
M_MMSE部分集合(k=8),初回 MMSE［場所見当識＋物品呼称＋記銘＋注意計算＋復唱＋読字理解＋書字＋図形模写］,MWU（完全並べ替え）,5,9,"16［15, 19］","17［16, 19］",15、16、16、18、19,16、16、16、17、17、18、18、19、19,17.0,0.48301698301698304,-0.244,0.378,176,13,0.0015,,1.0,1.0,
M_MMSE部分集合(k=5),初回 MMSE［場所見当識＋記銘＋注意計算＋復唱＋図形模写］,MWU（完全並べ替え）,5,9,"12［11, 15］","13［12, 15］",11、12、12、14、15,12、12、12、13、13、14、14、15、15,17.0,0.48301698301698304,-0.244,0.378,176,13,0.0015,,1.0,1.0,
M_MMSE部分集合(k=6),初回 MMSE［場所見当識＋記銘＋注意計算＋復唱＋読字理解＋図形模写］,MWU（完全並べ替え）,5,9,"13［12, 16］","14［13, 16］",12、13、13、15、16,13、13、13、14、14、15、15、16、16,17.0,0.48301698301698304,-0.244,0.378,176,13,0.0015,,1.0,1.0,初回 MMSE［場所見当識＋記銘＋注意計算＋復唱＋書字＋図形模写］
M_CDR部分集合(k=3),追跡時 CDR［判断力・問題解決＋地域社会の活動＋家庭・趣味］,MWU（完全並べ替え）,5,9,"0.5［0.5, 2.5］","1.5［0.5, 2.5］",0.5、0.5、0.5、1.5、2.5,0.5、0.5、1、1、1.5、1.5、1.5、2.5、2.5,16.5,0.4835164835164835,-0.267,0.367,148,14,0.0005,,1.0,1.0,
M_MMSE部分集合(k=4),Δ MMSE［時間見当識＋場所見当識＋注意計算＋遅延再生］,MWU（完全並べ替え）,5,9,"0［-2, 3］","-1［-4, 3］",-2、-1、0、0、3,-4、-2、-2、-1、-1、-1、0、1、3,28.0,0.487012987012987,0.244,0.622,176,12,0.0015,,1.0,1.0,Δ MMSE［時間見当識＋場所見当識＋物品呼称＋注意計算＋遅延再生］ ほか14件
M_CDR部分集合(k=4),追跡時 CDR［記憶＋見当識＋判断力・問題解決＋身の回りの世話］,MWU（完全並べ替え）,5,9,"1.5［0.5, 2.5］","1.5［1, 3］",0.5、1、1.5、2、2.5,1、1.5、1.5、1.5、1.5、2、2、2.5、3,17.0,0.4875124875124875,-0.244,0.378,176,12,0.0015,,1.0,1.0,
M_MMSE部分集合(k=8),追跡時 MMSE［場所見当識＋物品呼称＋記銘＋遅延再生＋復唱＋読字理解＋書字＋図形模写］,MWU（完全並べ替え）,5,9,"14［13, 15］","14［13, 16］",13、14、14、14、15,13、13、13、13、14、14、14、14、16,28.0,0.48801198801198803,0.244,0.622,176,12,0.0005,,1.0,1.0,
M_MMSE部分集合(k=7),追跡時 MMSE［場所見当識＋物品呼称＋記銘＋遅延再生＋復唱＋読字理解＋書字］,MWU（完全並べ替え）,5,9,"13［12, 14］","13［12, 15］",12、13、13、13、14,12、12、12、12、13、13、13、13、15,28.0,0.48801198801198803,0.244,0.622,176,12,0.0005,,1.0,1.0,追跡時 MMSE［場所見当識＋物品呼称＋記銘＋遅延再生＋復唱＋読字理解＋図形模写］、追跡時 MMSE［場所見当識＋物品呼称＋記銘＋遅延再生＋復唱＋書字＋図形模写］
M_MMSE部分集合(k=6),追跡時 MMSE［場所見当識＋物品呼称＋記銘＋遅延再生＋復唱＋読字理解］,MWU（完全並べ替え）,5,9,"12［11, 13］","12［11, 14］",11、12、12、12、13,11、11、11、11、12、12、12、12、14,28.0,0.48801198801198803,0.244,0.622,176,12,0.0005,,1.0,1.0,追跡時 MMSE［場所見当識＋物品呼称＋記銘＋遅延再生＋復唱＋書字］、追跡時 MMSE［場所見当識＋物品呼称＋記銘＋遅延再生＋復唱＋図形模写］、追跡時 MMSE［場所見当識＋記銘＋遅延再生＋復唱＋読字理解＋書字＋図形模写］
M_MMSE部分集合(k=5),追跡時 MMSE［場所見当識＋物品呼称＋記銘＋遅延再生＋復唱］,MWU（完全並べ替え）,5,9,"11［10, 12］","11［10, 13］",10、11、11、11、12,10、10、10、10、11、11、11、11、13,28.0,0.48801198801198803,0.244,0.622,176,12,0.0005,,1.0,1.0,追跡時 MMSE［場所見当識＋記銘＋遅延再生＋復唱＋読字理解＋書字］、追跡時 MMSE［場所見当識＋記銘＋遅延再生＋復唱＋読字理解＋図形模写］、追跡時 MMSE［場所見当識＋記銘＋遅延再生＋復唱＋書字＋図形模写］、追跡時 MMSE［場所見当識＋物品呼称＋遅延再生＋復唱＋読字理解＋書字＋図形模写］
M_MMSE部分集合(k=4),追跡時 MMSE［場所見当識＋物品呼称＋遅延再生＋復唱］,MWU（完全並べ替え）,5,9,"8［7, 9］","8［7, 10］",7、8、8、8、9,7、7、7、7、8、8、8、8、10,28.0,0.48801198801198803,0.244,0.622,176,12,0.0005,,1.0,1.0,追跡時 MMSE［場所見当識＋遅延再生＋復唱＋読字理解＋書字］、追跡時 MMSE［場所見当識＋遅延再生＋復唱＋読字理解＋図形模写］、追跡時 MMSE［場所見当識＋遅延再生＋復唱＋書字＋図形模写］
M_MMSE部分集合(k=5),追跡時 MMSE［場所見当識＋記銘＋遅延再生＋復唱＋読字理解］,MWU（完全並べ替え）,5,9,"10［9, 11］","10［9, 12］",9、10、10、10、11,9、9、9、9、10、10、10、10、12,28.0,0.48801198801198803,0.244,0.622,176,12,0.0005,,1.0,1.0,追跡時 MMSE［場所見当識＋記銘＋遅延再生＋復唱＋書字］ ほか4件
M_MMSE部分集合(k=4),追跡時 MMSE［場所見当識＋記銘＋遅延再生＋復唱］,MWU（完全並べ替え）,5,9,"9［8, 10］","9［8, 11］",8、9、9、9、10,8、8、8、8、9、9、9、9、11,28.0,0.48801198801198803,0.244,0.622,176,12,0.0005,,1.0,1.0,追跡時 MMSE［場所見当識＋物品呼称＋遅延再生＋復唱＋読字理解］、追跡時 MMSE［場所見当識＋物品呼称＋遅延再生＋復唱＋書字］、追跡時 MMSE［場所見当識＋物品呼称＋遅延再生＋復唱＋図形模写］、追跡時 MMSE［場所見当識＋遅延再生＋復唱＋読字理解＋書字＋図形模写］
M_MMSE部分集合(k=4),追跡時 MMSE［場所見当識＋遅延再生＋復唱＋読字理解］,MWU（完全並べ替え）,5,9,"7［6, 8］","7［6, 9］",6、7、7、7、8,6、6、6、6、7、7、7、7、9,28.0,0.48801198801198803,0.244,0.622,176,12,0.0005,,1.0,1.0,追跡時 MMSE［場所見当識＋遅延再生＋復唱＋書字］、追跡時 MMSE［場所見当識＋遅延再生＋復唱＋図形模写］
M_MMSE部分集合(k=3),追跡時 MMSE［場所見当識＋遅延再生＋復唱］,MWU（完全並べ替え）,5,9,"6［5, 7］","6［5, 8］",5、6、6、6、7,5、5、5、5、6、6、6、6、8,28.0,0.48801198801198803,0.244,0.622,176,12,0.0005,,1.0,1.0,
M_MMSE部分集合(k=3),初回 MMSE［物品呼称＋遅延再生＋3段階命令］,MWU（完全並べ替え）,5,9,"6［5, 6］","5［4, 8］",5、5、6、6、6,4、5、5、5、5、5、6、6、8,28.0,0.493006993006993,0.244,0.622,176,12,0.0025,,1.0,1.0,初回 MMSE［遅延再生＋読字理解＋3段階命令＋書字］
M_MMSE部分集合(k=3),初回 MMSE［物品呼称＋遅延再生＋図形模写］,MWU（完全並べ替え）,5,9,"4［3, 4］","3［2, 6］",3、3、4、4、4,2、3、3、3、3、3、4、4、6,28.0,0.493006993006993,0.244,0.622,176,12,0.0025,,1.0,1.0,初回 MMSE［遅延再生＋読字理解＋書字＋図形模写］
M_MMSE部分集合(k=5),初回 MMSE［物品呼称＋遅延再生＋復唱＋読字理解＋書字］,MWU（完全並べ替え）,5,9,"6［5, 6］","5［4, 7］",5、5、6、6、6,4、5、5、5、5、5、6、6、7,28.0,0.493006993006993,0.244,0.622,176,12,0.0025,,1.0,1.0,
M_MMSE部分集合(k=4),初回 MMSE［物品呼称＋遅延再生＋復唱＋読字理解］,MWU（完全並べ替え）,5,9,"5［4, 5］","4［3, 6］",4、4、5、5、5,3、4、4、4、4、4、5、5、6,28.0,0.493006993006993,0.244,0.622,176,12,0.0025,,1.0,1.0,初回 MMSE［物品呼称＋遅延再生＋復唱＋書字］
M_MMSE部分集合(k=3),初回 MMSE［物品呼称＋遅延再生＋復唱］,MWU（完全並べ替え）,5,9,"4［3, 4］","3［2, 5］",3、3、4、4、4,2、3、3、3、3、3、4、4、5,28.0,0.493006993006993,0.244,0.622,176,12,0.0025,,1.0,1.0,初回 MMSE［遅延再生＋復唱＋読字理解＋書字］
M_MMSE部分集合(k=5),初回 MMSE［物品呼称＋遅延再生＋読字理解＋3段階命令＋書字］,MWU（完全並べ替え）,5,9,"8［7, 8］","7［6, 10］",7、7、8、8、8,6、7、7、7、7、7、8、8、10,28.0,0.493006993006993,0.244,0.622,176,12,0.0025,,1.0,1.0,
M_MMSE部分集合(k=4),初回 MMSE［物品呼称＋遅延再生＋読字理解＋3段階命令］,MWU（完全並べ替え）,5,9,"7［6, 7］","6［5, 9］",6、6、7、7、7,5、6、6、6、6、6、7、7、9,28.0,0.493006993006993,0.244,0.622,176,12,0.0025,,1.0,1.0,初回 MMSE［物品呼称＋遅延再生＋3段階命令＋書字］
M_MMSE部分集合(k=4),初回 MMSE［物品呼称＋遅延再生＋読字理解＋図形模写］,MWU（完全並べ替え）,5,9,"5［4, 5］","4［3, 7］",4、4、5、5、5,3、4、4、4、4、4、5、5、7,28.0,0.493006993006993,0.244,0.622,176,12,0.0025,,1.0,1.0,初回 MMSE［物品呼称＋遅延再生＋書字＋図形模写］
M_MMSE部分集合(k=5),初回 MMSE［物品呼称＋遅延再生＋読字理解＋書字＋図形模写］,MWU（完全並べ替え）,5,9,"6［5, 6］","5［4, 8］",5、5、6、6、6,4、5、5、5、5、5、6、6、8,28.0,0.493006993006993,0.244,0.622,176,12,0.0025,,1.0,1.0,
M_MMSE部分集合(k=2),初回 MMSE［遅延再生＋3段階命令］,MWU（完全並べ替え）,5,9,"4［3, 4］","3［2, 6］",3、3、4、4、4,2、3、3、3、3、3、4、4、6,28.0,0.493006993006993,0.244,0.622,176,12,0.0025,,1.0,1.0,
M_MMSE部分集合(k=2),初回 MMSE［遅延再生＋図形模写］,MWU（完全並べ替え）,5,9,"2［1, 2］","1［0, 4］",1、1、2、2、2,0、1、1、1、1、1、2、2、4,28.0,0.493006993006993,0.244,0.622,176,12,0.0025,,1.0,1.0,
M_MMSE部分集合(k=3),初回 MMSE［遅延再生＋復唱＋読字理解］,MWU（完全並べ替え）,5,9,"3［2, 3］","2［1, 4］",2、2、3、3、3,1、2、2、2、2、2、3、3、4,28.0,0.493006993006993,0.244,0.622,176,12,0.0025,,1.0,1.0,初回 MMSE［遅延再生＋復唱＋書字］
M_MMSE部分集合(k=2),初回 MMSE［遅延再生＋復唱］,MWU（完全並べ替え）,5,9,"2［1, 2］","1［0, 3］",1、1、2、2、2,0、1、1、1、1、1、2、2、3,28.0,0.493006993006993,0.244,0.622,176,12,0.0025,,1.0,1.0,
M_MMSE部分集合(k=3),初回 MMSE［遅延再生＋読字理解＋3段階命令］,MWU（完全並べ替え）,5,9,"5［4, 5］","4［3, 7］",4、4、5、5、5,3、4、4、4、4、4、5、5、7,28.0,0.493006993006993,0.244,0.622,176,12,0.0025,,1.0,1.0,初回 MMSE［遅延再生＋3段階命令＋書字］
M_MMSE部分集合(k=3),初回 MMSE［遅延再生＋読字理解＋図形模写］,MWU（完全並べ替え）,5,9,"3［2, 3］","2［1, 5］",2、2、3、3、3,1、2、2、2、2、2、3、3、5,28.0,0.493006993006993,0.244,0.622,176,12,0.0025,,1.0,1.0,初回 MMSE［遅延再生＋書字＋図形模写］
M_CDR部分集合(k=3),追跡時 CDR［判断力・問題解決＋家庭・趣味＋身の回りの世話］,MWU（完全並べ替え）,5,9,"0.5［0.5, 1.5］","1［0.5, 2.5］",0.5、0.5、0.5、1、1.5,0.5、0.5、0.5、1、1、1、1、1.5、2.5,17.0,0.493006993006993,-0.244,0.378,176,13,0.003,,1.0,1.0,
M_CDR部分集合(k=2),追跡時 CDR［地域社会の活動＋身の回りの世話］,MWU（完全並べ替え）,5,9,"0［0, 1］","0.5［0, 2］",0、0、0、0.5、1,0、0、0、0.5、0.5、0.5、0.5、1、2,17.0,0.493006993006993,-0.244,0.378,176,13,0.003,,1.0,1.0,
M_MMSE部分集合(k=5),Δ MMSE［時間見当識＋場所見当識＋注意計算＋復唱＋図形模写］,MWU（完全並べ替え）,5,9,"0［-1, 3］","-1［-4, 4］",-1、0、0、0、3,-4、-2、-1、-1、-1、0、1、1、4,28.0,0.4935064935064935,0.244,0.622,176,10,0.004,,1.0,1.0,Δ MMSE［時間見当識＋場所見当識＋物品呼称＋注意計算＋復唱＋図形模写］ ほか14件
M_MMSE部分集合(k=5),Δ MMSE［時間見当識＋場所見当識＋記銘＋注意計算＋遅延再生］,MWU（完全並べ替え）,5,9,"0［-2, 3］","-1［-4, 3］",-2、-1、0、1、3,-4、-2、-2、-1、-1、0、0、1、3,28.0,0.4935064935064935,0.244,0.622,176,13,0.003,,1.0,1.0,Δ MMSE［時間見当識＋場所見当識＋物品呼称＋記銘＋注意計算＋遅延再生］ ほか14件
L_固定時点(6か月),6か月 ΔMMSE 図形模写,MWU（完全並べ替え）,5,9,"0［-1, 0］","0［0, 1］",-1、0、0、0、0,0、0、0、0、0、0、0、0、1,16.0,0.4945054945054945,-0.289,0.356,126,12,0.49451,,1.0,1.0,
R_初回値調整残差,Δ MMSE 時間見当識（初回値調整残差）,MWU（完全並べ替え）,5,9,"-0.18868［-2.76981, 0.81132］","-0.18868［-0.76981, 1.93962］",-2.76981、-0.76981、-0.18868、0.81132、0.81132,-0.76981、-0.47925、-0.18868、-0.18868、-0.18868、0.23019、0.81132、0.93962、1.93962,17.0,0.4945054945054945,-0.244,0.378,176,9,0.0005,,1.0,1.0,
M_MMSE部分集合(k=5),初回 MMSE［時間見当識＋場所見当識＋復唱＋3段階命令＋図形模写］,MWU（完全並べ替え）,5,9,"14［11, 15］","13［11, 15］",11、12、14、15、15,11、11、12、13、13、13、14、14、15,27.5,0.4945054945054945,0.222,0.611,212,14,0.0005,,1.0,1.0,
M_MMSE部分集合(k=6),初回 MMSE［時間見当識＋場所見当識＋復唱＋読字理解＋3段階命令＋図形模写］,MWU（完全並べ替え）,5,9,"15［12, 16］","14［12, 16］",12、13、15、16、16,12、12、13、14、14、14、15、15、16,27.5,0.4945054945054945,0.222,0.611,212,14,0.0005,,1.0,1.0,初回 MMSE［時間見当識＋場所見当識＋復唱＋3段階命令＋書字＋図形模写］
M_MMSE部分集合(k=6),初回 MMSE［時間見当識＋場所見当識＋物品呼称＋復唱＋3段階命令＋図形模写］,MWU（完全並べ替え）,5,9,"16［13, 17］","15［13, 17］",13、14、16、17、17,13、13、14、15、15、15、16、16、17,27.5,0.4945054945054945,0.222,0.611,212,14,0.0005,,1.0,1.0,初回 MMSE［時間見当識＋場所見当識＋復唱＋読字理解＋3段階命令＋書字＋図形模写］
M_MMSE部分集合(k=7),初回 MMSE［時間見当識＋場所見当識＋物品呼称＋復唱＋読字理解＋3段階命令＋図形模写］,MWU（完全並べ替え）,5,9,"17［14, 18］","16［14, 18］",14、15、17、18、18,14、14、15、16、16、16、17、17、18,27.5,0.4945054945054945,0.222,0.611,212,14,0.0005,,1.0,1.0,初回 MMSE［時間見当識＋場所見当識＋物品呼称＋復唱＋3段階命令＋書字＋図形模写］
M_MMSE部分集合(k=8),初回 MMSE［時間見当識＋場所見当識＋物品呼称＋復唱＋読字理解＋3段階命令＋書字＋図形模写］,MWU（完全並べ替え）,5,9,"18［15, 19］","17［15, 19］",15、16、18、19、19,15、15、16、17、17、17、18、18、19,27.5,0.4945054945054945,0.222,0.611,212,14,0.0005,,1.0,1.0,
M2_下位項目の差,初回 MMSE［記銘−復唱］,MWU（完全並べ替え）,5,9,"2［1, 2］","2［2, 3］",1、2、2、2、2,2、2、2、2、2、2、2、2、3,16.0,0.4945054945054945,-0.289,0.356,126,12,0.49451,,1.0,1.0,
M_MMSE部分集合(k=6),追跡時 MMSE［時間見当識＋場所見当識＋注意計算＋遅延再生＋復唱＋読字理解］,MWU（完全並べ替え）,5,9,"15［12, 17］","13［12, 19］",12、14、15、16、17,12、13、13、13、13、14、15、16、19,28.0,0.4945054945054945,0.244,0.622,176,12,0.001,,1.0,1.0,追跡時 MMSE［時間見当識＋場所見当識＋注意計算＋遅延再生＋復唱＋書字］、追跡時 MMSE［時間見当識＋場所見当識＋注意計算＋遅延再生＋復唱＋図形模写］
M_MMSE部分集合(k=5),追跡時 MMSE［時間見当識＋場所見当識＋注意計算＋遅延再生＋復唱］,MWU（完全並べ替え）,5,9,"14［11, 16］","12［11, 18］",11、13、14、15、16,11、12、12、12、12、13、14、15、18,28.0,0.4945054945054945,0.244,0.622,176,12,0.001,,1.0,1.0,
M_MMSE部分集合(k=6),追跡時 MMSE［時間見当識＋場所見当識＋物品呼称＋注意計算＋遅延再生＋復唱］,MWU（完全並べ替え）,5,9,"16［13, 18］","14［13, 20］",13、15、16、17、18,13、14、14、14、14、15、16、17、20,28.0,0.4945054945054945,0.244,0.622,176,12,0.001,,1.0,1.0,追跡時 MMSE［時間見当識＋場所見当識＋注意計算＋遅延再生＋復唱＋読字理解＋書字］、追跡時 MMSE［時間見当識＋場所見当識＋注意計算＋遅延再生＋復唱＋読字理解＋図形模写］、追跡時 MMSE［時間見当識＋場所見当識＋注意計算＋遅延再生＋復唱＋書字＋図形模写］
M_MMSE部分集合(k=10),追跡時 MMSE［時間見当識＋場所見当識＋物品呼称＋記銘＋注意計算＋遅延再生＋復唱＋読字理解＋書字＋図形模写］,MWU（完全並べ替え）,5,9,"22［19, 24］","20［19, 26］",19、21、22、23、24,19、20、20、20、20、21、22、23、26,28.0,0.4945054945054945,0.244,0.622,176,12,0.001,,1.0,1.0,
M_MMSE部分集合(k=9),追跡時 MMSE［時間見当識＋場所見当識＋物品呼称＋記銘＋注意計算＋遅延再生＋復唱＋読字理解＋書字］,MWU（完全並べ替え）,5,9,"21［18, 23］","19［18, 25］",18、20、21、22、23,18、19、19、19、19、20、21、22、25,28.0,0.4945054945054945,0.244,0.622,176,12,0.001,,1.0,1.0,追跡時 MMSE［時間見当識＋場所見当識＋物品呼称＋記銘＋注意計算＋遅延再生＋復唱＋読字理解＋図形模写］、追跡時 MMSE［時間見当識＋場所見当識＋物品呼称＋記銘＋注意計算＋遅延再生＋復唱＋書字＋図形模写］
M_MMSE部分集合(k=8),追跡時 MMSE［時間見当識＋場所見当識＋物品呼称＋記銘＋注意計算＋遅延再生＋復唱＋読字理解］,MWU（完全並べ替え）,5,9,"20［17, 22］","18［17, 24］",17、19、20、21、22,17、18、18、18、18、19、20、21、24,28.0,0.4945054945054945,0.244,0.622,176,12,0.001,,1.0,1.0,追跡時 MMSE［時間見当識＋場所見当識＋物品呼称＋記銘＋注意計算＋遅延再生＋復唱＋書字］、追跡時 MMSE［時間見当識＋場所見当識＋物品呼称＋記銘＋注意計算＋遅延再生＋復唱＋図形模写］、追跡時 MMSE［時間見当識＋場所見当識＋記銘＋注意計算＋遅延再生＋復唱＋読字理解＋書字＋図形模写］
M_MMSE部分集合(k=7),追跡時 MMSE［時間見当識＋場所見当識＋物品呼称＋記銘＋注意計算＋遅延再生＋復唱］,MWU（完全並べ替え）,5,9,"19［16, 21］","17［16, 23］",16、18、19、20、21,16、17、17、17、17、18、19、20、23,28.0,0.4945054945054945,0.244,0.622,176,12,0.001,,1.0,1.0,追跡時 MMSE［時間見当識＋場所見当識＋記銘＋注意計算＋遅延再生＋復唱＋読字理解＋書字］、追跡時 MMSE［時間見当識＋場所見当識＋記銘＋注意計算＋遅延再生＋復唱＋読字理解＋図形模写］、追跡時 MMSE［時間見当識＋場所見当識＋記銘＋注意計算＋遅延再生＋復唱＋書字＋図形模写］、追跡時 MMSE［時間見当識＋場所見当識＋物品呼称＋注意計算＋遅延再生＋復唱＋読字理解＋書字＋図形模写］
M_MMSE部分集合(k=7),追跡時 MMSE［時間見当識＋場所見当識＋記銘＋注意計算＋遅延再生＋復唱＋読字理解］,MWU（完全並べ替え）,5,9,"18［15, 20］","16［15, 22］",15、17、18、19、20,15、16、16、16、16、17、18、19、22,28.0,0.4945054945054945,0.244,0.622,176,12,0.001,,1.0,1.0,追跡時 MMSE［時間見当識＋場所見当識＋記銘＋注意計算＋遅延再生＋復唱＋書字］ ほか4件
M_MMSE部分集合(k=6),追跡時 MMSE［時間見当識＋場所見当識＋記銘＋注意計算＋遅延再生＋復唱］,MWU（完全並べ替え）,5,9,"17［14, 19］","15［14, 21］",14、16、17、18、19,14、15、15、15、15、16、17、18、21,28.0,0.4945054945054945,0.244,0.622,176,12,0.001,,1.0,1.0,追跡時 MMSE［時間見当識＋場所見当識＋物品呼称＋注意計算＋遅延再生＋復唱＋読字理解］、追跡時 MMSE［時間見当識＋場所見当識＋物品呼称＋注意計算＋遅延再生＋復唱＋書字］、追跡時 MMSE［時間見当識＋場所見当識＋物品呼称＋注意計算＋遅延再生＋復唱＋図形模写］、追跡時 MMSE［時間見当識＋場所見当識＋注意計算＋遅延再生＋復唱＋読字理解＋書字＋図形模写］
M_MMSE部分集合(k=3),Δ MMSE［注意計算＋復唱＋図形模写］,MWU（完全並べ替え）,5,9,"0［0, 3］","0［-3, 1］",0、0、0、1、3,-3、-1、0、0、0、0、1、1、1,28.5,0.495004995004995,0.267,0.633,148,11,0.0005,,1.0,1.0,Δ MMSE［物品呼称＋注意計算＋復唱＋図形模写］ ほか14件
M_MMSE部分集合(k=2),Δ MMSE［注意計算＋復唱］,MWU（完全並べ替え）,5,9,"0［0, 3］","0［-3, 1］",0、0、0、1、3,-3、-2、0、0、0、0、1、1、1,28.5,0.495004995004995,0.267,0.633,148,11,0.0005,,1.0,1.0,Δ MMSE［物品呼称＋注意計算＋復唱］ ほか14件
M_MMSE部分集合(k=6),追跡時 MMSE［場所見当識＋物品呼称＋記銘＋遅延再生＋復唱＋3段階命令］,MWU（完全並べ替え）,5,9,"14［13, 15］","14［12, 16］",13、14、14、14、15,12、13、13、13、14、14、14、14、16,28.5,0.495004995004995,0.267,0.633,148,11,0.0005,,1.0,1.0,追跡時 MMSE［場所見当識＋記銘＋遅延再生＋復唱＋読字理解＋3段階命令＋書字］、追跡時 MMSE［場所見当識＋記銘＋遅延再生＋復唱＋読字理解＋3段階命令＋図形模写］、追跡時 MMSE［場所見当識＋記銘＋遅延再生＋復唱＋3段階命令＋書字＋図形模写］、追跡時 MMSE［場所見当識＋物品呼称＋遅延再生＋復唱＋読字理解＋3段階命令＋書字＋図形模写］
M_MMSE部分集合(k=9),追跡時 MMSE［場所見当識＋物品呼称＋記銘＋遅延再生＋復唱＋読字理解＋3段階命令＋書字＋図形模写］,MWU（完全並べ替え）,5,9,"17［16, 18］","17［15, 19］",16、17、17、17、18,15、16、16、16、17、17、17、17、19,28.5,0.495004995004995,0.267,0.633,148,11,0.0005,,1.0,1.0,
M_MMSE部分集合(k=8),追跡時 MMSE［場所見当識＋物品呼称＋記銘＋遅延再生＋復唱＋読字理解＋3段階命令＋書字］,MWU（完全並べ替え）,5,9,"16［15, 17］","16［14, 18］",15、16、16、16、17,14、15、15、15、16、16、16、16、18,28.5,0.495004995004995,0.267,0.633,148,11,0.0005,,1.0,1.0,追跡時 MMSE［場所見当識＋物品呼称＋記銘＋遅延再生＋復唱＋読字理解＋3段階命令＋図形模写］、追跡時 MMSE［場所見当識＋物品呼称＋記銘＋遅延再生＋復唱＋3段階命令＋書字＋図形模写］
M_MMSE部分集合(k=7),追跡時 MMSE［場所見当識＋物品呼称＋記銘＋遅延再生＋復唱＋読字理解＋3段階命令］,MWU（完全並べ替え）,5,9,"15［14, 16］","15［13, 17］",14、15、15、15、16,13、14、14、14、15、15、15、15、17,28.5,0.495004995004995,0.267,0.633,148,11,0.0005,,1.0,1.0,追跡時 MMSE［場所見当識＋物品呼称＋記銘＋遅延再生＋復唱＋3段階命令＋書字］、追跡時 MMSE［場所見当識＋物品呼称＋記銘＋遅延再生＋復唱＋3段階命令＋図形模写］、追跡時 MMSE［場所見当識＋記銘＋遅延再生＋復唱＋読字理解＋3段階命令＋書字＋図形模写］
M_MMSE部分集合(k=5),追跡時 MMSE［場所見当識＋物品呼称＋遅延再生＋復唱＋3段階命令］,MWU（完全並べ替え）,5,9,"11［10, 12］","11［9, 13］",10、11、11、11、12,9、10、10、10、11、11、11、11、13,28.5,0.495004995004995,0.267,0.633,148,11,0.0005,,1.0,1.0,追跡時 MMSE［場所見当識＋遅延再生＋復唱＋読字理解＋3段階命令＋書字］、追跡時 MMSE［場所見当識＋遅延再生＋復唱＋読字理解＋3段階命令＋図形模写］、追跡時 MMSE［場所見当識＋遅延再生＋復唱＋3段階命令＋書字＋図形模写］
M_MMSE部分集合(k=5),追跡時 MMSE［場所見当識＋記銘＋遅延再生＋復唱＋3段階命令］,MWU（完全並べ替え）,5,9,"12［11, 13］","12［10, 14］",11、12、12、12、13,10、11、11、11、12、12、12、12、14,28.5,0.495004995004995,0.267,0.633,148,11,0.0005,,1.0,1.0,追跡時 MMSE［場所見当識＋物品呼称＋遅延再生＋復唱＋読字理解＋3段階命令］、追跡時 MMSE［場所見当識＋物品呼称＋遅延再生＋復唱＋3段階命令＋書字］、追跡時 MMSE［場所見当識＋物品呼称＋遅延再生＋復唱＋3段階命令＋図形模写］、追跡時 MMSE［場所見当識＋遅延再生＋復唱＋読字理解＋3段階命令＋書字＋図形模写］
M_MMSE部分集合(k=6),追跡時 MMSE［場所見当識＋記銘＋遅延再生＋復唱＋読字理解＋3段階命令］,MWU（完全並べ替え）,5,9,"13［12, 14］","13［11, 15］",12、13、13、13、14,11、12、12、12、13、13、13、13、15,28.5,0.495004995004995,0.267,0.633,148,11,0.0005,,1.0,1.0,追跡時 MMSE［場所見当識＋記銘＋遅延再生＋復唱＋3段階命令＋書字］ ほか4件
M_MMSE部分集合(k=4),追跡時 MMSE［場所見当識＋遅延再生＋復唱＋3段階命令］,MWU（完全並べ替え）,5,9,"9［8, 10］","9［7, 11］",8、9、9、9、10,7、8、8、8、9、9、9、9、11,28.5,0.495004995004995,0.267,0.633,148,11,0.0005,,1.0,1.0,
M_MMSE部分集合(k=5),追跡時 MMSE［場所見当識＋遅延再生＋復唱＋読字理解＋3段階命令］,MWU（完全並べ替え）,5,9,"10［9, 11］","10［8, 12］",9、10、10、10、11,8、9、9、9、10、10、10、10、12,28.5,0.495004995004995,0.267,0.633,148,11,0.0005,,1.0,1.0,追跡時 MMSE［場所見当識＋遅延再生＋復唱＋3段階命令＋書字］、追跡時 MMSE［場所見当識＋遅延再生＋復唱＋3段階命令＋図形模写］
R_初回値調整残差,Δ CDR 見当識（初回値調整残差）,MWU（完全並べ替え）,5,9,"0.14286［-0.35714, 0.42857］","-0.07143［-0.35714, 0.14286］",-0.35714、-0.07143、0.14286、0.14286、0.42857,-0.35714、-0.07143、-0.07143、-0.07143、-0.07143、-0.07143、0.14286、0.14286、0.14286,28.0,0.4955044955044955,0.244,0.622,176,13,0.0025,,1.0,1.0,
M_MMSE部分集合(k=7),初回 MMSE［場所見当識＋物品呼称＋記銘＋注意計算＋復唱＋3段階命令＋図形模写］,MWU（完全並べ替え）,5,9,"17［16, 20］","18［17, 20］",16、17、17、19、20,17、17、17、18、18、18、19、20、20,17.5,0.4975024975024975,-0.222,0.389,212,13,0.0005,,1.0,1.0,初回 MMSE［場所見当識＋記銘＋注意計算＋復唱＋読字理解＋3段階命令＋書字＋図形模写］
M_MMSE部分集合(k=8),初回 MMSE［場所見当識＋物品呼称＋記銘＋注意計算＋復唱＋読字理解＋3段階命令＋図形模写］,MWU（完全並べ替え）,5,9,"18［17, 21］","19［18, 21］",17、18、18、20、21,18、18、18、19、19、19、20、21、21,17.5,0.4975024975024975,-0.222,0.389,212,13,0.0005,,1.0,1.0,初回 MMSE［場所見当識＋物品呼称＋記銘＋注意計算＋復唱＋3段階命令＋書字＋図形模写］
M_MMSE部分集合(k=9),初回 MMSE［場所見当識＋物品呼称＋記銘＋注意計算＋復唱＋読字理解＋3段階命令＋書字＋図形模写］,MWU（完全並べ替え）,5,9,"19［18, 22］","20［19, 22］",18、19、19、21、22,19、19、19、20、20、20、21、22、22,17.5,0.4975024975024975,-0.222,0.389,212,13,0.0005,,1.0,1.0,
M_MMSE部分集合(k=6),初回 MMSE［場所見当識＋記銘＋注意計算＋復唱＋3段階命令＋図形模写］,MWU（完全並べ替え）,5,9,"15［14, 18］","16［15, 18］",14、15、15、17、18,15、15、15、16、16、16、17、18、18,17.5,0.4975024975024975,-0.222,0.389,212,13,0.0005,,1.0,1.0,
M_MMSE部分集合(k=7),初回 MMSE［場所見当識＋記銘＋注意計算＋復唱＋読字理解＋3段階命令＋図形模写］,MWU（完全並べ替え）,5,9,"16［15, 19］","17［16, 19］",15、16、16、18、19,16、16、16、17、17、17、18、19、19,17.5,0.4975024975024975,-0.222,0.389,212,13,0.0005,,1.0,1.0,初回 MMSE［場所見当識＋記銘＋注意計算＋復唱＋3段階命令＋書字＋図形模写］
L_固定時点(12か月),12か月 CDR 判断力・問題解決,MWU（完全並べ替え）,3,6,"0.5［0, 0.5］","0.5［0.5, 1］",0、0.5、0.5,0.5、0.5、0.5、0.5、0.5、1,5.0,0.5,-0.444,0.278,53,7,0.22222,,1.0,1.0,
L_固定時点(12か月),12か月 ΔMMSE 図形模写,MWU（完全並べ替え）,3,6,"0［-1, 0］","0［0, 1］",-1、0、0,0、0、0、0、0、1,5.0,0.5,-0.444,0.278,53,7,0.22222,,1.0,1.0,
L_固定時点(18か月),18か月 ΔMMSE 注意計算,MWU（完全並べ替え）,3,3,"1［0, 3］","0［-2, 1］",0、1、3,-2、0、1,7.0,0.5,0.556,0.778,34,4,0.1,,1.0,1.0,
L_固定時点(18か月),18か月 ΔMoCA-J,MWU（完全並べ替え）,2,3,"-1.5［-4, 1］","1［0, 2］",-4、1,0、1、2,1.5,0.5,-0.5,0.25,42,2,0.1,,1.0,1.0,
M_CDR部分集合(k=4),追跡時 CDR［記憶＋見当識＋判断力・問題解決＋地域社会の活動］,MWU（完全並べ替え）,5,9,"2［0.5, 3.5］","2［1, 3.5］",0.5、1、2、2、3.5,1、1.5、1.5、2、2、2.5、2.5、3、3.5,17.0,0.500999000999001,-0.244,0.378,176,12,0.001,,1.0,1.0,
M2_下位項目の差,Δ CDR［家庭・趣味−身の回りの世話］,MWU（完全並べ替え）,5,9,"0［0, 1］","0［-1, 0.5］",0、0、0、0.5、1,-1、0、0、0、0、0、0.5、0.5、0.5,27.0,0.5014985014985015,0.2,0.6,262,12,0.0005,,1.0,1.0,
M_MMSE部分集合(k=3),Δ MMSE［場所見当識＋復唱＋図形模写］,MWU（完全並べ替え）,5,9,"0［0, 2］","0［-1, 1］",0、0、0、1、2,-1、0、0、0、0、0、1、1、1,27.0,0.5014985014985015,0.2,0.6,262,12,0.0005,,1.0,1.0,Δ MMSE［場所見当識＋物品呼称＋復唱＋図形模写］ ほか14件
M_CDR部分集合(k=5),追跡時 CDR［記憶＋判断力・問題解決＋地域社会の活動＋家庭・趣味＋身の回りの世話］,MWU（完全並べ替え）,5,9,"1.5［1, 3.5］","2［1, 4］",1、1、1.5、2、3.5,1、1、1.5、1.5、2、2.5、2.5、3.5、4,17.0,0.5014985014985015,-0.244,0.378,176,13,0.0005,,1.0,1.0,
M_MMSE部分集合(k=4),追跡時 MMSE［時間見当識＋場所見当識＋注意計算＋3段階命令］,MWU（完全並べ替え）,5,9,"16［13, 17］","14［12, 17］",13、15、16、17、17,12、14、14、14、14、16、16、17、17,28.0,0.5024975024975025,0.244,0.622,176,11,0.0015,,1.0,1.0,
M_MMSE部分集合(k=5),追跡時 MMSE［時間見当識＋場所見当識＋注意計算＋読字理解＋3段階命令］,MWU（完全並べ替え）,5,9,"17［14, 18］","15［13, 18］",14、16、17、18、18,13、15、15、15、15、17、17、18、18,28.0,0.5024975024975025,0.244,0.622,176,11,0.0015,,1.0,1.0,追跡時 MMSE［時間見当識＋場所見当識＋注意計算＋3段階命令＋書字］、追跡時 MMSE［時間見当識＋場所見当識＋注意計算＋3段階命令＋図形模写］
M_MMSE部分集合(k=5),追跡時 MMSE［時間見当識＋場所見当識＋物品呼称＋注意計算＋3段階命令］,MWU（完全並べ替え）,5,9,"18［15, 19］","16［14, 19］",15、17、18、19、19,14、16、16、16、16、18、18、19、19,28.0,0.5024975024975025,0.244,0.622,176,11,0.0015,,1.0,1.0,追跡時 MMSE［時間見当識＋場所見当識＋注意計算＋読字理解＋3段階命令＋書字］、追跡時 MMSE［時間見当識＋場所見当識＋注意計算＋読字理解＋3段階命令＋図形模写］、追跡時 MMSE［時間見当識＋場所見当識＋注意計算＋3段階命令＋書字＋図形模写］
M_MMSE部分集合(k=6),追跡時 MMSE［時間見当識＋場所見当識＋物品呼称＋記銘＋注意計算＋3段階命令］,MWU（完全並べ替え）,5,9,"21［18, 22］","19［17, 22］",18、20、21、22、22,17、19、19、19、19、21、21、22、22,28.0,0.5024975024975025,0.244,0.622,176,11,0.0015,,1.0,1.0,追跡時 MMSE［時間見当識＋場所見当識＋記銘＋注意計算＋読字理解＋3段階命令＋書字］、追跡時 MMSE［時間見当識＋場所見当識＋記銘＋注意計算＋読字理解＋3段階命令＋図形模写］、追跡時 MMSE［時間見当識＋場所見当識＋記銘＋注意計算＋3段階命令＋書字＋図形模写］、追跡時 MMSE［時間見当識＋場所見当識＋物品呼称＋注意計算＋読字理解＋3段階命令＋書字＋図形模写］
M_MMSE部分集合(k=9),追跡時 MMSE［時間見当識＋場所見当識＋物品呼称＋記銘＋注意計算＋読字理解＋3段階命令＋書字＋図形模写］,MWU（完全並べ替え）,5,9,"24［21, 25］","22［20, 25］",21、23、24、25、25,20、22、22、22、22、24、24、25、25,28.0,0.5024975024975025,0.244,0.622,176,11,0.0015,,1.0,1.0,
M_MMSE部分集合(k=8),追跡時 MMSE［時間見当識＋場所見当識＋物品呼称＋記銘＋注意計算＋読字理解＋3段階命令＋書字］,MWU（完全並べ替え）,5,9,"23［20, 24］","21［19, 24］",20、22、23、24、24,19、21、21、21、21、23、23、24、24,28.0,0.5024975024975025,0.244,0.622,176,11,0.0015,,1.0,1.0,追跡時 MMSE［時間見当識＋場所見当識＋物品呼称＋記銘＋注意計算＋読字理解＋3段階命令＋図形模写］、追跡時 MMSE［時間見当識＋場所見当識＋物品呼称＋記銘＋注意計算＋3段階命令＋書字＋図形模写］
M_MMSE部分集合(k=7),追跡時 MMSE［時間見当識＋場所見当識＋物品呼称＋記銘＋注意計算＋読字理解＋3段階命令］,MWU（完全並べ替え）,5,9,"22［19, 23］","20［18, 23］",19、21、22、23、23,18、20、20、20、20、22、22、23、23,28.0,0.5024975024975025,0.244,0.622,176,11,0.0015,,1.0,1.0,追跡時 MMSE［時間見当識＋場所見当識＋物品呼称＋記銘＋注意計算＋3段階命令＋書字］、追跡時 MMSE［時間見当識＋場所見当識＋物品呼称＋記銘＋注意計算＋3段階命令＋図形模写］、追跡時 MMSE［時間見当識＋場所見当識＋記銘＋注意計算＋読字理解＋3段階命令＋書字＋図形模写］
M_MMSE部分集合(k=5),追跡時 MMSE［時間見当識＋場所見当識＋記銘＋注意計算＋3段階命令］,MWU（完全並べ替え）,5,9,"19［16, 20］","17［15, 20］",16、18、19、20、20,15、17、17、17、17、19、19、20、20,28.0,0.5024975024975025,0.244,0.622,176,11,0.0015,,1.0,1.0,追跡時 MMSE［時間見当識＋場所見当識＋物品呼称＋注意計算＋読字理解＋3段階命令］、追跡時 MMSE［時間見当識＋場所見当識＋物品呼称＋注意計算＋3段階命令＋書字］、追跡時 MMSE［時間見当識＋場所見当識＋物品呼称＋注意計算＋3段階命令＋図形模写］、追跡時 MMSE［時間見当識＋場所見当識＋注意計算＋読字理解＋3段階命令＋書字＋図形模写］
M_MMSE部分集合(k=6),追跡時 MMSE［時間見当識＋場所見当識＋記銘＋注意計算＋読字理解＋3段階命令］,MWU（完全並べ替え）,5,9,"20［17, 21］","18［16, 21］",17、19、20、21、21,16、18、18、18、18、20、20、21、21,28.0,0.5024975024975025,0.244,0.622,176,11,0.0015,,1.0,1.0,追跡時 MMSE［時間見当識＋場所見当識＋記銘＋注意計算＋3段階命令＋書字］ ほか4件
M_MMSE部分集合(k=5),Δ MMSE［記銘＋注意計算＋遅延再生＋復唱＋図形模写］,MWU（完全並べ替え）,5,9,"1［-1, 3］","0［-3, 1］",-1、-1、1、1、3,-3、-1、-1、0、0、0、1、1、1,28.0,0.502997002997003,0.244,0.622,176,12,0.0005,,1.0,1.0,Δ MMSE［物品呼称＋記銘＋注意計算＋遅延再生＋復唱＋図形模写］ ほか14件
J_2値（不変）,CDR 判断力・問題解決 不変,Fisher（正確）,5,9,5/5,7/9,,,,0.5054945054945055,,,,,0.10989,,1.0,1.0,
H_2値（悪化の有無）,CDR 判断力・問題解決 悪化あり,Fisher（正確）,5,9,0/5,2/9,,,,0.5054945054945055,,,,,0.10989,,1.0,1.0,Δ CDR 判断力・問題解決 ≧0.5、追跡時 CDR 判断力・問題解決 ≧1
I_2値（改善の有無）,MMSE 場所見当識 改善あり,Fisher（正確）,5,9,2/5,1/9,,,,0.5054945054945055,,,,,0.02747,,1.0,1.0,Δ MMSE 場所見当識 ≧1
I_2値（改善の有無）,MMSE 時間見当識 改善あり,Fisher（正確）,5,9,0/5,2/9,,,,0.5054945054945055,,,,,0.10989,,1.0,1.0,記録ルールによる入力値を含む、Δ MMSE 時間見当識 ≧1
H_2値（悪化の有無）,MMSE 注意計算 悪化あり,Fisher（正確）,5,9,0/5,2/9,,,,0.5054945054945055,,,,,0.10989,,1.0,1.0,
P_方向の組合せ,MMSE低下またはCDR-SB上昇,Fisher（正確）,5,9,5/5,7/9,,,,0.5054945054945055,,,,,0.10989,,1.0,1.0,
C_変化量,Δ CDR 判断力・問題解決,MWU（完全並べ替え）,5,9,"0［0, 0］","0［0, 0.5］",0、0、0、0、0,0、0、0、0、0、0、0、0.5、0.5,17.5,0.5054945054945055,-0.222,0.389,212,14,0.10989,,1.0,1.0,Δ CDR［判断力・問題解決］
M_CDR部分集合(k=2),Δ CDR［判断力・問題解決＋身の回りの世話］,MWU（完全並べ替え）,5,9,"0［0, 0］","0［0, 1.5］",0、0、0、0、0,0、0、0、0、0、0、0、0.5、1.5,17.5,0.5054945054945055,-0.222,0.389,212,12,0.10989,,1.0,1.0,
N_全切点2値化,Δ MMSE 注意計算 ≧0,Fisher（正確）,5,9,5/5,7/9,,,,0.5054945054945055,,,,,0.10989,,1.0,1.0,
M_MMSE部分集合(k=2),Δ MMSE［復唱＋図形模写］,MWU（完全並べ替え）,5,9,"0［0, 0］","0［0, 1］",0、0、0、0、0,0、0、0、0、0、0、0、1、1,17.5,0.5054945054945055,-0.222,0.389,212,14,0.10989,,1.0,1.0,Δ MMSE［物品呼称＋復唱＋図形模写］ ほか14件
P_方向の組合せ,いずれも悪化なし,Fisher（正確）,5,9,0/5,2/9,,,,0.5054945054945055,,,,,0.10989,,1.0,1.0,
A_初回値,初回 MMSE 復唱,MWU（完全並べ替え）,5,9,"1［1, 1］","1［0, 1］",1、1、1、1、1,0、0、1、1、1、1、1、1、1,27.5,0.5054945054945055,0.222,0.611,212,14,0.10989,,1.0,1.0,初回 MMSE［復唱］
N_全切点2値化,初回 MMSE 復唱 ≧1,Fisher（正確）,5,9,5/5,7/9,,,,0.5054945054945055,,,,,0.10989,,1.0,1.0,
N_全切点2値化,初回 MMSE 時間見当識 ≧3,Fisher（正確）,5,9,5/5,7/9,,,,0.5054945054945055,,,,,0.10989,,1.0,1.0,
M_MMSE部分集合(k=2),初回 MMSE［3段階命令＋図形模写］,MWU（完全並べ替え）,5,9,"4［4, 4］","4［3, 4］",4、4、4、4、4,3、3、4、4、4、4、4、4、4,27.5,0.5054945054945055,0.222,0.611,212,14,0.10989,,1.0,1.0,
M2_下位項目の差,初回 MMSE［復唱−読字理解］,MWU（完全並べ替え）,5,9,"0［0, 0］","0［-1, 0］",0、0、0、0、0,-1、-1、0、0、0、0、0、0、0,27.5,0.5054945054945055,0.222,0.611,212,14,0.10989,,1.0,1.0,初回 MMSE［復唱−書字］
M_MMSE部分集合(k=2),初回 MMSE［復唱＋読字理解］,MWU（完全並べ替え）,5,9,"2［2, 2］","2［1, 2］",2、2、2、2、2,1、1、2、2、2、2、2、2、2,27.5,0.5054945054945055,0.222,0.611,212,14,0.10989,,1.0,1.0,初回 MMSE［復唱＋書字］
M2_下位項目の差,初回 MMSE［物品呼称−復唱］,MWU（完全並べ替え）,5,9,"1［1, 1］","1［1, 2］",1、1、1、1、1,1、1、1、1、1、1、1、2、2,17.5,0.5054945054945055,-0.222,0.389,212,14,0.10989,,1.0,1.0,
M_MMSE部分集合(k=3),初回 MMSE［物品呼称＋3段階命令＋図形模写］,MWU（完全並べ替え）,5,9,"6［6, 6］","6［5, 6］",6、6、6、6、6,5、5、6、6、6、6、6、6、6,27.5,0.5054945054945055,0.222,0.611,212,14,0.10989,,1.0,1.0,初回 MMSE［読字理解＋3段階命令＋書字＋図形模写］
M_MMSE部分集合(k=4),初回 MMSE［物品呼称＋復唱＋読字理解＋書字］,MWU（完全並べ替え）,5,9,"5［5, 5］","5［4, 5］",5、5、5、5、5,4、4、5、5、5、5、5、5、5,27.5,0.5054945054945055,0.222,0.611,212,14,0.10989,,1.0,1.0,
M_MMSE部分集合(k=3),初回 MMSE［物品呼称＋復唱＋読字理解］,MWU（完全並べ替え）,5,9,"4［4, 4］","4［3, 4］",4、4、4、4、4,3、3、4、4、4、4、4、4、4,27.5,0.5054945054945055,0.222,0.611,212,14,0.10989,,1.0,1.0,初回 MMSE［物品呼称＋復唱＋書字］
M_MMSE部分集合(k=2),初回 MMSE［物品呼称＋復唱］,MWU（完全並べ替え）,5,9,"3［3, 3］","3［2, 3］",3、3、3、3、3,2、2、3、3、3、3、3、3、3,27.5,0.5054945054945055,0.222,0.611,212,14,0.10989,,1.0,1.0,初回 MMSE［復唱＋読字理解＋書字］
M_MMSE部分集合(k=4),初回 MMSE［物品呼称＋読字理解＋3段階命令＋図形模写］,MWU（完全並べ替え）,5,9,"7［7, 7］","7［6, 7］",7、7、7、7、7,6、6、7、7、7、7、7、7、7,27.5,0.5054945054945055,0.222,0.611,212,14,0.10989,,1.0,1.0,初回 MMSE［物品呼称＋3段階命令＋書字＋図形模写］
M_MMSE部分集合(k=5),初回 MMSE［物品呼称＋読字理解＋3段階命令＋書字＋図形模写］,MWU（完全並べ替え）,5,9,"8［8, 8］","8［7, 8］",8、8、8、8、8,7、7、8、8、8、8、8、8、8,27.5,0.5054945054945055,0.222,0.611,212,14,0.10989,,1.0,1.0,
M_MMSE部分集合(k=3),初回 MMSE［読字理解＋3段階命令＋図形模写］,MWU（完全並べ替え）,5,9,"5［5, 5］","5［4, 5］",5、5、5、5、5,4、4、5、5、5、5、5、5、5,27.5,0.5054945054945055,0.222,0.611,212,14,0.10989,,1.0,1.0,初回 MMSE［3段階命令＋書字＋図形模写］
K_2値（背景）,初回に易怒性あり,Fisher（正確）,5,9,2/5,1/9,,,,0.5054945054945055,,,,,0.02747,,1.0,1.0,
N_全切点2値化,追跡時 MMSE 時間見当識 ≧3,Fisher（正確）,5,9,3/5,8/9,,,,0.5054945054945055,,,,,0.02747,,1.0,1.0,
N_全切点2値化,追跡時 MMSE 時間見当識 ≧5,Fisher（正確）,5,9,2/5,1/9,,,,0.5054945054945055,,,,,0.02747,,1.0,1.0,
E_合成指標,追跡時 MMSE 言語計（呼称＋復唱＋読字理解＋3段階命令＋書字）,MWU（完全並べ替え）,5,9,"8［8, 8］","8［7, 8］",8、8、8、8、8,7、7、8、8、8、8、8、8、8,27.5,0.5054945054945055,0.222,0.611,212,14,0.10989,,1.0,1.0,追跡時 MMSE［記銘＋復唱＋読字理解＋3段階命令］ ほか5件
M_MMSE部分集合(k=2),追跡時 MMSE［復唱＋3段階命令］,MWU（完全並べ替え）,5,9,"4［4, 4］","4［3, 4］",4、4、4、4、4,3、3、4、4、4、4、4、4、4,27.5,0.5054945054945055,0.222,0.611,212,14,0.10989,,1.0,1.0,
M_MMSE部分集合(k=3),追跡時 MMSE［復唱＋読字理解＋3段階命令］,MWU（完全並べ替え）,5,9,"5［5, 5］","5［4, 5］",5、5、5、5、5,4、4、5、5、5、5、5、5、5,27.5,0.5054945054945055,0.222,0.611,212,14,0.10989,,1.0,1.0,追跡時 MMSE［復唱＋3段階命令＋書字］、追跡時 MMSE［復唱＋3段階命令＋図形模写］
M_MMSE部分集合(k=3),追跡時 MMSE［物品呼称＋復唱＋3段階命令］,MWU（完全並べ替え）,5,9,"6［6, 6］","6［5, 6］",6、6、6、6、6,5、5、6、6、6、6、6、6、6,27.5,0.5054945054945055,0.222,0.611,212,14,0.10989,,1.0,1.0,追跡時 MMSE［復唱＋読字理解＋3段階命令＋書字］、追跡時 MMSE［復唱＋読字理解＋3段階命令＋図形模写］、追跡時 MMSE［復唱＋3段階命令＋書字＋図形模写］
M_MMSE部分集合(k=4),追跡時 MMSE［物品呼称＋記銘＋復唱＋3段階命令］,MWU（完全並べ替え）,5,9,"9［9, 9］","9［8, 9］",9、9、9、9、9,8、8、9、9、9、9、9、9、9,27.5,0.5054945054945055,0.222,0.611,212,14,0.10989,,1.0,1.0,追跡時 MMSE［記銘＋復唱＋読字理解＋3段階命令＋書字］、追跡時 MMSE［記銘＋復唱＋読字理解＋3段階命令＋図形模写］、追跡時 MMSE［記銘＋復唱＋3段階命令＋書字＋図形模写］、追跡時 MMSE［物品呼称＋復唱＋読字理解＋3段階命令＋書字＋図形模写］
M_MMSE部分集合(k=7),追跡時 MMSE［物品呼称＋記銘＋復唱＋読字理解＋3段階命令＋書字＋図形模写］,MWU（完全並べ替え）,5,9,"12［12, 12］","12［11, 12］",12、12、12、12、12,11、11、12、12、12、12、12、12、12,27.5,0.5054945054945055,0.222,0.611,212,14,0.10989,,1.0,1.0,
M_MMSE部分集合(k=6),追跡時 MMSE［物品呼称＋記銘＋復唱＋読字理解＋3段階命令＋書字］,MWU（完全並べ替え）,5,9,"11［11, 11］","11［10, 11］",11、11、11、11、11,10、10、11、11、11、11、11、11、11,27.5,0.5054945054945055,0.222,0.611,212,14,0.10989,,1.0,1.0,追跡時 MMSE［物品呼称＋記銘＋復唱＋読字理解＋3段階命令＋図形模写］、追跡時 MMSE［物品呼称＋記銘＋復唱＋3段階命令＋書字＋図形模写］
M_MMSE部分集合(k=5),追跡時 MMSE［物品呼称＋記銘＋復唱＋読字理解＋3段階命令］,MWU（完全並べ替え）,5,9,"10［10, 10］","10［9, 10］",10、10、10、10、10,9、9、10、10、10、10、10、10、10,27.5,0.5054945054945055,0.222,0.611,212,14,0.10989,,1.0,1.0,追跡時 MMSE［物品呼称＋記銘＋復唱＋3段階命令＋書字］、追跡時 MMSE［物品呼称＋記銘＋復唱＋3段階命令＋図形模写］、追跡時 MMSE［記銘＋復唱＋読字理解＋3段階命令＋書字＋図形模写］
M_MMSE部分集合(k=3),追跡時 MMSE［記銘＋復唱＋3段階命令］,MWU（完全並べ替え）,5,9,"7［7, 7］","7［6, 7］",7、7、7、7、7,6、6、7、7、7、7、7、7、7,27.5,0.5054945054945055,0.222,0.611,212,14,0.10989,,1.0,1.0,追跡時 MMSE［物品呼称＋復唱＋読字理解＋3段階命令］、追跡時 MMSE［物品呼称＋復唱＋3段階命令＋書字］、追跡時 MMSE［物品呼称＋復唱＋3段階命令＋図形模写］、追跡時 MMSE［復唱＋読字理解＋3段階命令＋書字＋図形模写］
C_変化量,Δ MMSE 時間見当識,MWU（完全並べ替え）,5,9,"-1［-3, 0］","-1［-1, 2］",-3、-1、-1、0、0,-1、-1、-1、-1、-1、0、0、1、2,17.0,0.5104895104895105,-0.244,0.378,176,11,0.002,,1.0,1.0,Δ MMSE［時間見当識］ ほか19件
M_MMSE部分集合(k=2),Δ MMSE［時間見当識＋図形模写］,MWU（完全並べ替え）,5,9,"-1［-3, 0］","-1［-1, 2］",-3、-1、-1、0、0,-1、-1、-1、-1、-1、0、0、2、2,17.0,0.5104895104895105,-0.244,0.378,176,13,0.002,,1.0,1.0,Δ MMSE［時間見当識＋物品呼称＋図形模写］ ほか14件
M2_下位項目の差,初回 MMSE［記銘−遅延再生］,MWU（完全並べ替え）,5,9,"2［2, 3］","3［0, 3］",2、2、2、2、3,0、2、2、2、3、3、3、3、3,16.5,0.5104895104895105,-0.267,0.367,148,13,0.003,,1.0,1.0,
M_MMSE部分集合(k=4),初回 MMSE［場所見当識＋注意計算＋遅延再生＋3段階命令］,MWU（完全並べ替え）,5,9,"11［10, 14］","12［10, 15］",10、10、11、13、14,10、11、11、12、12、13、13、13、15,17.5,0.513986013986014,-0.222,0.389,212,12,0.0015,,1.0,1.0,
M_MMSE部分集合(k=5),初回 MMSE［場所見当識＋注意計算＋遅延再生＋読字理解＋3段階命令］,MWU（完全並べ替え）,5,9,"12［11, 15］","13［11, 16］",11、11、12、14、15,11、12、12、13、13、14、14、14、16,17.5,0.513986013986014,-0.222,0.389,212,12,0.0015,,1.0,1.0,初回 MMSE［場所見当識＋注意計算＋遅延再生＋3段階命令＋書字］
M_MMSE部分集合(k=5),初回 MMSE［場所見当識＋物品呼称＋注意計算＋遅延再生＋3段階命令］,MWU（完全並べ替え）,5,9,"13［12, 16］","14［12, 17］",12、12、13、15、16,12、13、13、14、14、15、15、15、17,17.5,0.513986013986014,-0.222,0.389,212,12,0.0015,,1.0,1.0,初回 MMSE［場所見当識＋注意計算＋遅延再生＋読字理解＋3段階命令＋書字］
M_MMSE部分集合(k=7),初回 MMSE［場所見当識＋物品呼称＋注意計算＋遅延再生＋読字理解＋3段階命令＋書字］,MWU（完全並べ替え）,5,9,"15［14, 18］","16［14, 19］",14、14、15、17、18,14、15、15、16、16、17、17、17、19,17.5,0.513986013986014,-0.222,0.389,212,12,0.0015,,1.0,1.0,
M_MMSE部分集合(k=6),初回 MMSE［場所見当識＋物品呼称＋注意計算＋遅延再生＋読字理解＋3段階命令］,MWU（完全並べ替え）,5,9,"14［13, 17］","15［13, 18］",13、13、14、16、17,13、14、14、15、15、16、16、16、18,17.5,0.513986013986014,-0.222,0.389,212,12,0.0015,,1.0,1.0,初回 MMSE［場所見当識＋物品呼称＋注意計算＋遅延再生＋3段階命令＋書字］
M2_下位項目の差,初回 MMSE［時間見当識−記銘］,MWU（完全並べ替え）,5,9,"2［0, 3］","1［-1, 3］",0、0、2、2、3,-1、-1、0、0、1、2、2、2、3,27.5,0.5144855144855145,0.222,0.611,212,13,0.002,,1.0,1.0,
M_CDR部分集合(k=3),追跡時 CDR［見当識＋地域社会の活動＋身の回りの世話］,MWU（完全並べ替え）,5,9,"0.5［0, 2］","1［0, 2.5］",0、0.5、0.5、1、2,0、0.5、0.5、1、1、1、1、1.5、2.5,17.5,0.5144855144855145,-0.222,0.389,212,11,0.002,,1.0,1.0,
M_CDR部分集合(k=2),Δ CDR［地域社会の活動＋身の回りの世話］,MWU（完全並べ替え）,5,9,"0［0, 0.5］","0［0, 1.5］",0、0、0、0、0.5,0、0、0、0、0、0.5、0.5、0.5、1.5,16.5,0.5174825174825175,-0.267,0.367,148,13,0.0005,,1.0,1.0,
M_MMSE部分集合(k=5),初回 MMSE［物品呼称＋記銘＋復唱＋3段階命令＋図形模写］,MWU（完全並べ替え）,5,9,"10［9, 10］","10［8, 10］",9、10、10、10、10,8、9、9、9、10、10、10、10、10,28.5,0.5174825174825175,0.267,0.633,148,13,0.0005,,1.0,1.0,初回 MMSE［記銘＋復唱＋読字理解＋3段階命令＋書字＋図形模写］
M_MMSE部分集合(k=6),初回 MMSE［物品呼称＋記銘＋復唱＋読字理解＋3段階命令＋図形模写］,MWU（完全並べ替え）,5,9,"11［10, 11］","11［9, 11］",10、11、11、11、11,9、10、10、10、11、11、11、11、11,28.5,0.5174825174825175,0.267,0.633,148,13,0.0005,,1.0,1.0,初回 MMSE［物品呼称＋記銘＋復唱＋3段階命令＋書字＋図形模写］
M_MMSE部分集合(k=7),初回 MMSE［物品呼称＋記銘＋復唱＋読字理解＋3段階命令＋書字＋図形模写］,MWU（完全並べ替え）,5,9,"12［11, 12］","12［10, 12］",11、12、12、12、12,10、11、11、11、12、12、12、12、12,28.5,0.5174825174825175,0.267,0.633,148,13,0.0005,,1.0,1.0,
M_MMSE部分集合(k=4),初回 MMSE［記銘＋復唱＋3段階命令＋図形模写］,MWU（完全並べ替え）,5,9,"8［7, 8］","8［6, 8］",7、8、8、8、8,6、7、7、7、8、8、8、8、8,28.5,0.5174825174825175,0.267,0.633,148,13,0.0005,,1.0,1.0,
M_MMSE部分集合(k=5),初回 MMSE［記銘＋復唱＋読字理解＋3段階命令＋図形模写］,MWU（完全並べ替え）,5,9,"9［8, 9］","9［7, 9］",8、9、9、9、9,7、8、8、8、9、9、9、9、9,28.5,0.5174825174825175,0.267,0.633,148,13,0.0005,,1.0,1.0,初回 MMSE［記銘＋復唱＋3段階命令＋書字＋図形模写］
M_MMSE部分集合(k=2),追跡時 MMSE［場所見当識＋3段階命令］,MWU（完全並べ替え）,5,9,"8［7, 8］","8［6, 8］",7、8、8、8、8,6、7、7、7、8、8、8、8、8,28.5,0.5174825174825175,0.267,0.633,148,13,0.0005,,1.0,1.0,
M_MMSE部分集合(k=3),追跡時 MMSE［場所見当識＋物品呼称＋3段階命令］,MWU（完全並べ替え）,5,9,"10［9, 10］","10［8, 10］",9、10、10、10、10,8、9、9、9、10、10、10、10、10,28.5,0.5174825174825175,0.267,0.633,148,13,0.0005,,1.0,1.0,追跡時 MMSE［場所見当識＋読字理解＋3段階命令＋書字］、追跡時 MMSE［場所見当識＋読字理解＋3段階命令＋図形模写］、追跡時 MMSE［場所見当識＋3段階命令＋書字＋図形模写］
M_MMSE部分集合(k=4),追跡時 MMSE［場所見当識＋物品呼称＋記銘＋3段階命令］,MWU（完全並べ替え）,5,9,"13［12, 13］","13［11, 13］",12、13、13、13、13,11、12、12、12、13、13、13、13、13,28.5,0.5174825174825175,0.267,0.633,148,13,0.0005,,1.0,1.0,追跡時 MMSE［場所見当識＋記銘＋読字理解＋3段階命令＋書字］、追跡時 MMSE［場所見当識＋記銘＋読字理解＋3段階命令＋図形模写］、追跡時 MMSE［場所見当識＋記銘＋3段階命令＋書字＋図形模写］、追跡時 MMSE［場所見当識＋物品呼称＋読字理解＋3段階命令＋書字＋図形模写］
M_MMSE部分集合(k=7),追跡時 MMSE［場所見当識＋物品呼称＋記銘＋読字理解＋3段階命令＋書字＋図形模写］,MWU（完全並べ替え）,5,9,"16［15, 16］","16［14, 16］",15、16、16、16、16,14、15、15、15、16、16、16、16、16,28.5,0.5174825174825175,0.267,0.633,148,13,0.0005,,1.0,1.0,
M_MMSE部分集合(k=6),追跡時 MMSE［場所見当識＋物品呼称＋記銘＋読字理解＋3段階命令＋書字］,MWU（完全並べ替え）,5,9,"15［14, 15］","15［13, 15］",14、15、15、15、15,13、14、14、14、15、15、15、15、15,28.5,0.5174825174825175,0.267,0.633,148,13,0.0005,,1.0,1.0,追跡時 MMSE［場所見当識＋物品呼称＋記銘＋読字理解＋3段階命令＋図形模写］、追跡時 MMSE［場所見当識＋物品呼称＋記銘＋3段階命令＋書字＋図形模写］
M_MMSE部分集合(k=5),追跡時 MMSE［場所見当識＋物品呼称＋記銘＋読字理解＋3段階命令］,MWU（完全並べ替え）,5,9,"14［13, 14］","14［12, 14］",13、14、14、14、14,12、13、13、13、14、14、14、14、14,28.5,0.5174825174825175,0.267,0.633,148,13,0.0005,,1.0,1.0,追跡時 MMSE［場所見当識＋物品呼称＋記銘＋3段階命令＋書字］、追跡時 MMSE［場所見当識＋物品呼称＋記銘＋3段階命令＋図形模写］、追跡時 MMSE［場所見当識＋記銘＋読字理解＋3段階命令＋書字＋図形模写］
M_MMSE部分集合(k=3),追跡時 MMSE［場所見当識＋記銘＋3段階命令］,MWU（完全並べ替え）,5,9,"11［10, 11］","11［9, 11］",10、11、11、11、11,9、10、10、10、11、11、11、11、11,28.5,0.5174825174825175,0.267,0.633,148,13,0.0005,,1.0,1.0,追跡時 MMSE［場所見当識＋物品呼称＋読字理解＋3段階命令］、追跡時 MMSE［場所見当識＋物品呼称＋3段階命令＋書字］、追跡時 MMSE［場所見当識＋物品呼称＋3段階命令＋図形模写］、追跡時 MMSE［場所見当識＋読字理解＋3段階命令＋書字＋図形模写］
M_MMSE部分集合(k=4),追跡時 MMSE［場所見当識＋記銘＋読字理解＋3段階命令］,MWU（完全並べ替え）,5,9,"12［11, 12］","12［10, 12］",11、12、12、12、12,10、11、11、11、12、12、12、12、12,28.5,0.5174825174825175,0.267,0.633,148,13,0.0005,,1.0,1.0,追跡時 MMSE［場所見当識＋記銘＋3段階命令＋書字］ ほか4件
M_MMSE部分集合(k=3),追跡時 MMSE［場所見当識＋読字理解＋3段階命令］,MWU（完全並べ替え）,5,9,"9［8, 9］","9［7, 9］",8、9、9、9、9,7、8、8、8、9、9、9、9、9,28.5,0.5174825174825175,0.267,0.633,148,13,0.0005,,1.0,1.0,追跡時 MMSE［場所見当識＋3段階命令＋書字］、追跡時 MMSE［場所見当識＋3段階命令＋図形模写］
M_MMSE部分集合(k=5),追跡時 MMSE［時間見当識＋注意計算＋遅延再生＋復唱＋3段階命令］,MWU（完全並べ替え）,5,9,"13［9, 14］","11［9, 17］",9、11、13、13、14,9、10、10、11、11、11、12、13、17,28.0,0.5209790209790209,0.244,0.622,176,11,0.0005,,1.0,1.0,
M_MMSE部分集合(k=6),追跡時 MMSE［時間見当識＋注意計算＋遅延再生＋復唱＋読字理解＋3段階命令］,MWU（完全並べ替え）,5,9,"14［10, 15］","12［10, 18］",10、12、14、14、15,10、11、11、12、12、12、13、14、18,28.0,0.5209790209790209,0.244,0.622,176,11,0.0005,,1.0,1.0,追跡時 MMSE［時間見当識＋注意計算＋遅延再生＋復唱＋3段階命令＋書字］、追跡時 MMSE［時間見当識＋注意計算＋遅延再生＋復唱＋3段階命令＋図形模写］
M_MMSE部分集合(k=6),追跡時 MMSE［時間見当識＋物品呼称＋注意計算＋遅延再生＋復唱＋3段階命令］,MWU（完全並べ替え）,5,9,"15［11, 16］","13［11, 19］",11、13、15、15、16,11、12、12、13、13、13、14、15、19,28.0,0.5209790209790209,0.244,0.622,176,11,0.0005,,1.0,1.0,追跡時 MMSE［時間見当識＋注意計算＋遅延再生＋復唱＋読字理解＋3段階命令＋書字］、追跡時 MMSE［時間見当識＋注意計算＋遅延再生＋復唱＋読字理解＋3段階命令＋図形模写］、追跡時 MMSE［時間見当識＋注意計算＋遅延再生＋復唱＋3段階命令＋書字＋図形模写］
M_MMSE部分集合(k=7),追跡時 MMSE［時間見当識＋物品呼称＋記銘＋注意計算＋遅延再生＋復唱＋3段階命令］,MWU（完全並べ替え）,5,9,"18［14, 19］","16［14, 22］",14、16、18、18、19,14、15、15、16、16、16、17、18、22,28.0,0.5209790209790209,0.244,0.622,176,11,0.0005,,1.0,1.0,追跡時 MMSE［時間見当識＋記銘＋注意計算＋遅延再生＋復唱＋読字理解＋3段階命令＋書字］、追跡時 MMSE［時間見当識＋記銘＋注意計算＋遅延再生＋復唱＋読字理解＋3段階命令＋図形模写］、追跡時 MMSE［時間見当識＋記銘＋注意計算＋遅延再生＋復唱＋3段階命令＋書字＋図形模写］、追跡時 MMSE［時間見当識＋物品呼称＋注意計算＋遅延再生＋復唱＋読字理解＋3段階命令＋書字＋図形模写］
M_MMSE部分集合(k=10),追跡時 MMSE［時間見当識＋物品呼称＋記銘＋注意計算＋遅延再生＋復唱＋読字理解＋3段階命令＋書字＋図形模写］,MWU（完全並べ替え）,5,9,"21［17, 22］","19［17, 25］",17、19、21、21、22,17、18、18、19、19、19、20、21、25,28.0,0.5209790209790209,0.244,0.622,176,11,0.0005,,1.0,1.0,
M_MMSE部分集合(k=9),追跡時 MMSE［時間見当識＋物品呼称＋記銘＋注意計算＋遅延再生＋復唱＋読字理解＋3段階命令＋書字］,MWU（完全並べ替え）,5,9,"20［16, 21］","18［16, 24］",16、18、20、20、21,16、17、17、18、18、18、19、20、24,28.0,0.5209790209790209,0.244,0.622,176,11,0.0005,,1.0,1.0,追跡時 MMSE［時間見当識＋物品呼称＋記銘＋注意計算＋遅延再生＋復唱＋読字理解＋3段階命令＋図形模写］、追跡時 MMSE［時間見当識＋物品呼称＋記銘＋注意計算＋遅延再生＋復唱＋3段階命令＋書字＋図形模写］
M_MMSE部分集合(k=8),追跡時 MMSE［時間見当識＋物品呼称＋記銘＋注意計算＋遅延再生＋復唱＋読字理解＋3段階命令］,MWU（完全並べ替え）,5,9,"19［15, 20］","17［15, 23］",15、17、19、19、20,15、16、16、17、17、17、18、19、23,28.0,0.5209790209790209,0.244,0.622,176,11,0.0005,,1.0,1.0,追跡時 MMSE［時間見当識＋物品呼称＋記銘＋注意計算＋遅延再生＋復唱＋3段階命令＋書字］、追跡時 MMSE［時間見当識＋物品呼称＋記銘＋注意計算＋遅延再生＋復唱＋3段階命令＋図形模写］、追跡時 MMSE［時間見当識＋記銘＋注意計算＋遅延再生＋復唱＋読字理解＋3段階命令＋書字＋図形模写］
M_MMSE部分集合(k=6),追跡時 MMSE［時間見当識＋記銘＋注意計算＋遅延再生＋復唱＋3段階命令］,MWU（完全並べ替え）,5,9,"16［12, 17］","14［12, 20］",12、14、16、16、17,12、13、13、14、14、14、15、16、20,28.0,0.5209790209790209,0.244,0.622,176,11,0.0005,,1.0,1.0,追跡時 MMSE［時間見当識＋物品呼称＋注意計算＋遅延再生＋復唱＋読字理解＋3段階命令］、追跡時 MMSE［時間見当識＋物品呼称＋注意計算＋遅延再生＋復唱＋3段階命令＋書字］、追跡時 MMSE［時間見当識＋物品呼称＋注意計算＋遅延再生＋復唱＋3段階命令＋図形模写］、追跡時 MMSE［時間見当識＋注意計算＋遅延再生＋復唱＋読字理解＋3段階命令＋書字＋図形模写］
M_MMSE部分集合(k=7),追跡時 MMSE［時間見当識＋記銘＋注意計算＋遅延再生＋復唱＋読字理解＋3段階命令］,MWU（完全並べ替え）,5,9,"17［13, 18］","15［13, 21］",13、15、17、17、18,13、14、14、15、15、15、16、17、21,28.0,0.5209790209790209,0.244,0.622,176,11,0.0005,,1.0,1.0,追跡時 MMSE［時間見当識＋記銘＋注意計算＋遅延再生＋復唱＋3段階命令＋書字］ ほか4件
M_MMSE部分集合(k=6),Δ MMSE［時間見当識＋場所見当識＋記銘＋注意計算＋復唱＋図形模写］,MWU（完全並べ替え）,5,9,"0［-1, 3］","0［-4, 4］",-1、0、0、1、3,-4、-2、-1、-1、0、0、1、1、4,28.0,0.5224775224775224,0.244,0.622,176,10,0.001,,1.0,1.0,Δ MMSE［時間見当識＋場所見当識＋物品呼称＋記銘＋注意計算＋復唱＋図形模写］ ほか14件
M_MMSE部分集合(k=5),初回 MMSE［時間見当識＋物品呼称＋記銘＋遅延再生＋図形模写］,MWU（完全並べ替え）,5,9,"10［9, 12］","10［7, 14］",9、10、10、12、12,7、9、9、9、10、11、11、11、14,27.5,0.525974025974026,0.222,0.611,212,12,0.0005,,1.0,1.0,初回 MMSE［時間見当識＋記銘＋遅延再生＋読字理解＋書字＋図形模写］
M_MMSE部分集合(k=6),初回 MMSE［時間見当識＋物品呼称＋記銘＋遅延再生＋読字理解＋図形模写］,MWU（完全並べ替え）,5,9,"11［10, 13］","11［8, 15］",10、11、11、13、13,8、10、10、10、11、12、12、12、15,27.5,0.525974025974026,0.222,0.611,212,12,0.0005,,1.0,1.0,初回 MMSE［時間見当識＋物品呼称＋記銘＋遅延再生＋書字＋図形模写］
M_MMSE部分集合(k=7),初回 MMSE［時間見当識＋物品呼称＋記銘＋遅延再生＋読字理解＋書字＋図形模写］,MWU（完全並べ替え）,5,9,"12［11, 14］","12［9, 16］",11、12、12、14、14,9、11、11、11、12、13、13、13、16,27.5,0.525974025974026,0.222,0.611,212,12,0.0005,,1.0,1.0,
M_MMSE部分集合(k=6),初回 MMSE［時間見当識＋物品呼称＋記銘＋遅延再生＋読字理解＋書字］,MWU（完全並べ替え）,5,9,"11［10, 13］","11［9, 15］",10、11、11、13、13,9、10、10、10、11、12、12、12、15,27.5,0.525974025974026,0.222,0.611,212,12,0.0005,,1.0,1.0,
M_MMSE部分集合(k=5),初回 MMSE［時間見当識＋物品呼称＋記銘＋遅延再生＋読字理解］,MWU（完全並べ替え）,5,9,"10［9, 12］","10［8, 14］",9、10、10、12、12,8、9、9、9、10、11、11、11、14,27.5,0.525974025974026,0.222,0.611,212,12,0.0005,,1.0,1.0,初回 MMSE［時間見当識＋物品呼称＋記銘＋遅延再生＋書字］
M_MMSE部分集合(k=4),初回 MMSE［時間見当識＋物品呼称＋記銘＋遅延再生］,MWU（完全並べ替え）,5,9,"9［8, 11］","9［7, 13］",8、9、9、11、11,7、8、8、8、9、10、10、10、13,27.5,0.525974025974026,0.222,0.611,212,12,0.0005,,1.0,1.0,初回 MMSE［時間見当識＋記銘＋遅延再生＋読字理解＋書字］
M_MMSE部分集合(k=4),初回 MMSE［時間見当識＋記銘＋遅延再生＋図形模写］,MWU（完全並べ替え）,5,9,"8［7, 10］","8［5, 12］",7、8、8、10、10,5、7、7、7、8、9、9、9、12,27.5,0.525974025974026,0.222,0.611,212,12,0.0005,,1.0,1.0,
M_MMSE部分集合(k=5),初回 MMSE［時間見当識＋記銘＋遅延再生＋読字理解＋図形模写］,MWU（完全並べ替え）,5,9,"9［8, 11］","9［6, 13］",8、9、9、11、11,6、8、8、8、9、10、10、10、13,27.5,0.525974025974026,0.222,0.611,212,12,0.0005,,1.0,1.0,初回 MMSE［時間見当識＋記銘＋遅延再生＋書字＋図形模写］
M_MMSE部分集合(k=4),初回 MMSE［時間見当識＋記銘＋遅延再生＋読字理解］,MWU（完全並べ替え）,5,9,"8［7, 10］","8［6, 12］",7、8、8、10、10,6、7、7、7、8、9、9、9、12,27.5,0.525974025974026,0.222,0.611,212,12,0.0005,,1.0,1.0,初回 MMSE［時間見当識＋記銘＋遅延再生＋書字］
M_MMSE部分集合(k=3),初回 MMSE［時間見当識＋記銘＋遅延再生］,MWU（完全並べ替え）,5,9,"7［6, 9］","7［5, 11］",6、7、7、9、9,5、6、6、6、7、8、8、8、11,27.5,0.525974025974026,0.222,0.611,212,12,0.0005,,1.0,1.0,
M_CDR部分集合(k=3),Δ CDR［記憶＋見当識＋家庭・趣味］,MWU（完全並べ替え）,5,9,"0.5［0, 2］","0.5［0, 1.5］",0、0.5、0.5、1、2,0、0、0、0、0.5、0.5、1、1、1.5,28.0,0.5264735264735265,0.244,0.622,176,12,0.001,,1.0,1.0,
M_CDR部分集合(k=4),追跡時 CDR［見当識＋判断力・問題解決＋家庭・趣味＋身の回りの世話］,MWU（完全並べ替え）,5,9,"1［0.5, 2.5］","1.5［1, 3］",0.5、1、1、1.5、2.5,1、1、1、1、1.5、1.5、1.5、2、3,17.5,0.5284715284715285,-0.222,0.389,212,10,0.003,,1.0,1.0,
L_固定時点(6か月),6か月 MMSE 注意計算,MWU（完全並べ替え）,5,9,"5［2, 5］","4［1, 5］",2、4、5、5、5,1、3、4、4、4、4、5、5、5,27.5,0.5304695304695305,0.222,0.611,212,11,0.003,,1.0,1.0,
M_MMSE部分集合(k=7),初回 MMSE［場所見当識＋物品呼称＋記銘＋注意計算＋遅延再生＋復唱＋3段階命令］,MWU（完全並べ替え）,5,9,"16［16, 20］","18［16, 20］",16、16、16、19、20,16、16、17、17、18、19、19、19、20,18.0,0.5304695304695305,-0.2,0.4,262,13,0.0005,,1.0,1.0,初回 MMSE［場所見当識＋記銘＋注意計算＋遅延再生＋復唱＋読字理解＋3段階命令＋書字］
M_MMSE部分集合(k=9),初回 MMSE［場所見当識＋物品呼称＋記銘＋注意計算＋遅延再生＋復唱＋読字理解＋3段階命令＋書字］,MWU（完全並べ替え）,5,9,"18［18, 22］","20［18, 22］",18、18、18、21、22,18、18、19、19、20、21、21、21、22,18.0,0.5304695304695305,-0.2,0.4,262,13,0.0005,,1.0,1.0,
M_MMSE部分集合(k=8),初回 MMSE［場所見当識＋物品呼称＋記銘＋注意計算＋遅延再生＋復唱＋読字理解＋3段階命令］,MWU（完全並べ替え）,5,9,"17［17, 21］","19［17, 21］",17、17、17、20、21,17、17、18、18、19、20、20、20、21,18.0,0.5304695304695305,-0.2,0.4,262,13,0.0005,,1.0,1.0,初回 MMSE［場所見当識＋物品呼称＋記銘＋注意計算＋遅延再生＋復唱＋3段階命令＋書字］
M_MMSE部分集合(k=6),初回 MMSE［場所見当識＋記銘＋注意計算＋遅延再生＋復唱＋3段階命令］,MWU（完全並べ替え）,5,9,"14［14, 18］","16［14, 18］",14、14、14、17、18,14、14、15、15、16、17、17、17、18,18.0,0.5304695304695305,-0.2,0.4,262,13,0.0005,,1.0,1.0,
M_MMSE部分集合(k=7),初回 MMSE［場所見当識＋記銘＋注意計算＋遅延再生＋復唱＋読字理解＋3段階命令］,MWU（完全並べ替え）,5,9,"15［15, 19］","17［15, 19］",15、15、15、18、19,15、15、16、16、17、18、18、18、19,18.0,0.5304695304695305,-0.2,0.4,262,13,0.0005,,1.0,1.0,初回 MMSE［場所見当識＋記銘＋注意計算＋遅延再生＋復唱＋3段階命令＋書字］
D_年換算変化量,Δ MMSE合計／年,MWU（完全並べ替え）,3,8,"-1.7647［-3.2877, 0］","-0.34485［-4.0336, 5.2941］",-3.2877、-1.7647、0,-4.0336、-3.038、-2.0168、-0.6897、0、0.678、0.9677、5.2941,8.5,0.5333333333333333,-0.292,0.354,124,2,0.00303,,1.0,1.0,
O_月あたり変化量,Δ MMSE合計／月,MWU（完全並べ替え）,3,8,"-0.14706［-0.27397, 0］","-0.028735［-0.33613, 0.44118］",-0.27397、-0.14706、0,-0.33613、-0.25316、-0.16807、-0.05747、0、0.0565、0.08065、0.44118,8.5,0.5333333333333333,-0.292,0.354,124,2,0.00303,,1.0,1.0,
M_MMSE部分集合(k=4),初回 MMSE［場所見当識＋注意計算＋復唱＋読字理解］,MWU（完全並べ替え）,5,9,"10［8, 12］","10［9, 12］",8、9、10、11、12,9、9、10、10、10、11、12、12、12,17.5,0.5344655344655345,-0.222,0.389,212,13,0.001,,1.0,1.0,初回 MMSE［場所見当識＋注意計算＋復唱＋書字］
M_MMSE部分集合(k=3),初回 MMSE［場所見当識＋注意計算＋復唱］,MWU（完全並べ替え）,5,9,"9［7, 11］","9［8, 11］",7、8、9、10、11,8、8、9、9、9、10、11、11、11,17.5,0.5344655344655345,-0.222,0.389,212,13,0.001,,1.0,1.0,
M_MMSE部分集合(k=6),初回 MMSE［場所見当識＋物品呼称＋注意計算＋復唱＋読字理解＋書字］,MWU（完全並べ替え）,5,9,"13［11, 15］","13［12, 15］",11、12、13、14、15,12、12、13、13、13、14、15、15、15,17.5,0.5344655344655345,-0.222,0.389,212,13,0.001,,1.0,1.0,
M_MMSE部分集合(k=5),初回 MMSE［場所見当識＋物品呼称＋注意計算＋復唱＋読字理解］,MWU（完全並べ替え）,5,9,"12［10, 14］","12［11, 14］",10、11、12、13、14,11、11、12、12、12、13、14、14、14,17.5,0.5344655344655345,-0.222,0.389,212,13,0.001,,1.0,1.0,初回 MMSE［場所見当識＋物品呼称＋注意計算＋復唱＋書字］
M_MMSE部分集合(k=4),初回 MMSE［場所見当識＋物品呼称＋注意計算＋復唱］,MWU（完全並べ替え）,5,9,"11［9, 13］","11［10, 13］",9、10、11、12、13,10、10、11、11、11、12、13、13、13,17.5,0.5344655344655345,-0.222,0.389,212,13,0.001,,1.0,1.0,初回 MMSE［場所見当識＋注意計算＋復唱＋読字理解＋書字］
G_背景・観察条件,年齢,MWU（完全並べ替え）,5,9,"77［71, 82］","75［68, 83］",71、74、77、77、82,68、69、72、74、75、75、76、81、83,27.5,0.5344655344655345,0.222,0.611,212,6,0.0005,,1.0,1.0,
M_MMSE部分集合(k=4),初回 MMSE［場所見当識＋注意計算＋遅延再生＋図形模写］,MWU（完全並べ替え）,5,9,"9［8, 12］","10［8, 13］",8、8、9、11、12,8、9、10、10、10、10、11、11、13,17.5,0.535964035964036,-0.222,0.389,212,12,0.001,,1.0,1.0,
M_MMSE部分集合(k=5),初回 MMSE［場所見当識＋注意計算＋遅延再生＋読字理解＋図形模写］,MWU（完全並べ替え）,5,9,"10［9, 13］","11［9, 14］",9、9、10、12、13,9、10、11、11、11、11、12、12、14,17.5,0.535964035964036,-0.222,0.389,212,12,0.001,,1.0,1.0,初回 MMSE［場所見当識＋注意計算＋遅延再生＋書字＋図形模写］
M_MMSE部分集合(k=5),初回 MMSE［場所見当識＋物品呼称＋注意計算＋遅延再生＋図形模写］,MWU（完全並べ替え）,5,9,"11［10, 14］","12［10, 15］",10、10、11、13、14,10、11、12、12、12、12、13、13、15,17.5,0.535964035964036,-0.222,0.389,212,12,0.001,,1.0,1.0,初回 MMSE［場所見当識＋注意計算＋遅延再生＋読字理解＋書字＋図形模写］
M_MMSE部分集合(k=6),初回 MMSE［場所見当識＋物品呼称＋注意計算＋遅延再生＋読字理解＋図形模写］,MWU（完全並べ替え）,5,9,"12［11, 15］","13［11, 16］",11、11、12、14、15,11、12、13、13、13、13、14、14、16,17.5,0.535964035964036,-0.222,0.389,212,12,0.001,,1.0,1.0,初回 MMSE［場所見当識＋物品呼称＋注意計算＋遅延再生＋書字＋図形模写］
M_MMSE部分集合(k=7),初回 MMSE［場所見当識＋物品呼称＋注意計算＋遅延再生＋読字理解＋書字＋図形模写］,MWU（完全並べ替え）,5,9,"13［12, 16］","14［12, 17］",12、12、13、15、16,12、13、14、14、14、14、15、15、17,17.5,0.535964035964036,-0.222,0.389,212,12,0.001,,1.0,1.0,
M_MMSE部分集合(k=4),追跡時 MMSE［時間見当識＋注意計算＋遅延再生＋3段階命令］,MWU（完全並べ替え）,5,9,"12［8, 13］","10［8, 16］",8、10、12、12、13,8、9、9、10、10、11、11、12、16,27.5,0.5364635364635365,0.222,0.611,212,12,0.0005,,1.0,1.0,
M_MMSE部分集合(k=5),追跡時 MMSE［時間見当識＋注意計算＋遅延再生＋読字理解＋3段階命令］,MWU（完全並べ替え）,5,9,"13［9, 14］","11［9, 17］",9、11、13、13、14,9、10、10、11、11、12、12、13、17,27.5,0.5364635364635365,0.222,0.611,212,12,0.0005,,1.0,1.0,追跡時 MMSE［時間見当識＋注意計算＋遅延再生＋3段階命令＋書字］、追跡時 MMSE［時間見当識＋注意計算＋遅延再生＋3段階命令＋図形模写］
M_MMSE部分集合(k=5),追跡時 MMSE［時間見当識＋物品呼称＋注意計算＋遅延再生＋3段階命令］,MWU（完全並べ替え）,5,9,"14［10, 15］","12［10, 18］",10、12、14、14、15,10、11、11、12、12、13、13、14、18,27.5,0.5364635364635365,0.222,0.611,212,12,0.0005,,1.0,1.0,追跡時 MMSE［時間見当識＋注意計算＋遅延再生＋読字理解＋3段階命令＋書字］、追跡時 MMSE［時間見当識＋注意計算＋遅延再生＋読字理解＋3段階命令＋図形模写］、追跡時 MMSE［時間見当識＋注意計算＋遅延再生＋3段階命令＋書字＋図形模写］
M_MMSE部分集合(k=6),追跡時 MMSE［時間見当識＋物品呼称＋記銘＋注意計算＋遅延再生＋3段階命令］,MWU（完全並べ替え）,5,9,"17［13, 18］","15［13, 21］",13、15、17、17、18,13、14、14、15、15、16、16、17、21,27.5,0.5364635364635365,0.222,0.611,212,12,0.0005,,1.0,1.0,追跡時 MMSE［時間見当識＋記銘＋注意計算＋遅延再生＋読字理解＋3段階命令＋書字］、追跡時 MMSE［時間見当識＋記銘＋注意計算＋遅延再生＋読字理解＋3段階命令＋図形模写］、追跡時 MMSE［時間見当識＋記銘＋注意計算＋遅延再生＋3段階命令＋書字＋図形模写］、追跡時 MMSE［時間見当識＋物品呼称＋注意計算＋遅延再生＋読字理解＋3段階命令＋書字＋図形模写］
M_MMSE部分集合(k=9),追跡時 MMSE［時間見当識＋物品呼称＋記銘＋注意計算＋遅延再生＋読字理解＋3段階命令＋書字＋図形模写］,MWU（完全並べ替え）,5,9,"20［16, 21］","18［16, 24］",16、18、20、20、21,16、17、17、18、18、19、19、20、24,27.5,0.5364635364635365,0.222,0.611,212,12,0.0005,,1.0,1.0,
M_MMSE部分集合(k=8),追跡時 MMSE［時間見当識＋物品呼称＋記銘＋注意計算＋遅延再生＋読字理解＋3段階命令＋書字］,MWU（完全並べ替え）,5,9,"19［15, 20］","17［15, 23］",15、17、19、19、20,15、16、16、17、17、18、18、19、23,27.5,0.5364635364635365,0.222,0.611,212,12,0.0005,,1.0,1.0,追跡時 MMSE［時間見当識＋物品呼称＋記銘＋注意計算＋遅延再生＋読字理解＋3段階命令＋図形模写］、追跡時 MMSE［時間見当識＋物品呼称＋記銘＋注意計算＋遅延再生＋3段階命令＋書字＋図形模写］
M_MMSE部分集合(k=7),追跡時 MMSE［時間見当識＋物品呼称＋記銘＋注意計算＋遅延再生＋読字理解＋3段階命令］,MWU（完全並べ替え）,5,9,"18［14, 19］","16［14, 22］",14、16、18、18、19,14、15、15、16、16、17、17、18、22,27.5,0.5364635364635365,0.222,0.611,212,12,0.0005,,1.0,1.0,追跡時 MMSE［時間見当識＋物品呼称＋記銘＋注意計算＋遅延再生＋3段階命令＋書字］、追跡時 MMSE［時間見当識＋物品呼称＋記銘＋注意計算＋遅延再生＋3段階命令＋図形模写］、追跡時 MMSE［時間見当識＋記銘＋注意計算＋遅延再生＋読字理解＋3段階命令＋書字＋図形模写］
M_MMSE部分集合(k=5),追跡時 MMSE［時間見当識＋記銘＋注意計算＋遅延再生＋3段階命令］,MWU（完全並べ替え）,5,9,"15［11, 16］","13［11, 19］",11、13、15、15、16,11、12、12、13、13、14、14、15、19,27.5,0.5364635364635365,0.222,0.611,212,12,0.0005,,1.0,1.0,追跡時 MMSE［時間見当識＋物品呼称＋注意計算＋遅延再生＋読字理解＋3段階命令］、追跡時 MMSE［時間見当識＋物品呼称＋注意計算＋遅延再生＋3段階命令＋書字］、追跡時 MMSE［時間見当識＋物品呼称＋注意計算＋遅延再生＋3段階命令＋図形模写］、追跡時 MMSE［時間見当識＋注意計算＋遅延再生＋読字理解＋3段階命令＋書字＋図形模写］
M_MMSE部分集合(k=6),追跡時 MMSE［時間見当識＋記銘＋注意計算＋遅延再生＋読字理解＋3段階命令］,MWU（完全並べ替え）,5,9,"16［12, 17］","14［12, 20］",12、14、16、16、17,12、13、13、14、14、15、15、16、20,27.5,0.5364635364635365,0.222,0.611,212,12,0.0005,,1.0,1.0,追跡時 MMSE［時間見当識＋記銘＋注意計算＋遅延再生＋3段階命令＋書字］ ほか4件
M2_下位項目の差,初回 MMSE［場所見当識−注意計算］,MWU（完全並べ替え）,5,9,"0［-1, 4］","0［-1, 2］",-1、-1、0、0、4,-1、-1、0、0、0、1、1、1、2,18.0,0.5369630369630369,-0.2,0.4,262,12,0.0005,,1.0,1.0,
M_MMSE部分集合(k=5),追跡時 MMSE［時間見当識＋場所見当識＋注意計算＋遅延再生＋3段階命令］,MWU（完全並べ替え）,5,9,"16［13, 18］","14［12, 20］",13、15、16、17、18,12、14、14、14、14、16、16、17、20,27.5,0.5369630369630369,0.222,0.611,212,9,0.0015,,1.0,1.0,
M_MMSE部分集合(k=6),追跡時 MMSE［時間見当識＋場所見当識＋注意計算＋遅延再生＋読字理解＋3段階命令］,MWU（完全並べ替え）,5,9,"17［14, 19］","15［13, 21］",14、16、17、18、19,13、15、15、15、15、17、17、18、21,27.5,0.5369630369630369,0.222,0.611,212,9,0.0015,,1.0,1.0,追跡時 MMSE［時間見当識＋場所見当識＋注意計算＋遅延再生＋3段階命令＋書字］、追跡時 MMSE［時間見当識＋場所見当識＋注意計算＋遅延再生＋3段階命令＋図形模写］
M_MMSE部分集合(k=6),追跡時 MMSE［時間見当識＋場所見当識＋物品呼称＋注意計算＋遅延再生＋3段階命令］,MWU（完全並べ替え）,5,9,"18［15, 20］","16［14, 22］",15、17、18、19、20,14、16、16、16、16、18、18、19、22,27.5,0.5369630369630369,0.222,0.611,212,9,0.0015,,1.0,1.0,追跡時 MMSE［時間見当識＋場所見当識＋注意計算＋遅延再生＋読字理解＋3段階命令＋書字］、追跡時 MMSE［時間見当識＋場所見当識＋注意計算＋遅延再生＋読字理解＋3段階命令＋図形模写］、追跡時 MMSE［時間見当識＋場所見当識＋注意計算＋遅延再生＋3段階命令＋書字＋図形模写］
M_MMSE部分集合(k=7),追跡時 MMSE［時間見当識＋場所見当識＋物品呼称＋記銘＋注意計算＋遅延再生＋3段階命令］,MWU（完全並べ替え）,5,9,"21［18, 23］","19［17, 25］",18、20、21、22、23,17、19、19、19、19、21、21、22、25,27.5,0.5369630369630369,0.222,0.611,212,9,0.0015,,1.0,1.0,追跡時 MMSE［時間見当識＋場所見当識＋記銘＋注意計算＋遅延再生＋読字理解＋3段階命令＋書字］、追跡時 MMSE［時間見当識＋場所見当識＋記銘＋注意計算＋遅延再生＋読字理解＋3段階命令＋図形模写］、追跡時 MMSE［時間見当識＋場所見当識＋記銘＋注意計算＋遅延再生＋3段階命令＋書字＋図形模写］、追跡時 MMSE［時間見当識＋場所見当識＋物品呼称＋注意計算＋遅延再生＋読字理解＋3段階命令＋書字＋図形模写］
M_MMSE部分集合(k=10),追跡時 MMSE［時間見当識＋場所見当識＋物品呼称＋記銘＋注意計算＋遅延再生＋読字理解＋3段階命令＋書字＋図形模写］,MWU（完全並べ替え）,5,9,"24［21, 26］","22［20, 28］",21、23、24、25、26,20、22、22、22、22、24、24、25、28,27.5,0.5369630369630369,0.222,0.611,212,9,0.0015,,1.0,1.0,
M_MMSE部分集合(k=9),追跡時 MMSE［時間見当識＋場所見当識＋物品呼称＋記銘＋注意計算＋遅延再生＋読字理解＋3段階命令＋書字］,MWU（完全並べ替え）,5,9,"23［20, 25］","21［19, 27］",20、22、23、24、25,19、21、21、21、21、23、23、24、27,27.5,0.5369630369630369,0.222,0.611,212,9,0.0015,,1.0,1.0,追跡時 MMSE［時間見当識＋場所見当識＋物品呼称＋記銘＋注意計算＋遅延再生＋読字理解＋3段階命令＋図形模写］、追跡時 MMSE［時間見当識＋場所見当識＋物品呼称＋記銘＋注意計算＋遅延再生＋3段階命令＋書字＋図形模写］
M_MMSE部分集合(k=8),追跡時 MMSE［時間見当識＋場所見当識＋物品呼称＋記銘＋注意計算＋遅延再生＋読字理解＋3段階命令］,MWU（完全並べ替え）,5,9,"22［19, 24］","20［18, 26］",19、21、22、23、24,18、20、20、20、20、22、22、23、26,27.5,0.5369630369630369,0.222,0.611,212,9,0.0015,,1.0,1.0,追跡時 MMSE［時間見当識＋場所見当識＋物品呼称＋記銘＋注意計算＋遅延再生＋3段階命令＋書字］、追跡時 MMSE［時間見当識＋場所見当識＋物品呼称＋記銘＋注意計算＋遅延再生＋3段階命令＋図形模写］、追跡時 MMSE［時間見当識＋場所見当識＋記銘＋注意計算＋遅延再生＋読字理解＋3段階命令＋書字＋図形模写］
M_MMSE部分集合(k=6),追跡時 MMSE［時間見当識＋場所見当識＋記銘＋注意計算＋遅延再生＋3段階命令］,MWU（完全並べ替え）,5,9,"19［16, 21］","17［15, 23］",16、18、19、20、21,15、17、17、17、17、19、19、20、23,27.5,0.5369630369630369,0.222,0.611,212,9,0.0015,,1.0,1.0,追跡時 MMSE［時間見当識＋場所見当識＋物品呼称＋注意計算＋遅延再生＋読字理解＋3段階命令］、追跡時 MMSE［時間見当識＋場所見当識＋物品呼称＋注意計算＋遅延再生＋3段階命令＋書字］、追跡時 MMSE［時間見当識＋場所見当識＋物品呼称＋注意計算＋遅延再生＋3段階命令＋図形模写］、追跡時 MMSE［時間見当識＋場所見当識＋注意計算＋遅延再生＋読字理解＋3段階命令＋書字＋図形模写］
M_MMSE部分集合(k=7),追跡時 MMSE［時間見当識＋場所見当識＋記銘＋注意計算＋遅延再生＋読字理解＋3段階命令］,MWU（完全並べ替え）,5,9,"20［17, 22］","18［16, 24］",17、19、20、21、22,16、18、18、18、18、20、20、21、24,27.5,0.5369630369630369,0.222,0.611,212,9,0.0015,,1.0,1.0,追跡時 MMSE［時間見当識＋場所見当識＋記銘＋注意計算＋遅延再生＋3段階命令＋書字］ ほか4件
M_MMSE部分集合(k=4),初回 MMSE［場所見当識＋注意計算＋遅延再生＋読字理解］,MWU（完全並べ替え）,5,9,"9［8, 12］","10［8, 13］",8、8、9、11、12,8、9、10、10、10、11、11、11、13,17.0,0.538961038961039,-0.244,0.378,176,12,0.0005,,1.0,1.0,初回 MMSE［場所見当識＋注意計算＋遅延再生＋書字］
M_MMSE部分集合(k=3),初回 MMSE［場所見当識＋注意計算＋遅延再生］,MWU（完全並べ替え）,5,9,"8［7, 11］","9［7, 12］",7、7、8、10、11,7、8、9、9、9、10、10、10、12,17.0,0.538961038961039,-0.244,0.378,176,12,0.0005,,1.0,1.0,
M_MMSE部分集合(k=6),初回 MMSE［場所見当識＋物品呼称＋注意計算＋遅延再生＋読字理解＋書字］,MWU（完全並べ替え）,5,9,"12［11, 15］","13［11, 16］",11、11、12、14、15,11、12、13、13、13、14、14、14、16,17.0,0.538961038961039,-0.244,0.378,176,12,0.0005,,1.0,1.0,
M_MMSE部分集合(k=5),初回 MMSE［場所見当識＋物品呼称＋注意計算＋遅延再生＋読字理解］,MWU（完全並べ替え）,5,9,"11［10, 14］","12［10, 15］",10、10、11、13、14,10、11、12、12、12、13、13、13、15,17.0,0.538961038961039,-0.244,0.378,176,12,0.0005,,1.0,1.0,初回 MMSE［場所見当識＋物品呼称＋注意計算＋遅延再生＋書字］
M_MMSE部分集合(k=4),初回 MMSE［場所見当識＋物品呼称＋注意計算＋遅延再生］,MWU（完全並べ替え）,5,9,"10［9, 13］","11［9, 14］",9、9、10、12、13,9、10、11、11、11、12、12、12、14,17.0,0.538961038961039,-0.244,0.378,176,12,0.0005,,1.0,1.0,初回 MMSE［場所見当識＋注意計算＋遅延再生＋読字理解＋書字］
M_CDR部分集合(k=4),追跡時 CDR［見当識＋判断力・問題解決＋地域社会の活動＋家庭・趣味］,MWU（完全並べ替え）,5,9,"1［0.5, 3.5］","2［1, 3］",0.5、1、1、2、3.5,1、1、1、1.5、2、2、2、3、3,17.5,0.5399600399600399,-0.222,0.389,212,11,0.00549,,1.0,1.0,
B_追跡時値,追跡時 CDR 地域社会の活動,MWU（完全並べ替え）,5,9,"0［0, 1］","0.5［0, 1］",0、0、0、0.5、1,0、0、0、0.5、0.5、0.5、0.5、1、1,17.5,0.542957042957043,-0.222,0.389,212,14,0.003,,1.0,1.0,追跡時 CDR［地域社会の活動］
M_CDR部分集合(k=2),追跡時 CDR［判断力・問題解決＋家庭・趣味］,MWU（完全並べ替え）,5,9,"0.5［0.5, 1.5］","1［0.5, 1.5］",0.5、0.5、0.5、1、1.5,0.5、0.5、0.5、1、1、1、1、1.5、1.5,17.5,0.542957042957043,-0.222,0.389,212,14,0.003,,1.0,1.0,
M_MMSE部分集合(k=3),追跡時 MMSE［時間見当識＋注意計算＋3段階命令］,MWU（完全並べ替え）,5,9,"12［8, 12］","10［8, 13］",8、10、12、12、12,8、9、9、10、10、11、11、12、13,27.0,0.5439560439560439,0.2,0.6,262,13,0.0005,,1.0,1.0,
M_MMSE部分集合(k=4),追跡時 MMSE［時間見当識＋注意計算＋読字理解＋3段階命令］,MWU（完全並べ替え）,5,9,"13［9, 13］","11［9, 14］",9、11、13、13、13,9、10、10、11、11、12、12、13、14,27.0,0.5439560439560439,0.2,0.6,262,13,0.0005,,1.0,1.0,追跡時 MMSE［時間見当識＋注意計算＋3段階命令＋書字］、追跡時 MMSE［時間見当識＋注意計算＋3段階命令＋図形模写］
M_MMSE部分集合(k=4),追跡時 MMSE［時間見当識＋物品呼称＋注意計算＋3段階命令］,MWU（完全並べ替え）,5,9,"14［10, 14］","12［10, 15］",10、12、14、14、14,10、11、11、12、12、13、13、14、15,27.0,0.5439560439560439,0.2,0.6,262,13,0.0005,,1.0,1.0,追跡時 MMSE［時間見当識＋注意計算＋読字理解＋3段階命令＋書字］、追跡時 MMSE［時間見当識＋注意計算＋読字理解＋3段階命令＋図形模写］、追跡時 MMSE［時間見当識＋注意計算＋3段階命令＋書字＋図形模写］
M_MMSE部分集合(k=5),追跡時 MMSE［時間見当識＋物品呼称＋記銘＋注意計算＋3段階命令］,MWU（完全並べ替え）,5,9,"17［13, 17］","15［13, 18］",13、15、17、17、17,13、14、14、15、15、16、16、17、18,27.0,0.5439560439560439,0.2,0.6,262,13,0.0005,,1.0,1.0,追跡時 MMSE［時間見当識＋記銘＋注意計算＋読字理解＋3段階命令＋書字］、追跡時 MMSE［時間見当識＋記銘＋注意計算＋読字理解＋3段階命令＋図形模写］、追跡時 MMSE［時間見当識＋記銘＋注意計算＋3段階命令＋書字＋図形模写］、追跡時 MMSE［時間見当識＋物品呼称＋注意計算＋読字理解＋3段階命令＋書字＋図形模写］
M_MMSE部分集合(k=8),追跡時 MMSE［時間見当識＋物品呼称＋記銘＋注意計算＋読字理解＋3段階命令＋書字＋図形模写］,MWU（完全並べ替え）,5,9,"20［16, 20］","18［16, 21］",16、18、20、20、20,16、17、17、18、18、19、19、20、21,27.0,0.5439560439560439,0.2,0.6,262,13,0.0005,,1.0,1.0,
M_MMSE部分集合(k=7),追跡時 MMSE［時間見当識＋物品呼称＋記銘＋注意計算＋読字理解＋3段階命令＋書字］,MWU（完全並べ替え）,5,9,"19［15, 19］","17［15, 20］",15、17、19、19、19,15、16、16、17、17、18、18、19、20,27.0,0.5439560439560439,0.2,0.6,262,13,0.0005,,1.0,1.0,追跡時 MMSE［時間見当識＋物品呼称＋記銘＋注意計算＋読字理解＋3段階命令＋図形模写］、追跡時 MMSE［時間見当識＋物品呼称＋記銘＋注意計算＋3段階命令＋書字＋図形模写］
M_MMSE部分集合(k=6),追跡時 MMSE［時間見当識＋物品呼称＋記銘＋注意計算＋読字理解＋3段階命令］,MWU（完全並べ替え）,5,9,"18［14, 18］","16［14, 19］",14、16、18、18、18,14、15、15、16、16、17、17、18、19,27.0,0.5439560439560439,0.2,0.6,262,13,0.0005,,1.0,1.0,追跡時 MMSE［時間見当識＋物品呼称＋記銘＋注意計算＋3段階命令＋書字］、追跡時 MMSE［時間見当識＋物品呼称＋記銘＋注意計算＋3段階命令＋図形模写］、追跡時 MMSE［時間見当識＋記銘＋注意計算＋読字理解＋3段階命令＋書字＋図形模写］
M_MMSE部分集合(k=4),追跡時 MMSE［時間見当識＋記銘＋注意計算＋3段階命令］,MWU（完全並べ替え）,5,9,"15［11, 15］","13［11, 16］",11、13、15、15、15,11、12、12、13、13、14、14、15、16,27.0,0.5439560439560439,0.2,0.6,262,13,0.0005,,1.0,1.0,追跡時 MMSE［時間見当識＋物品呼称＋注意計算＋読字理解＋3段階命令］、追跡時 MMSE［時間見当識＋物品呼称＋注意計算＋3段階命令＋書字］、追跡時 MMSE［時間見当識＋物品呼称＋注意計算＋3段階命令＋図形模写］、追跡時 MMSE［時間見当識＋注意計算＋読字理解＋3段階命令＋書字＋図形模写］
M_MMSE部分集合(k=5),追跡時 MMSE［時間見当識＋記銘＋注意計算＋読字理解＋3段階命令］,MWU（完全並べ替え）,5,9,"16［12, 16］","14［12, 17］",12、14、16、16、16,12、13、13、14、14、15、15、16、17,27.0,0.5439560439560439,0.2,0.6,262,13,0.0005,,1.0,1.0,追跡時 MMSE［時間見当識＋記銘＋注意計算＋3段階命令＋書字］ ほか4件
M_MMSE部分集合(k=4),追跡時 MMSE［時間見当識＋注意計算＋復唱＋読字理解］,MWU（完全並べ替え）,5,9,"11［7, 11］","9［8, 12］",7、9、11、11、11,8、8、8、9、9、9、10、11、12,27.0,0.5444555444555444,0.2,0.6,262,11,0.0005,,1.0,1.0,追跡時 MMSE［時間見当識＋注意計算＋復唱＋書字］、追跡時 MMSE［時間見当識＋注意計算＋復唱＋図形模写］
M_MMSE部分集合(k=3),追跡時 MMSE［時間見当識＋注意計算＋復唱］,MWU（完全並べ替え）,5,9,"10［6, 10］","8［7, 11］",6、8、10、10、10,7、7、7、8、8、8、9、10、11,27.0,0.5444555444555444,0.2,0.6,262,11,0.0005,,1.0,1.0,
M_MMSE部分集合(k=4),追跡時 MMSE［時間見当識＋物品呼称＋注意計算＋復唱］,MWU（完全並べ替え）,5,9,"12［8, 12］","10［9, 13］",8、10、12、12、12,9、9、9、10、10、10、11、12、13,27.0,0.5444555444555444,0.2,0.6,262,11,0.0005,,1.0,1.0,追跡時 MMSE［時間見当識＋注意計算＋復唱＋読字理解＋書字］、追跡時 MMSE［時間見当識＋注意計算＋復唱＋読字理解＋図形模写］、追跡時 MMSE［時間見当識＋注意計算＋復唱＋書字＋図形模写］
M_MMSE部分集合(k=8),追跡時 MMSE［時間見当識＋物品呼称＋記銘＋注意計算＋復唱＋読字理解＋書字＋図形模写］,MWU（完全並べ替え）,5,9,"18［14, 18］","16［15, 19］",14、16、18、18、18,15、15、15、16、16、16、17、18、19,27.0,0.5444555444555444,0.2,0.6,262,11,0.0005,,1.0,1.0,
M_MMSE部分集合(k=7),追跡時 MMSE［時間見当識＋物品呼称＋記銘＋注意計算＋復唱＋読字理解＋書字］,MWU（完全並べ替え）,5,9,"17［13, 17］","15［14, 18］",13、15、17、17、17,14、14、14、15、15、15、16、17、18,27.0,0.5444555444555444,0.2,0.6,262,11,0.0005,,1.0,1.0,追跡時 MMSE［時間見当識＋物品呼称＋記銘＋注意計算＋復唱＋読字理解＋図形模写］、追跡時 MMSE［時間見当識＋物品呼称＋記銘＋注意計算＋復唱＋書字＋図形模写］
M_MMSE部分集合(k=6),追跡時 MMSE［時間見当識＋物品呼称＋記銘＋注意計算＋復唱＋読字理解］,MWU（完全並べ替え）,5,9,"16［12, 16］","14［13, 17］",12、14、16、16、16,13、13、13、14、14、14、15、16、17,27.0,0.5444555444555444,0.2,0.6,262,11,0.0005,,1.0,1.0,追跡時 MMSE［時間見当識＋物品呼称＋記銘＋注意計算＋復唱＋書字］、追跡時 MMSE［時間見当識＋物品呼称＋記銘＋注意計算＋復唱＋図形模写］、追跡時 MMSE［時間見当識＋記銘＋注意計算＋復唱＋読字理解＋書字＋図形模写］
M_MMSE部分集合(k=5),追跡時 MMSE［時間見当識＋物品呼称＋記銘＋注意計算＋復唱］,MWU（完全並べ替え）,5,9,"15［11, 15］","13［12, 16］",11、13、15、15、15,12、12、12、13、13、13、14、15、16,27.0,0.5444555444555444,0.2,0.6,262,11,0.0005,,1.0,1.0,追跡時 MMSE［時間見当識＋記銘＋注意計算＋復唱＋読字理解＋書字］、追跡時 MMSE［時間見当識＋記銘＋注意計算＋復唱＋読字理解＋図形模写］、追跡時 MMSE［時間見当識＋記銘＋注意計算＋復唱＋書字＋図形模写］、追跡時 MMSE［時間見当識＋物品呼称＋注意計算＋復唱＋読字理解＋書字＋図形模写］
M_MMSE部分集合(k=5),追跡時 MMSE［時間見当識＋記銘＋注意計算＋復唱＋読字理解］,MWU（完全並べ替え）,5,9,"14［10, 14］","12［11, 15］",10、12、14、14、14,11、11、11、12、12、12、13、14、15,27.0,0.5444555444555444,0.2,0.6,262,11,0.0005,,1.0,1.0,追跡時 MMSE［時間見当識＋記銘＋注意計算＋復唱＋書字］ ほか4件
M_MMSE部分集合(k=4),追跡時 MMSE［時間見当識＋記銘＋注意計算＋復唱］,MWU（完全並べ替え）,5,9,"13［9, 13］","11［10, 14］",9、11、13、13、13,10、10、10、11、11、11、12、13、14,27.0,0.5444555444555444,0.2,0.6,262,11,0.0005,,1.0,1.0,追跡時 MMSE［時間見当識＋物品呼称＋注意計算＋復唱＋読字理解］、追跡時 MMSE［時間見当識＋物品呼称＋注意計算＋復唱＋書字］、追跡時 MMSE［時間見当識＋物品呼称＋注意計算＋復唱＋図形模写］、追跡時 MMSE［時間見当識＋注意計算＋復唱＋読字理解＋書字＋図形模写］
M_MMSE部分集合(k=4),初回 MMSE［場所見当識＋注意計算＋3段階命令＋図形模写］,MWU（完全並べ替え）,5,9,"12［10, 14］","13［11, 14］",10、11、12、13、14,11、11、12、12、13、13、13、14、14,17.5,0.5469530469530469,-0.222,0.389,212,13,0.0015,,1.0,1.0,
M_MMSE部分集合(k=5),初回 MMSE［場所見当識＋注意計算＋読字理解＋3段階命令＋図形模写］,MWU（完全並べ替え）,5,9,"13［11, 15］","14［12, 15］",11、12、13、14、15,12、12、13、13、14、14、14、15、15,17.5,0.5469530469530469,-0.222,0.389,212,13,0.0015,,1.0,1.0,初回 MMSE［場所見当識＋注意計算＋3段階命令＋書字＋図形模写］
M_MMSE部分集合(k=5),初回 MMSE［場所見当識＋物品呼称＋注意計算＋3段階命令＋図形模写］,MWU（完全並べ替え）,5,9,"14［12, 16］","15［13, 16］",12、13、14、15、16,13、13、14、14、15、15、15、16、16,17.5,0.5469530469530469,-0.222,0.389,212,13,0.0015,,1.0,1.0,初回 MMSE［場所見当識＋注意計算＋読字理解＋3段階命令＋書字＋図形模写］
M_MMSE部分集合(k=6),初回 MMSE［場所見当識＋物品呼称＋注意計算＋読字理解＋3段階命令＋図形模写］,MWU（完全並べ替え）,5,9,"15［13, 17］","16［14, 17］",13、14、15、16、17,14、14、15、15、16、16、16、17、17,17.5,0.5469530469530469,-0.222,0.389,212,13,0.0015,,1.0,1.0,初回 MMSE［場所見当識＋物品呼称＋注意計算＋3段階命令＋書字＋図形模写］
M_MMSE部分集合(k=7),初回 MMSE［場所見当識＋物品呼称＋注意計算＋読字理解＋3段階命令＋書字＋図形模写］,MWU（完全並べ替え）,5,9,"16［14, 18］","17［15, 18］",14、15、16、17、18,15、15、16、16、17、17、17、18、18,17.5,0.5469530469530469,-0.222,0.389,212,13,0.0015,,1.0,1.0,
M_MMSE部分集合(k=4),追跡時 MMSE［時間見当識＋注意計算＋復唱＋3段階命令］,MWU（完全並べ替え）,5,9,"13［9, 13］","11［9, 14］",9、11、13、13、13,9、10、10、11、11、11、12、13、14,27.5,0.5474525474525475,0.222,0.611,212,12,0.0005,,1.0,1.0,
M_MMSE部分集合(k=5),追跡時 MMSE［時間見当識＋注意計算＋復唱＋読字理解＋3段階命令］,MWU（完全並べ替え）,5,9,"14［10, 14］","12［10, 15］",10、12、14、14、14,10、11、11、12、12、12、13、14、15,27.5,0.5474525474525475,0.222,0.611,212,12,0.0005,,1.0,1.0,追跡時 MMSE［時間見当識＋注意計算＋復唱＋3段階命令＋書字］、追跡時 MMSE［時間見当識＋注意計算＋復唱＋3段階命令＋図形模写］
M_MMSE部分集合(k=5),追跡時 MMSE［時間見当識＋物品呼称＋注意計算＋復唱＋3段階命令］,MWU（完全並べ替え）,5,9,"15［11, 15］","13［11, 16］",11、13、15、15、15,11、12、12、13、13、13、14、15、16,27.5,0.5474525474525475,0.222,0.611,212,12,0.0005,,1.0,1.0,追跡時 MMSE［時間見当識＋注意計算＋復唱＋読字理解＋3段階命令＋書字］、追跡時 MMSE［時間見当識＋注意計算＋復唱＋読字理解＋3段階命令＋図形模写］、追跡時 MMSE［時間見当識＋注意計算＋復唱＋3段階命令＋書字＋図形模写］
M_MMSE部分集合(k=6),追跡時 MMSE［時間見当識＋物品呼称＋記銘＋注意計算＋復唱＋3段階命令］,MWU（完全並べ替え）,5,9,"18［14, 18］","16［14, 19］",14、16、18、18、18,14、15、15、16、16、16、17、18、19,27.5,0.5474525474525475,0.222,0.611,212,12,0.0005,,1.0,1.0,追跡時 MMSE［時間見当識＋記銘＋注意計算＋復唱＋読字理解＋3段階命令＋書字］、追跡時 MMSE［時間見当識＋記銘＋注意計算＋復唱＋読字理解＋3段階命令＋図形模写］、追跡時 MMSE［時間見当識＋記銘＋注意計算＋復唱＋3段階命令＋書字＋図形模写］、追跡時 MMSE［時間見当識＋物品呼称＋注意計算＋復唱＋読字理解＋3段階命令＋書字＋図形模写］
M_MMSE部分集合(k=9),追跡時 MMSE［時間見当識＋物品呼称＋記銘＋注意計算＋復唱＋読字理解＋3段階命令＋書字＋図形模写］,MWU（完全並べ替え）,5,9,"21［17, 21］","19［17, 22］",17、19、21、21、21,17、18、18、19、19、19、20、21、22,27.5,0.5474525474525475,0.222,0.611,212,12,0.0005,,1.0,1.0,
M_MMSE部分集合(k=8),追跡時 MMSE［時間見当識＋物品呼称＋記銘＋注意計算＋復唱＋読字理解＋3段階命令＋書字］,MWU（完全並べ替え）,5,9,"20［16, 20］","18［16, 21］",16、18、20、20、20,16、17、17、18、18、18、19、20、21,27.5,0.5474525474525475,0.222,0.611,212,12,0.0005,,1.0,1.0,追跡時 MMSE［時間見当識＋物品呼称＋記銘＋注意計算＋復唱＋読字理解＋3段階命令＋図形模写］、追跡時 MMSE［時間見当識＋物品呼称＋記銘＋注意計算＋復唱＋3段階命令＋書字＋図形模写］
M_MMSE部分集合(k=7),追跡時 MMSE［時間見当識＋物品呼称＋記銘＋注意計算＋復唱＋読字理解＋3段階命令］,MWU（完全並べ替え）,5,9,"19［15, 19］","17［15, 20］",15、17、19、19、19,15、16、16、17、17、17、18、19、20,27.5,0.5474525474525475,0.222,0.611,212,12,0.0005,,1.0,1.0,追跡時 MMSE［時間見当識＋物品呼称＋記銘＋注意計算＋復唱＋3段階命令＋書字］、追跡時 MMSE［時間見当識＋物品呼称＋記銘＋注意計算＋復唱＋3段階命令＋図形模写］、追跡時 MMSE［時間見当識＋記銘＋注意計算＋復唱＋読字理解＋3段階命令＋書字＋図形模写］
M_MMSE部分集合(k=5),追跡時 MMSE［時間見当識＋記銘＋注意計算＋復唱＋3段階命令］,MWU（完全並べ替え）,5,9,"16［12, 16］","14［12, 17］",12、14、16、16、16,12、13、13、14、14、14、15、16、17,27.5,0.5474525474525475,0.222,0.611,212,12,0.0005,,1.0,1.0,追跡時 MMSE［時間見当識＋物品呼称＋注意計算＋復唱＋読字理解＋3段階命令］、追跡時 MMSE［時間見当識＋物品呼称＋注意計算＋復唱＋3段階命令＋書字］、追跡時 MMSE［時間見当識＋物品呼称＋注意計算＋復唱＋3段階命令＋図形模写］、追跡時 MMSE［時間見当識＋注意計算＋復唱＋読字理解＋3段階命令＋書字＋図形模写］
M_MMSE部分集合(k=6),追跡時 MMSE［時間見当識＋記銘＋注意計算＋復唱＋読字理解＋3段階命令］,MWU（完全並べ替え）,5,9,"17［13, 17］","15［13, 18］",13、15、17、17、17,13、14、14、15、15、15、16、17、18,27.5,0.5474525474525475,0.222,0.611,212,12,0.0005,,1.0,1.0,追跡時 MMSE［時間見当識＋記銘＋注意計算＋復唱＋3段階命令＋書字］ ほか4件
M_MMSE部分集合(k=6),初回 MMSE［物品呼称＋記銘＋遅延再生＋復唱＋3段階命令＋図形模写］,MWU（完全並べ替え）,5,9,"11［9, 11］","10［8, 12］",9、10、11、11、11,8、9、9、10、10、10、11、11、12,27.5,0.547952047952048,0.222,0.611,212,12,0.002,,1.0,1.0,初回 MMSE［記銘＋遅延再生＋復唱＋読字理解＋3段階命令＋書字＋図形模写］
M_MMSE部分集合(k=7),初回 MMSE［物品呼称＋記銘＋遅延再生＋復唱＋読字理解＋3段階命令＋図形模写］,MWU（完全並べ替え）,5,9,"12［10, 12］","11［9, 13］",10、11、12、12、12,9、10、10、11、11、11、12、12、13,27.5,0.547952047952048,0.222,0.611,212,12,0.002,,1.0,1.0,初回 MMSE［物品呼称＋記銘＋遅延再生＋復唱＋3段階命令＋書字＋図形模写］
M_MMSE部分集合(k=8),初回 MMSE［物品呼称＋記銘＋遅延再生＋復唱＋読字理解＋3段階命令＋書字＋図形模写］,MWU（完全並べ替え）,5,9,"13［11, 13］","12［10, 14］",11、12、13、13、13,10、11、11、12、12、12、13、13、14,27.5,0.547952047952048,0.222,0.611,212,12,0.002,,1.0,1.0,
M_MMSE部分集合(k=5),初回 MMSE［記銘＋遅延再生＋復唱＋3段階命令＋図形模写］,MWU（完全並べ替え）,5,9,"9［7, 9］","8［6, 10］",7、8、9、9、9,6、7、7、8、8、8、9、9、10,27.5,0.547952047952048,0.222,0.611,212,12,0.002,,1.0,1.0,
M_MMSE部分集合(k=6),初回 MMSE［記銘＋遅延再生＋復唱＋読字理解＋3段階命令＋図形模写］,MWU（完全並べ替え）,5,9,"10［8, 10］","9［7, 11］",8、9、10、10、10,7、8、8、9、9、9、10、10、11,27.5,0.547952047952048,0.222,0.611,212,12,0.002,,1.0,1.0,初回 MMSE［記銘＋遅延再生＋復唱＋3段階命令＋書字＋図形模写］
M_MMSE部分集合(k=5),初回 MMSE［物品呼称＋記銘＋遅延再生＋3段階命令＋図形模写］,MWU（完全並べ替え）,5,9,"10［8, 10］","9［8, 12］",8、9、10、10、10,8、8、8、9、9、9、10、10、12,27.0,0.5494505494505495,0.2,0.6,262,13,0.002,,1.0,1.0,初回 MMSE［記銘＋遅延再生＋読字理解＋3段階命令＋書字＋図形模写］
M_MMSE部分集合(k=6),初回 MMSE［物品呼称＋記銘＋遅延再生＋読字理解＋3段階命令＋図形模写］,MWU（完全並べ替え）,5,9,"11［9, 11］","10［9, 13］",9、10、11、11、11,9、9、9、10、10、10、11、11、13,27.0,0.5494505494505495,0.2,0.6,262,13,0.002,,1.0,1.0,初回 MMSE［物品呼称＋記銘＋遅延再生＋3段階命令＋書字＋図形模写］
M_MMSE部分集合(k=7),初回 MMSE［物品呼称＋記銘＋遅延再生＋読字理解＋3段階命令＋書字＋図形模写］,MWU（完全並べ替え）,5,9,"12［10, 12］","11［10, 14］",10、11、12、12、12,10、10、10、11、11、11、12、12、14,27.0,0.5494505494505495,0.2,0.6,262,13,0.002,,1.0,1.0,
M_MMSE部分集合(k=4),初回 MMSE［記銘＋遅延再生＋3段階命令＋図形模写］,MWU（完全並べ替え）,5,9,"8［6, 8］","7［6, 10］",6、7、8、8、8,6、6、6、7、7、7、8、8、10,27.0,0.5494505494505495,0.2,0.6,262,13,0.002,,1.0,1.0,
M_MMSE部分集合(k=5),初回 MMSE［記銘＋遅延再生＋読字理解＋3段階命令＋図形模写］,MWU（完全並べ替え）,5,9,"9［7, 9］","8［7, 11］",7、8、9、9、9,7、7、7、8、8、8、9、9、11,27.0,0.5494505494505495,0.2,0.6,262,13,0.002,,1.0,1.0,初回 MMSE［記銘＋遅延再生＋3段階命令＋書字＋図形模写］
M_MMSE部分集合(k=5),追跡時 MMSE［時間見当識＋注意計算＋遅延再生＋復唱＋読字理解］,MWU（完全並べ替え）,5,9,"11［7, 12］","9［8, 15］",7、9、11、11、12,8、8、8、9、9、9、10、11、15,27.5,0.550949050949051,0.222,0.611,212,10,0.0005,,1.0,1.0,追跡時 MMSE［時間見当識＋注意計算＋遅延再生＋復唱＋書字］、追跡時 MMSE［時間見当識＋注意計算＋遅延再生＋復唱＋図形模写］
M_MMSE部分集合(k=4),追跡時 MMSE［時間見当識＋注意計算＋遅延再生＋復唱］,MWU（完全並べ替え）,5,9,"10［6, 11］","8［7, 14］",6、8、10、10、11,7、7、7、8、8、8、9、10、14,27.5,0.550949050949051,0.222,0.611,212,10,0.0005,,1.0,1.0,
M_MMSE部分集合(k=5),追跡時 MMSE［時間見当識＋物品呼称＋注意計算＋遅延再生＋復唱］,MWU（完全並べ替え）,5,9,"12［8, 13］","10［9, 16］",8、10、12、12、13,9、9、9、10、10、10、11、12、16,27.5,0.550949050949051,0.222,0.611,212,10,0.0005,,1.0,1.0,追跡時 MMSE［時間見当識＋注意計算＋遅延再生＋復唱＋読字理解＋書字］、追跡時 MMSE［時間見当識＋注意計算＋遅延再生＋復唱＋読字理解＋図形模写］、追跡時 MMSE［時間見当識＋注意計算＋遅延再生＋復唱＋書字＋図形模写］
M_MMSE部分集合(k=9),追跡時 MMSE［時間見当識＋物品呼称＋記銘＋注意計算＋遅延再生＋復唱＋読字理解＋書字＋図形模写］,MWU（完全並べ替え）,5,9,"18［14, 19］","16［15, 22］",14、16、18、18、19,15、15、15、16、16、16、17、18、22,27.5,0.550949050949051,0.222,0.611,212,10,0.0005,,1.0,1.0,
M_MMSE部分集合(k=8),追跡時 MMSE［時間見当識＋物品呼称＋記銘＋注意計算＋遅延再生＋復唱＋読字理解＋書字］,MWU（完全並べ替え）,5,9,"17［13, 18］","15［14, 21］",13、15、17、17、18,14、14、14、15、15、15、16、17、21,27.5,0.550949050949051,0.222,0.611,212,10,0.0005,,1.0,1.0,追跡時 MMSE［時間見当識＋物品呼称＋記銘＋注意計算＋遅延再生＋復唱＋読字理解＋図形模写］、追跡時 MMSE［時間見当識＋物品呼称＋記銘＋注意計算＋遅延再生＋復唱＋書字＋図形模写］
M_MMSE部分集合(k=7),追跡時 MMSE［時間見当識＋物品呼称＋記銘＋注意計算＋遅延再生＋復唱＋読字理解］,MWU（完全並べ替え）,5,9,"16［12, 17］","14［13, 20］",12、14、16、16、17,13、13、13、14、14、14、15、16、20,27.5,0.550949050949051,0.222,0.611,212,10,0.0005,,1.0,1.0,追跡時 MMSE［時間見当識＋物品呼称＋記銘＋注意計算＋遅延再生＋復唱＋書字］、追跡時 MMSE［時間見当識＋物品呼称＋記銘＋注意計算＋遅延再生＋復唱＋図形模写］、追跡時 MMSE［時間見当識＋記銘＋注意計算＋遅延再生＋復唱＋読字理解＋書字＋図形模写］
M_MMSE部分集合(k=6),追跡時 MMSE［時間見当識＋物品呼称＋記銘＋注意計算＋遅延再生＋復唱］,MWU（完全並べ替え）,5,9,"15［11, 16］","13［12, 19］",11、13、15、15、16,12、12、12、13、13、13、14、15、19,27.5,0.550949050949051,0.222,0.611,212,10,0.0005,,1.0,1.0,追跡時 MMSE［時間見当識＋記銘＋注意計算＋遅延再生＋復唱＋読字理解＋書字］、追跡時 MMSE［時間見当識＋記銘＋注意計算＋遅延再生＋復唱＋読字理解＋図形模写］、追跡時 MMSE［時間見当識＋記銘＋注意計算＋遅延再生＋復唱＋書字＋図形模写］、追跡時 MMSE［時間見当識＋物品呼称＋注意計算＋遅延再生＋復唱＋読字理解＋書字＋図形模写］
M_MMSE部分集合(k=6),追跡時 MMSE［時間見当識＋記銘＋注意計算＋遅延再生＋復唱＋読字理解］,MWU（完全並べ替え）,5,9,"14［10, 15］","12［11, 18］",10、12、14、14、15,11、11、11、12、12、12、13、14、18,27.5,0.550949050949051,0.222,0.611,212,10,0.0005,,1.0,1.0,追跡時 MMSE［時間見当識＋記銘＋注意計算＋遅延再生＋復唱＋書字］ ほか4件
M_MMSE部分集合(k=5),追跡時 MMSE［時間見当識＋記銘＋注意計算＋遅延再生＋復唱］,MWU（完全並べ替え）,5,9,"13［9, 14］","11［10, 17］",9、11、13、13、14,10、10、10、11、11、11、12、13、17,27.5,0.550949050949051,0.222,0.611,212,10,0.0005,,1.0,1.0,追跡時 MMSE［時間見当識＋物品呼称＋注意計算＋遅延再生＋復唱＋読字理解］、追跡時 MMSE［時間見当識＋物品呼称＋注意計算＋遅延再生＋復唱＋書字］、追跡時 MMSE［時間見当識＋物品呼称＋注意計算＋遅延再生＋復唱＋図形模写］、追跡時 MMSE［時間見当識＋注意計算＋遅延再生＋復唱＋読字理解＋書字＋図形模写］
M_CDR部分集合(k=4),Δ CDR［記憶＋判断力・問題解決＋地域社会の活動＋身の回りの世話］,MWU（完全並べ替え）,5,9,"0［0, 1］","0.5［0, 2］",0、0、0、0.5、1,0、0、0、0、0.5、0.5、1、1.5、2,17.5,0.5594405594405595,-0.222,0.389,212,12,0.0015,,1.0,1.0,
M_MMSE部分集合(k=4),追跡時 MMSE［時間見当識＋場所見当識＋注意計算＋読字理解］,MWU（完全並べ替え）,5,9,"14［11, 15］","12［11, 15］",11、13、14、15、15,11、12、12、12、12、14、14、15、15,27.5,0.5594405594405595,0.222,0.611,212,13,0.0015,,1.0,1.0,追跡時 MMSE［時間見当識＋場所見当識＋注意計算＋書字］、追跡時 MMSE［時間見当識＋場所見当識＋注意計算＋図形模写］
M_MMSE部分集合(k=3),追跡時 MMSE［時間見当識＋場所見当識＋注意計算］,MWU（完全並べ替え）,5,9,"13［10, 14］","11［10, 14］",10、12、13、14、14,10、11、11、11、11、13、13、14、14,27.5,0.5594405594405595,0.222,0.611,212,13,0.0015,,1.0,1.0,
M_MMSE部分集合(k=4),追跡時 MMSE［時間見当識＋場所見当識＋物品呼称＋注意計算］,MWU（完全並べ替え）,5,9,"15［12, 16］","13［12, 16］",12、14、15、16、16,12、13、13、13、13、15、15、16、16,27.5,0.5594405594405595,0.222,0.611,212,13,0.0015,,1.0,1.0,追跡時 MMSE［時間見当識＋場所見当識＋注意計算＋読字理解＋書字］、追跡時 MMSE［時間見当識＋場所見当識＋注意計算＋読字理解＋図形模写］、追跡時 MMSE［時間見当識＋場所見当識＋注意計算＋書字＋図形模写］
M_MMSE部分集合(k=8),追跡時 MMSE［時間見当識＋場所見当識＋物品呼称＋記銘＋注意計算＋読字理解＋書字＋図形模写］,MWU（完全並べ替え）,5,9,"21［18, 22］","19［18, 22］",18、20、21、22、22,18、19、19、19、19、21、21、22、22,27.5,0.5594405594405595,0.222,0.611,212,13,0.0015,,1.0,1.0,
M_MMSE部分集合(k=7),追跡時 MMSE［時間見当識＋場所見当識＋物品呼称＋記銘＋注意計算＋読字理解＋書字］,MWU（完全並べ替え）,5,9,"20［17, 21］","18［17, 21］",17、19、20、21、21,17、18、18、18、18、20、20、21、21,27.5,0.5594405594405595,0.222,0.611,212,13,0.0015,,1.0,1.0,追跡時 MMSE［時間見当識＋場所見当識＋物品呼称＋記銘＋注意計算＋読字理解＋図形模写］、追跡時 MMSE［時間見当識＋場所見当識＋物品呼称＋記銘＋注意計算＋書字＋図形模写］
M_MMSE部分集合(k=6),追跡時 MMSE［時間見当識＋場所見当識＋物品呼称＋記銘＋注意計算＋読字理解］,MWU（完全並べ替え）,5,9,"19［16, 20］","17［16, 20］",16、18、19、20、20,16、17、17、17、17、19、19、20、20,27.5,0.5594405594405595,0.222,0.611,212,13,0.0015,,1.0,1.0,追跡時 MMSE［時間見当識＋場所見当識＋物品呼称＋記銘＋注意計算＋書字］、追跡時 MMSE［時間見当識＋場所見当識＋物品呼称＋記銘＋注意計算＋図形模写］、追跡時 MMSE［時間見当識＋場所見当識＋記銘＋注意計算＋読字理解＋書字＋図形模写］
M_MMSE部分集合(k=5),追跡時 MMSE［時間見当識＋場所見当識＋物品呼称＋記銘＋注意計算］,MWU（完全並べ替え）,5,9,"18［15, 19］","16［15, 19］",15、17、18、19、19,15、16、16、16、16、18、18、19、19,27.5,0.5594405594405595,0.222,0.611,212,13,0.0015,,1.0,1.0,追跡時 MMSE［時間見当識＋場所見当識＋記銘＋注意計算＋読字理解＋書字］、追跡時 MMSE［時間見当識＋場所見当識＋記銘＋注意計算＋読字理解＋図形模写］、追跡時 MMSE［時間見当識＋場所見当識＋記銘＋注意計算＋書字＋図形模写］、追跡時 MMSE［時間見当識＋場所見当識＋物品呼称＋注意計算＋読字理解＋書字＋図形模写］
M_MMSE部分集合(k=5),追跡時 MMSE［時間見当識＋場所見当識＋記銘＋注意計算＋読字理解］,MWU（完全並べ替え）,5,9,"17［14, 18］","15［14, 18］",14、16、17、18、18,14、15、15、15、15、17、17、18、18,27.5,0.5594405594405595,0.222,0.611,212,13,0.0015,,1.0,1.0,追跡時 MMSE［時間見当識＋場所見当識＋記銘＋注意計算＋書字］ ほか4件
M_MMSE部分集合(k=4),追跡時 MMSE［時間見当識＋場所見当識＋記銘＋注意計算］,MWU（完全並べ替え）,5,9,"16［13, 17］","14［13, 17］",13、15、16、17、17,13、14、14、14、14、16、16、17、17,27.5,0.5594405594405595,0.222,0.611,212,13,0.0015,,1.0,1.0,追跡時 MMSE［時間見当識＋場所見当識＋物品呼称＋注意計算＋読字理解］、追跡時 MMSE［時間見当識＋場所見当識＋物品呼称＋注意計算＋書字］、追跡時 MMSE［時間見当識＋場所見当識＋物品呼称＋注意計算＋図形模写］、追跡時 MMSE［時間見当識＋場所見当識＋注意計算＋読字理解＋書字＋図形模写］
R_初回値調整残差,Δ CDR 地域社会の活動（初回値調整残差）,MWU（完全並べ替え）,5,9,"-0.125［-0.25, 0.25］","-0.125［-0.25, 0.375］",-0.25、-0.125、-0.125、-0.125、0.25,-0.25、-0.25、-0.125、-0.125、-0.125、0.25、0.25、0.375、0.375,17.5,0.5604395604395604,-0.222,0.389,212,14,0.0005,,1.0,1.0,
M_CDR部分集合(k=3),初回 CDR［判断力・問題解決＋地域社会の活動＋家庭・趣味］,MWU（完全並べ替え）,5,9,"0.5［0, 1.5］","1［0.5, 1.5］",0、0.5、0.5、1、1.5,0.5、0.5、0.5、0.5、1、1、1、1.5、1.5,17.5,0.5604395604395604,-0.222,0.389,212,13,0.003,,1.0,1.0,初回 CDR［判断力・問題解決＋地域社会の活動＋家庭・趣味＋身の回りの世話］
M_CDR部分集合(k=4),初回 CDR［記憶＋判断力・問題解決＋地域社会の活動＋家庭・趣味］,MWU（完全並べ替え）,5,9,"1［0.5, 2］","1.5［1, 2］",0.5、1、1、1.5、2,1、1、1、1、1.5、1.5、1.5、2、2,17.5,0.5604395604395604,-0.222,0.389,212,13,0.003,,1.0,1.0,初回 CDR［記憶＋判断力・問題解決＋地域社会の活動＋家庭・趣味＋身の回りの世話］
M_MMSE部分集合(k=3),Δ MMSE［注意計算＋遅延再生＋図形模写］,MWU（完全並べ替え）,5,9,"0［-1, 3］","0［-3, 1］",-1、-1、0、1、3,-3、-1、-1、0、0、0、0、0、1,27.0,0.561938061938062,0.2,0.6,262,12,0.0005,,1.0,1.0,Δ MMSE［物品呼称＋注意計算＋遅延再生＋図形模写］ ほか14件
M_CDR部分集合(k=2),Δ CDR［記憶＋家庭・趣味］,MWU（完全並べ替え）,5,9,"0.5［0, 1.5］","0［0, 1］",0、0、0.5、0.5、1.5,0、0、0、0、0、0、1、1、1,27.0,0.5664335664335665,0.2,0.6,262,13,0.001,,1.0,1.0,
M_CDR部分集合(k=4),追跡時 CDR［記憶＋判断力・問題解決＋地域社会の活動＋家庭・趣味］,MWU（完全並べ替え）,5,9,"1.5［1, 3.5］","2［1, 3.5］",1、1、1.5、2、3.5,1、1、1.5、1.5、2、2.5、2.5、3、3.5,18.0,0.5669330669330669,-0.2,0.4,262,13,0.0005,,1.0,1.0,
M_MMSE部分集合(k=5),追跡時 MMSE［時間見当識＋場所見当識＋注意計算＋遅延再生＋読字理解］,MWU（完全並べ替え）,5,9,"14［11, 16］","12［11, 18］",11、13、14、15、16,11、12、12、12、12、14、14、15、18,27.0,0.5669330669330669,0.2,0.6,262,11,0.0015,,1.0,1.0,追跡時 MMSE［時間見当識＋場所見当識＋注意計算＋遅延再生＋書字］、追跡時 MMSE［時間見当識＋場所見当識＋注意計算＋遅延再生＋図形模写］
M_MMSE部分集合(k=4),追跡時 MMSE［時間見当識＋場所見当識＋注意計算＋遅延再生］,MWU（完全並べ替え）,5,9,"13［10, 15］","11［10, 17］",10、12、13、14、15,10、11、11、11、11、13、13、14、17,27.0,0.5669330669330669,0.2,0.6,262,11,0.0015,,1.0,1.0,
M_MMSE部分集合(k=5),追跡時 MMSE［時間見当識＋場所見当識＋物品呼称＋注意計算＋遅延再生］,MWU（完全並べ替え）,5,9,"15［12, 17］","13［12, 19］",12、14、15、16、17,12、13、13、13、13、15、15、16、19,27.0,0.5669330669330669,0.2,0.6,262,11,0.0015,,1.0,1.0,追跡時 MMSE［時間見当識＋場所見当識＋注意計算＋遅延再生＋読字理解＋書字］、追跡時 MMSE［時間見当識＋場所見当識＋注意計算＋遅延再生＋読字理解＋図形模写］、追跡時 MMSE［時間見当識＋場所見当識＋注意計算＋遅延再生＋書字＋図形模写］
M_MMSE部分集合(k=9),追跡時 MMSE［時間見当識＋場所見当識＋物品呼称＋記銘＋注意計算＋遅延再生＋読字理解＋書字＋図形模写］,MWU（完全並べ替え）,5,9,"21［18, 23］","19［18, 25］",18、20、21、22、23,18、19、19、19、19、21、21、22、25,27.0,0.5669330669330669,0.2,0.6,262,11,0.0015,,1.0,1.0,
M_MMSE部分集合(k=8),追跡時 MMSE［時間見当識＋場所見当識＋物品呼称＋記銘＋注意計算＋遅延再生＋読字理解＋書字］,MWU（完全並べ替え）,5,9,"20［17, 22］","18［17, 24］",17、19、20、21、22,17、18、18、18、18、20、20、21、24,27.0,0.5669330669330669,0.2,0.6,262,11,0.0015,,1.0,1.0,追跡時 MMSE［時間見当識＋場所見当識＋物品呼称＋記銘＋注意計算＋遅延再生＋読字理解＋図形模写］、追跡時 MMSE［時間見当識＋場所見当識＋物品呼称＋記銘＋注意計算＋遅延再生＋書字＋図形模写］
M_MMSE部分集合(k=7),追跡時 MMSE［時間見当識＋場所見当識＋物品呼称＋記銘＋注意計算＋遅延再生＋読字理解］,MWU（完全並べ替え）,5,9,"19［16, 21］","17［16, 23］",16、18、19、20、21,16、17、17、17、17、19、19、20、23,27.0,0.5669330669330669,0.2,0.6,262,11,0.0015,,1.0,1.0,追跡時 MMSE［時間見当識＋場所見当識＋物品呼称＋記銘＋注意計算＋遅延再生＋書字］、追跡時 MMSE［時間見当識＋場所見当識＋物品呼称＋記銘＋注意計算＋遅延再生＋図形模写］、追跡時 MMSE［時間見当識＋場所見当識＋記銘＋注意計算＋遅延再生＋読字理解＋書字＋図形模写］
M_MMSE部分集合(k=6),追跡時 MMSE［時間見当識＋場所見当識＋物品呼称＋記銘＋注意計算＋遅延再生］,MWU（完全並べ替え）,5,9,"18［15, 20］","16［15, 22］",15、17、18、19、20,15、16、16、16、16、18、18、19、22,27.0,0.5669330669330669,0.2,0.6,262,11,0.0015,,1.0,1.0,追跡時 MMSE［時間見当識＋場所見当識＋記銘＋注意計算＋遅延再生＋読字理解＋書字］、追跡時 MMSE［時間見当識＋場所見当識＋記銘＋注意計算＋遅延再生＋読字理解＋図形模写］、追跡時 MMSE［時間見当識＋場所見当識＋記銘＋注意計算＋遅延再生＋書字＋図形模写］、追跡時 MMSE［時間見当識＋場所見当識＋物品呼称＋注意計算＋遅延再生＋読字理解＋書字＋図形模写］
M_MMSE部分集合(k=6),追跡時 MMSE［時間見当識＋場所見当識＋記銘＋注意計算＋遅延再生＋読字理解］,MWU（完全並べ替え）,5,9,"17［14, 19］","15［14, 21］",14、16、17、18、19,14、15、15、15、15、17、17、18、21,27.0,0.5669330669330669,0.2,0.6,262,11,0.0015,,1.0,1.0,追跡時 MMSE［時間見当識＋場所見当識＋記銘＋注意計算＋遅延再生＋書字］ ほか4件
M_MMSE部分集合(k=5),追跡時 MMSE［時間見当識＋場所見当識＋記銘＋注意計算＋遅延再生］,MWU（完全並べ替え）,5,9,"16［13, 18］","14［13, 20］",13、15、16、17、18,13、14、14、14、14、16、16、17、20,27.0,0.5669330669330669,0.2,0.6,262,11,0.0015,,1.0,1.0,追跡時 MMSE［時間見当識＋場所見当識＋物品呼称＋注意計算＋遅延再生＋読字理解］、追跡時 MMSE［時間見当識＋場所見当識＋物品呼称＋注意計算＋遅延再生＋書字］、追跡時 MMSE［時間見当識＋場所見当識＋物品呼称＋注意計算＋遅延再生＋図形模写］、追跡時 MMSE［時間見当識＋場所見当識＋注意計算＋遅延再生＋読字理解＋書字＋図形模写］
M_MMSE部分集合(k=4),Δ MMSE［場所見当識＋記銘＋遅延再生＋図形模写］,MWU（完全並べ替え）,5,9,"0［-1, 2］","0［-1, 1］",-1、0、0、1、2,-1、-1、0、0、0、0、0、1、1,27.0,0.5684315684315684,0.2,0.6,262,13,0.0035,,1.0,1.0,Δ MMSE［場所見当識＋物品呼称＋記銘＋遅延再生＋図形模写］ ほか14件
M_MMSE部分集合(k=4),Δ MMSE［場所見当識＋記銘＋遅延再生＋復唱］,MWU（完全並べ替え）,5,9,"0［-1, 2］","0［-1, 1］",-1、0、0、1、2,-1、-1、0、0、0、0、0、1、1,27.0,0.5684315684315684,0.2,0.6,262,13,0.0035,,1.0,1.0,Δ MMSE［場所見当識＋物品呼称＋記銘＋遅延再生＋復唱］ ほか14件
M_CDR部分集合(k=2),追跡時 CDR［記憶＋家庭・趣味］,MWU（完全並べ替え）,5,9,"1［1, 2］","1［0.5, 1.5］",1、1、1、1、2,0.5、0.5、0.5、1、1、1、1.5、1.5、1.5,27.0,0.5684315684315684,0.2,0.6,262,13,0.0035,,1.0,1.0,
M_MMSE部分集合(k=5),Δ MMSE［時間見当識＋場所見当識＋注意計算＋遅延再生＋復唱］,MWU（完全並べ替え）,5,9,"0［-2, 3］","-1［-4, 3］",-2、-1、0、0、3,-4、-2、-2、-1、-1、-1、1、1、3,27.0,0.5714285714285714,0.2,0.6,262,13,0.001,,1.0,1.0,Δ MMSE［時間見当識＋場所見当識＋物品呼称＋注意計算＋遅延再生＋復唱］ ほか14件
M_MMSE部分集合(k=7),初回 MMSE［時間見当識＋場所見当識＋物品呼称＋遅延再生＋復唱＋3段階命令＋図形模写］,MWU（完全並べ替え）,5,9,"16［13, 18］","15［13, 18］",13、15、16、18、18,13、14、14、15、15、16、17、17、18,27.0,0.5724275724275725,0.2,0.6,262,14,0.0005,,1.0,1.0,初回 MMSE［時間見当識＋場所見当識＋遅延再生＋復唱＋読字理解＋3段階命令＋書字＋図形模写］
M_MMSE部分集合(k=8),初回 MMSE［時間見当識＋場所見当識＋物品呼称＋遅延再生＋復唱＋読字理解＋3段階命令＋図形模写］,MWU（完全並べ替え）,5,9,"17［14, 19］","16［14, 19］",14、16、17、19、19,14、15、15、16、16、17、18、18、19,27.0,0.5724275724275725,0.2,0.6,262,14,0.0005,,1.0,1.0,初回 MMSE［時間見当識＋場所見当識＋物品呼称＋遅延再生＋復唱＋3段階命令＋書字＋図形模写］
M_MMSE部分集合(k=9),初回 MMSE［時間見当識＋場所見当識＋物品呼称＋遅延再生＋復唱＋読字理解＋3段階命令＋書字＋図形模写］,MWU（完全並べ替え）,5,9,"18［15, 20］","17［15, 20］",15、17、18、20、20,15、16、16、17、17、18、19、19、20,27.0,0.5724275724275725,0.2,0.6,262,14,0.0005,,1.0,1.0,
M_MMSE部分集合(k=6),初回 MMSE［時間見当識＋場所見当識＋遅延再生＋復唱＋3段階命令＋図形模写］,MWU（完全並べ替え）,5,9,"14［11, 16］","13［11, 16］",11、13、14、16、16,11、12、12、13、13、14、15、15、16,27.0,0.5724275724275725,0.2,0.6,262,14,0.0005,,1.0,1.0,
M_MMSE部分集合(k=7),初回 MMSE［時間見当識＋場所見当識＋遅延再生＋復唱＋読字理解＋3段階命令＋図形模写］,MWU（完全並べ替え）,5,9,"15［12, 17］","14［12, 17］",12、14、15、17、17,12、13、13、14、14、15、16、16、17,27.0,0.5724275724275725,0.2,0.6,262,14,0.0005,,1.0,1.0,初回 MMSE［時間見当識＋場所見当識＋遅延再生＋復唱＋3段階命令＋書字＋図形模写］
M_MMSE部分集合(k=6),初回 MMSE［時間見当識＋注意計算＋遅延再生＋復唱＋3段階命令＋図形模写］,MWU（完全並べ替え）,5,9,"14［12, 16］","13［11, 17］",12、12、14、14、16,11、11、11、13、13、13、14、15、17,27.0,0.5724275724275725,0.2,0.6,262,11,0.0005,,1.0,1.0,
M_MMSE部分集合(k=7),初回 MMSE［時間見当識＋注意計算＋遅延再生＋復唱＋読字理解＋3段階命令＋図形模写］,MWU（完全並べ替え）,5,9,"15［13, 17］","14［12, 18］",13、13、15、15、17,12、12、12、14、14、14、15、16、18,27.0,0.5724275724275725,0.2,0.6,262,11,0.0005,,1.0,1.0,初回 MMSE［時間見当識＋注意計算＋遅延再生＋復唱＋3段階命令＋書字＋図形模写］
M_MMSE部分集合(k=7),初回 MMSE［時間見当識＋物品呼称＋注意計算＋遅延再生＋復唱＋3段階命令＋図形模写］,MWU（完全並べ替え）,5,9,"16［14, 18］","15［13, 19］",14、14、16、16、18,13、13、13、15、15、15、16、17、19,27.0,0.5724275724275725,0.2,0.6,262,11,0.0005,,1.0,1.0,初回 MMSE［時間見当識＋注意計算＋遅延再生＋復唱＋読字理解＋3段階命令＋書字＋図形模写］
M_MMSE部分集合(k=8),初回 MMSE［時間見当識＋物品呼称＋注意計算＋遅延再生＋復唱＋読字理解＋3段階命令＋図形模写］,MWU（完全並べ替え）,5,9,"17［15, 19］","16［14, 20］",15、15、17、17、19,14、14、14、16、16、16、17、18、20,27.0,0.5724275724275725,0.2,0.6,262,11,0.0005,,1.0,1.0,初回 MMSE［時間見当識＋物品呼称＋注意計算＋遅延再生＋復唱＋3段階命令＋書字＋図形模写］
M_MMSE部分集合(k=9),初回 MMSE［時間見当識＋物品呼称＋注意計算＋遅延再生＋復唱＋読字理解＋3段階命令＋書字＋図形模写］,MWU（完全並べ替え）,5,9,"18［16, 20］","17［15, 21］",16、16、18、18、20,15、15、15、17、17、17、18、19、21,27.0,0.5724275724275725,0.2,0.6,262,11,0.0005,,1.0,1.0,
M2_下位項目の差,初回 MMSE［注意計算−遅延再生］,MWU（完全並べ替え）,5,9,"4［0, 4］","4［2, 5］",0、4、4、4、4,2、2、2、3、4、5、5、5、5,18.0,0.5729270729270729,-0.2,0.4,262,12,0.0005,,1.0,1.0,
M_MMSE部分集合(k=5),初回 MMSE［場所見当識＋注意計算＋遅延再生＋復唱＋読字理解］,MWU（完全並べ替え）,5,9,"10［9, 13］","11［9, 13］",9、9、10、12、13,9、10、10、11、11、12、12、12、13,18.0,0.5744255744255744,-0.2,0.4,262,14,0.0015,,1.0,1.0,初回 MMSE［場所見当識＋注意計算＋遅延再生＋復唱＋書字］
M_MMSE部分集合(k=4),初回 MMSE［場所見当識＋注意計算＋遅延再生＋復唱］,MWU（完全並べ替え）,5,9,"9［8, 12］","10［8, 12］",8、8、9、11、12,8、9、9、10、10、11、11、11、12,18.0,0.5744255744255744,-0.2,0.4,262,14,0.0015,,1.0,1.0,
M_MMSE部分集合(k=7),初回 MMSE［場所見当識＋物品呼称＋注意計算＋遅延再生＋復唱＋読字理解＋書字］,MWU（完全並べ替え）,5,9,"13［12, 16］","14［12, 16］",12、12、13、15、16,12、13、13、14、14、15、15、15、16,18.0,0.5744255744255744,-0.2,0.4,262,14,0.0015,,1.0,1.0,
M_MMSE部分集合(k=6),初回 MMSE［場所見当識＋物品呼称＋注意計算＋遅延再生＋復唱＋読字理解］,MWU（完全並べ替え）,5,9,"12［11, 15］","13［11, 15］",11、11、12、14、15,11、12、12、13、13、14、14、14、15,18.0,0.5744255744255744,-0.2,0.4,262,14,0.0015,,1.0,1.0,初回 MMSE［場所見当識＋物品呼称＋注意計算＋遅延再生＋復唱＋書字］
M_MMSE部分集合(k=5),初回 MMSE［場所見当識＋物品呼称＋注意計算＋遅延再生＋復唱］,MWU（完全並べ替え）,5,9,"11［10, 14］","12［10, 14］",10、10、11、13、14,10、11、11、12、12、13、13、13、14,18.0,0.5744255744255744,-0.2,0.4,262,14,0.0015,,1.0,1.0,初回 MMSE［場所見当識＋注意計算＋遅延再生＋復唱＋読字理解＋書字］
M_MMSE部分集合(k=6),初回 MMSE［時間見当識＋場所見当識＋物品呼称＋記銘＋注意計算＋3段階命令］,MWU（完全並べ替え）,5,9,"20［18, 23］","21［17, 23］",18、19、20、20、23,17、18、20、20、21、21、21、22、23,18.0,0.5749250749250749,-0.2,0.4,262,11,0.0015,,1.0,1.0,初回 MMSE［時間見当識＋場所見当識＋記銘＋注意計算＋読字理解＋3段階命令＋書字］
M_MMSE部分集合(k=8),初回 MMSE［時間見当識＋場所見当識＋物品呼称＋記銘＋注意計算＋読字理解＋3段階命令＋書字］,MWU（完全並べ替え）,5,9,"22［20, 25］","23［19, 25］",20、21、22、22、25,19、20、22、22、23、23、23、24、25,18.0,0.5749250749250749,-0.2,0.4,262,11,0.0015,,1.0,1.0,
M_MMSE部分集合(k=7),初回 MMSE［時間見当識＋場所見当識＋物品呼称＋記銘＋注意計算＋読字理解＋3段階命令］,MWU（完全並べ替え）,5,9,"21［19, 24］","22［18, 24］",19、20、21、21、24,18、19、21、21、22、22、22、23、24,18.0,0.5749250749250749,-0.2,0.4,262,11,0.0015,,1.0,1.0,初回 MMSE［時間見当識＋場所見当識＋物品呼称＋記銘＋注意計算＋3段階命令＋書字］
M_MMSE部分集合(k=5),初回 MMSE［時間見当識＋場所見当識＋記銘＋注意計算＋3段階命令］,MWU（完全並べ替え）,5,9,"18［16, 21］","19［15, 21］",16、17、18、18、21,15、16、18、18、19、19、19、20、21,18.0,0.5749250749250749,-0.2,0.4,262,11,0.0015,,1.0,1.0,
M_MMSE部分集合(k=6),初回 MMSE［時間見当識＋場所見当識＋記銘＋注意計算＋読字理解＋3段階命令］,MWU（完全並べ替え）,5,9,"19［17, 22］","20［16, 22］",17、18、19、19、22,16、17、19、19、20、20、20、21、22,18.0,0.5749250749250749,-0.2,0.4,262,11,0.0015,,1.0,1.0,初回 MMSE［時間見当識＋場所見当識＋記銘＋注意計算＋3段階命令＋書字］
L_固定時点(6か月),6か月 ΔCDR 見当識,MWU（完全並べ替え）,5,9,"0.5［0, 0.5］","0［0, 0.5］",0、0、0.5、0.5、0.5,0、0、0、0、0、0、0.5、0.5、0.5,28.5,0.5804195804195804,0.267,0.633,148,14,0.003,,1.0,1.0,
J_2値（不変）,CDR 地域社会の活動 不変,Fisher（正確）,5,9,4/5,5/9,,,,0.5804195804195804,,,,,0.0005,,1.0,1.0,
H_2値（悪化の有無）,CDR 地域社会の活動 悪化あり,Fisher（正確）,5,9,1/5,4/9,,,,0.5804195804195804,,,,,0.0005,,1.0,1.0,Δ CDR 地域社会の活動 ≧0.5
H_2値（悪化の有無）,CDR 見当識 悪化あり,Fisher（正確）,5,9,3/5,3/9,,,,0.5804195804195804,,,,,0.003,,1.0,1.0,Δ CDR 見当識 ≧0.5
J_2値（不変）,MMSE 場所見当識 不変,Fisher（正確）,5,9,3/5,7/9,,,,0.5804195804195804,,,,,0.005,,1.0,1.0,
J_2値（不変）,MMSE 時間見当識 不変,Fisher（正確）,5,9,2/5,2/9,,,,0.5804195804195804,,,,,0.005,,1.0,1.0,
I_2値（改善の有無）,MMSE 注意計算 改善あり,Fisher（正確）,5,9,2/5,2/9,,,,0.5804195804195804,,,,,0.005,,1.0,1.0,Δ MMSE 注意計算 ≧1
J_2値（不変）,MMSE 遅延再生 不変,Fisher（正確）,5,9,3/5,7/9,,,,0.5804195804195804,,,,,0.005,,1.0,1.0,Δ MMSE 遅延再生 ≧0
H_2値（悪化の有無）,MMSE 遅延再生 悪化あり,Fisher（正確）,5,9,2/5,2/9,,,,0.5804195804195804,,,,,0.005,,1.0,1.0,
K_2値（背景）,MoCA-Jの初回・追跡がそろう,Fisher（正確）,5,9,3/5,3/9,,,,0.5804195804195804,,,,,0.003,,1.0,1.0,
C_変化量,Δ CDR 地域社会の活動,MWU（完全並べ替え）,5,9,"0［0, 0.5］","0［0, 0.5］",0、0、0、0、0.5,0、0、0、0、0、0.5、0.5、0.5、0.5,17.0,0.5804195804195804,-0.244,0.378,176,14,0.0005,,1.0,1.0,Δ CDR［地域社会の活動］
C_変化量,Δ CDR 見当識,MWU（完全並べ替え）,5,9,"0.5［0, 0.5］","0［0, 0.5］",0、0、0.5、0.5、0.5,0、0、0、0、0、0、0.5、0.5、0.5,28.5,0.5804195804195804,0.267,0.633,148,14,0.003,,1.0,1.0,Δ CDR［見当識］
C_変化量,Δ MMSE 遅延再生,MWU（完全並べ替え）,5,9,"0［-1, 0］","0［-1, 0］",-1、-1、0、0、0,-1、-1、0、0、0、0、0、0、0,18.5,0.5804195804195804,-0.178,0.411,332,14,0.005,,1.0,1.0,Δ MMSE［遅延再生］ ほか18件
M2_下位項目の差,Δ MMSE［物品呼称−遅延再生］,MWU（完全並べ替え）,5,9,"0［0, 1］","0［0, 1］",0、0、0、1、1,0、0、0、0、0、0、0、1、1,26.5,0.5804195804195804,0.178,0.589,332,14,0.005,,1.0,1.0,
M2_下位項目の差,Δ MMSE［記銘−遅延再生］,MWU（完全並べ替え）,5,9,"1［0, 1］","0［0, 1］",0、0、1、1、1,0、0、0、0、0、0、1、1、1,28.5,0.5804195804195804,0.267,0.633,148,14,0.003,,1.0,1.0,
M2_下位項目の差,初回 CDR［見当識−判断力・問題解決］,MWU（完全並べ替え）,5,9,"0［-0.5, 0］","0［-0.5, 0］",-0.5、0、0、0、0,-0.5、-0.5、-0.5、-0.5、0、0、0、0、0,28.0,0.5804195804195804,0.244,0.622,176,14,0.0005,,1.0,1.0,
A_初回値,初回 MMSE 遅延再生,MWU（完全並べ替え）,5,9,"1［0, 1］","0［0, 3］",0、0、1、1、1,0、0、0、0、0、0、1、1、3,27.0,0.5804195804195804,0.2,0.6,262,13,0.0025,,1.0,1.0,初回 MMSE［遅延再生］
N_全切点2値化,初回 MMSE 遅延再生 ≧1,Fisher（正確）,5,9,3/5,3/9,,,,0.5804195804195804,,,,,0.003,,1.0,1.0,
M2_下位項目の差,初回 MMSE［物品呼称−遅延再生］,MWU（完全並べ替え）,5,9,"1［1, 2］","2［-1, 2］",1、1、1、2、2,-1、1、1、2、2、2、2、2、2,18.0,0.5804195804195804,-0.2,0.4,262,13,0.0025,,1.0,1.0,
M_MMSE部分集合(k=4),初回 MMSE［物品呼称＋遅延再生＋読字理解＋書字］,MWU（完全並べ替え）,5,9,"5［4, 5］","4［4, 7］",4、4、5、5、5,4、4、4、4、4、4、5、5、7,27.0,0.5804195804195804,0.2,0.6,262,13,0.0025,,1.0,1.0,
M_MMSE部分集合(k=3),初回 MMSE［物品呼称＋遅延再生＋読字理解］,MWU（完全並べ替え）,5,9,"4［3, 4］","3［3, 6］",3、3、4、4、4,3、3、3、3、3、3、4、4、6,27.0,0.5804195804195804,0.2,0.6,262,13,0.0025,,1.0,1.0,初回 MMSE［物品呼称＋遅延再生＋書字］
M_MMSE部分集合(k=2),初回 MMSE［物品呼称＋遅延再生］,MWU（完全並べ替え）,5,9,"3［2, 3］","2［2, 5］",2、2、3、3、3,2、2、2、2、2、2、3、3、5,27.0,0.5804195804195804,0.2,0.6,262,13,0.0025,,1.0,1.0,初回 MMSE［遅延再生＋読字理解＋書字］
M2_下位項目の差,初回 MMSE［遅延再生−読字理解］,MWU（完全並べ替え）,5,9,"0［-1, 0］","-1［-1, 2］",-1、-1、0、0、0,-1、-1、-1、-1、-1、-1、0、0、2,27.0,0.5804195804195804,0.2,0.6,262,13,0.0025,,1.0,1.0,初回 MMSE［遅延再生−書字］
M_MMSE部分集合(k=2),初回 MMSE［遅延再生＋読字理解］,MWU（完全並べ替え）,5,9,"2［1, 2］","1［1, 4］",1、1、2、2、2,1、1、1、1、1、1、2、2、4,27.0,0.5804195804195804,0.2,0.6,262,13,0.0025,,1.0,1.0,初回 MMSE［遅延再生＋書字］
K_2値（背景）,初回アパシーあり（スコア1点以上）,Fisher（正確）,5,9,2/5,2/9,,,,0.5804195804195804,,,,,0.005,,1.0,1.0,
G_背景・観察条件,初回評価からの暦年（投与開始年）,MWU（完全並べ替え）,5,9,"2024［2024, 2025］","2025［2024, 2025］",2024、2024、2024、2025、2025,2024、2024、2024、2025、2025、2025、2025、2025、2025,16.5,0.5804195804195804,-0.267,0.367,148,14,0.003,,1.0,1.0,
N_全切点2値化,追跡時 CDR-SB ≧3,Fisher（正確）,5,9,1/5,4/9,,,,0.5804195804195804,,,,,0.0005,,1.0,1.0,
B_追跡時値,追跡時 MMSE 場所見当識,MWU（完全並べ替え）,5,9,"5［4, 5］","5［4, 5］",4、5、5、5、5,4、4、4、4、5、5、5、5、5,28.0,0.5804195804195804,0.244,0.622,176,14,0.0005,,1.0,1.0,追跡時 MMSE［場所見当識］
N_全切点2値化,追跡時 MMSE 場所見当識 ≧5,Fisher（正確）,5,9,4/5,5/9,,,,0.5804195804195804,,,,,0.0005,,1.0,1.0,
N_全切点2値化,追跡時 MMSE 注意計算 ≧5,Fisher（正確）,5,9,3/5,3/9,,,,0.5804195804195804,,,,,0.003,,1.0,1.0,
N_全切点2値化,追跡時 MMSE合計 ≧25,Fisher（正確）,5,9,3/5,3/9,,,,0.5804195804195804,,,,,0.003,,1.0,1.0,
N_全切点2値化,追跡時 MMSE合計 ≧26,Fisher（正確）,5,9,2/5,2/9,,,,0.5804195804195804,,,,,0.005,,1.0,1.0,
M_MMSE部分集合(k=6),追跡時 MMSE［場所見当識＋物品呼称＋記銘＋読字理解＋書字＋図形模写］,MWU（完全並べ替え）,5,9,"13［12, 13］","13［12, 13］",12、13、13、13、13,12、12、12、12、13、13、13、13、13,28.0,0.5804195804195804,0.244,0.622,176,14,0.0005,,1.0,1.0,
M_MMSE部分集合(k=5),追跡時 MMSE［場所見当識＋物品呼称＋記銘＋読字理解＋書字］,MWU（完全並べ替え）,5,9,"12［11, 12］","12［11, 12］",11、12、12、12、12,11、11、11、11、12、12、12、12、12,28.0,0.5804195804195804,0.244,0.622,176,14,0.0005,,1.0,1.0,追跡時 MMSE［場所見当識＋物品呼称＋記銘＋読字理解＋図形模写］、追跡時 MMSE［場所見当識＋物品呼称＋記銘＋書字＋図形模写］
M_MMSE部分集合(k=4),追跡時 MMSE［場所見当識＋物品呼称＋記銘＋読字理解］,MWU（完全並べ替え）,5,9,"11［10, 11］","11［10, 11］",10、11、11、11、11,10、10、10、10、11、11、11、11、11,28.0,0.5804195804195804,0.244,0.622,176,14,0.0005,,1.0,1.0,追跡時 MMSE［場所見当識＋物品呼称＋記銘＋書字］、追跡時 MMSE［場所見当識＋物品呼称＋記銘＋図形模写］、追跡時 MMSE［場所見当識＋記銘＋読字理解＋書字＋図形模写］
M_MMSE部分集合(k=3),追跡時 MMSE［場所見当識＋物品呼称＋記銘］,MWU（完全並べ替え）,5,9,"10［9, 10］","10［9, 10］",9、10、10、10、10,9、9、9、9、10、10、10、10、10,28.0,0.5804195804195804,0.244,0.622,176,14,0.0005,,1.0,1.0,追跡時 MMSE［場所見当識＋記銘＋読字理解＋書字］、追跡時 MMSE［場所見当識＋記銘＋読字理解＋図形模写］、追跡時 MMSE［場所見当識＋記銘＋書字＋図形模写］、追跡時 MMSE［場所見当識＋物品呼称＋読字理解＋書字＋図形模写］
M_MMSE部分集合(k=2),追跡時 MMSE［場所見当識＋物品呼称］,MWU（完全並べ替え）,5,9,"7［6, 7］","7［6, 7］",6、7、7、7、7,6、6、6、6、7、7、7、7、7,28.0,0.5804195804195804,0.244,0.622,176,14,0.0005,,1.0,1.0,追跡時 MMSE［場所見当識＋読字理解＋書字］、追跡時 MMSE［場所見当識＋読字理解＋図形模写］、追跡時 MMSE［場所見当識＋書字＋図形模写］
M_MMSE部分集合(k=3),追跡時 MMSE［場所見当識＋記銘＋読字理解］,MWU（完全並べ替え）,5,9,"9［8, 9］","9［8, 9］",8、9、9、9、9,8、8、8、8、9、9、9、9、9,28.0,0.5804195804195804,0.244,0.622,176,14,0.0005,,1.0,1.0,追跡時 MMSE［場所見当識＋記銘＋書字］ ほか4件
M_MMSE部分集合(k=2),追跡時 MMSE［場所見当識＋記銘］,MWU（完全並べ替え）,5,9,"8［7, 8］","8［7, 8］",7、8、8、8、8,7、7、7、7、8、8、8、8、8,28.0,0.5804195804195804,0.244,0.622,176,14,0.0005,,1.0,1.0,追跡時 MMSE［場所見当識＋物品呼称＋読字理解］、追跡時 MMSE［場所見当識＋物品呼称＋書字］、追跡時 MMSE［場所見当識＋物品呼称＋図形模写］、追跡時 MMSE［場所見当識＋読字理解＋書字＋図形模写］
M_MMSE部分集合(k=2),追跡時 MMSE［場所見当識＋読字理解］,MWU（完全並べ替え）,5,9,"6［5, 6］","6［5, 6］",5、6、6、6、6,5、5、5、5、6、6、6、6、6,28.0,0.5804195804195804,0.244,0.622,176,14,0.0005,,1.0,1.0,追跡時 MMSE［場所見当識＋書字］、追跡時 MMSE［場所見当識＋図形模写］
M_MMSE部分集合(k=4),追跡時 MMSE［時間見当識＋注意計算＋遅延再生＋読字理解］,MWU（完全並べ替え）,5,9,"10［6, 11］","8［7, 14］",6、8、10、10、11,7、7、7、8、8、9、9、10、14,27.0,0.5804195804195804,0.2,0.6,262,11,0.0005,,1.0,1.0,追跡時 MMSE［時間見当識＋注意計算＋遅延再生＋書字］、追跡時 MMSE［時間見当識＋注意計算＋遅延再生＋図形模写］
M_MMSE部分集合(k=3),追跡時 MMSE［時間見当識＋注意計算＋遅延再生］,MWU（完全並べ替え）,5,9,"9［5, 10］","7［6, 13］",5、7、9、9、10,6、6、6、7、7、8、8、9、13,27.0,0.5804195804195804,0.2,0.6,262,11,0.0005,,1.0,1.0,
M_MMSE部分集合(k=4),追跡時 MMSE［時間見当識＋物品呼称＋注意計算＋遅延再生］,MWU（完全並べ替え）,5,9,"11［7, 12］","9［8, 15］",7、9、11、11、12,8、8、8、9、9、10、10、11、15,27.0,0.5804195804195804,0.2,0.6,262,11,0.0005,,1.0,1.0,追跡時 MMSE［時間見当識＋注意計算＋遅延再生＋読字理解＋書字］、追跡時 MMSE［時間見当識＋注意計算＋遅延再生＋読字理解＋図形模写］、追跡時 MMSE［時間見当識＋注意計算＋遅延再生＋書字＋図形模写］
M_MMSE部分集合(k=8),追跡時 MMSE［時間見当識＋物品呼称＋記銘＋注意計算＋遅延再生＋読字理解＋書字＋図形模写］,MWU（完全並べ替え）,5,9,"17［13, 18］","15［14, 21］",13、15、17、17、18,14、14、14、15、15、16、16、17、21,27.0,0.5804195804195804,0.2,0.6,262,11,0.0005,,1.0,1.0,
M_MMSE部分集合(k=7),追跡時 MMSE［時間見当識＋物品呼称＋記銘＋注意計算＋遅延再生＋読字理解＋書字］,MWU（完全並べ替え）,5,9,"16［12, 17］","14［13, 20］",12、14、16、16、17,13、13、13、14、14、15、15、16、20,27.0,0.5804195804195804,0.2,0.6,262,11,0.0005,,1.0,1.0,追跡時 MMSE［時間見当識＋物品呼称＋記銘＋注意計算＋遅延再生＋読字理解＋図形模写］、追跡時 MMSE［時間見当識＋物品呼称＋記銘＋注意計算＋遅延再生＋書字＋図形模写］
M_MMSE部分集合(k=6),追跡時 MMSE［時間見当識＋物品呼称＋記銘＋注意計算＋遅延再生＋読字理解］,MWU（完全並べ替え）,5,9,"15［11, 16］","13［12, 19］",11、13、15、15、16,12、12、12、13、13、14、14、15、19,27.0,0.5804195804195804,0.2,0.6,262,11,0.0005,,1.0,1.0,追跡時 MMSE［時間見当識＋物品呼称＋記銘＋注意計算＋遅延再生＋書字］、追跡時 MMSE［時間見当識＋物品呼称＋記銘＋注意計算＋遅延再生＋図形模写］、追跡時 MMSE［時間見当識＋記銘＋注意計算＋遅延再生＋読字理解＋書字＋図形模写］
M_MMSE部分集合(k=5),追跡時 MMSE［時間見当識＋物品呼称＋記銘＋注意計算＋遅延再生］,MWU（完全並べ替え）,5,9,"14［10, 15］","12［11, 18］",10、12、14、14、15,11、11、11、12、12、13、13、14、18,27.0,0.5804195804195804,0.2,0.6,262,11,0.0005,,1.0,1.0,追跡時 MMSE［時間見当識＋記銘＋注意計算＋遅延再生＋読字理解＋書字］、追跡時 MMSE［時間見当識＋記銘＋注意計算＋遅延再生＋読字理解＋図形模写］、追跡時 MMSE［時間見当識＋記銘＋注意計算＋遅延再生＋書字＋図形模写］、追跡時 MMSE［時間見当識＋物品呼称＋注意計算＋遅延再生＋読字理解＋書字＋図形模写］
M_MMSE部分集合(k=5),追跡時 MMSE［時間見当識＋記銘＋注意計算＋遅延再生＋読字理解］,MWU（完全並べ替え）,5,9,"13［9, 14］","11［10, 17］",9、11、13、13、14,10、10、10、11、11、12、12、13、17,27.0,0.5804195804195804,0.2,0.6,262,11,0.0005,,1.0,1.0,追跡時 MMSE［時間見当識＋記銘＋注意計算＋遅延再生＋書字］ ほか4件
M_MMSE部分集合(k=4),追跡時 MMSE［時間見当識＋記銘＋注意計算＋遅延再生］,MWU（完全並べ替え）,5,9,"12［8, 13］","10［9, 16］",8、10、12、12、13,9、9、9、10、10、11、11、12、16,27.0,0.5804195804195804,0.2,0.6,262,11,0.0005,,1.0,1.0,追跡時 MMSE［時間見当識＋物品呼称＋注意計算＋遅延再生＋読字理解］、追跡時 MMSE［時間見当識＋物品呼称＋注意計算＋遅延再生＋書字］、追跡時 MMSE［時間見当識＋物品呼称＋注意計算＋遅延再生＋図形模写］、追跡時 MMSE［時間見当識＋注意計算＋遅延再生＋読字理解＋書字＋図形模写］
J_2値（不変）,CDR 見当識 不変,Fisher（正確）,5,9,2/5,6/9,,,,0.5804195804195805,,,,,0.003,,1.0,1.0,
N_全切点2値化,追跡時 CDR 地域社会の活動 ≧0.5,Fisher（正確）,5,9,2/5,6/9,,,,0.5804195804195805,,,,,0.003,,1.0,1.0,
B_追跡時値,追跡時 CDR-SB,MWU（完全並べ替え）,5,9,"2［1, 4.5］","2.5［1.5, 4.5］",1、1.5、2、2.5、4.5,1.5、1.5、1.5、2、2.5、3、3、4、4.5,18.0,0.5849150849150849,-0.2,0.4,262,12,0.001,,1.0,1.0,追跡時 CDR［記憶＋見当識＋判断力・問題解決＋地域社会の活動＋家庭・趣味＋身の回りの世話］
M_MMSE部分集合(k=6),Δ MMSE［時間見当識＋場所見当識＋記銘＋注意計算＋遅延再生＋図形模写］,MWU（完全並べ替え）,5,9,"0［-2, 3］","0［-4, 3］",-2、-1、0、1、3,-4、-2、-2、-1、0、0、0、1、3,27.0,0.5904095904095904,0.2,0.6,262,13,0.001,,1.0,1.0,Δ MMSE［時間見当識＋場所見当識＋物品呼称＋記銘＋注意計算＋遅延再生＋図形模写］ ほか14件
M_MMSE部分集合(k=7),初回 MMSE［時間見当識＋場所見当識＋物品呼称＋記銘＋注意計算＋読字理解＋書字］,MWU（完全並べ替え）,5,9,"19［17, 22］","20［16, 22］",17、18、19、19、22,16、17、19、19、20、20、21、21、22,18.0,0.593906093906094,-0.2,0.4,262,12,0.001,,1.0,1.0,
M_MMSE部分集合(k=6),初回 MMSE［時間見当識＋場所見当識＋物品呼称＋記銘＋注意計算＋読字理解］,MWU（完全並べ替え）,5,9,"18［16, 21］","19［15, 21］",16、17、18、18、21,15、16、18、18、19、19、20、20、21,18.0,0.593906093906094,-0.2,0.4,262,12,0.001,,1.0,1.0,初回 MMSE［時間見当識＋場所見当識＋物品呼称＋記銘＋注意計算＋書字］
M_MMSE部分集合(k=5),初回 MMSE［時間見当識＋場所見当識＋物品呼称＋記銘＋注意計算］,MWU（完全並べ替え）,5,9,"17［15, 20］","18［14, 20］",15、16、17、17、20,14、15、17、17、18、18、19、19、20,18.0,0.593906093906094,-0.2,0.4,262,12,0.001,,1.0,1.0,初回 MMSE［時間見当識＋場所見当識＋記銘＋注意計算＋読字理解＋書字］
M_MMSE部分集合(k=5),初回 MMSE［時間見当識＋場所見当識＋記銘＋注意計算＋読字理解］,MWU（完全並べ替え）,5,9,"16［14, 19］","17［13, 19］",14、15、16、16、19,13、14、16、16、17、17、18、18、19,18.0,0.593906093906094,-0.2,0.4,262,12,0.001,,1.0,1.0,初回 MMSE［時間見当識＋場所見当識＋記銘＋注意計算＋書字］
M_MMSE部分集合(k=4),初回 MMSE［時間見当識＋場所見当識＋記銘＋注意計算］,MWU（完全並べ替え）,5,9,"15［13, 18］","16［12, 18］",13、14、15、15、18,12、13、15、15、16、16、17、17、18,18.0,0.593906093906094,-0.2,0.4,262,12,0.001,,1.0,1.0,
M_MMSE部分集合(k=5),初回 MMSE［場所見当識＋注意計算＋遅延再生＋3段階命令＋図形模写］,MWU（完全並べ替え）,5,9,"12［11, 15］","13［11, 16］",11、11、12、14、15,11、12、12、13、13、13、14、14、16,18.0,0.5954045954045954,-0.2,0.4,262,12,0.0005,,1.0,1.0,
M_MMSE部分集合(k=6),初回 MMSE［場所見当識＋注意計算＋遅延再生＋読字理解＋3段階命令＋図形模写］,MWU（完全並べ替え）,5,9,"13［12, 16］","14［12, 17］",12、12、13、15、16,12、13、13、14、14、14、15、15、17,18.0,0.5954045954045954,-0.2,0.4,262,12,0.0005,,1.0,1.0,初回 MMSE［場所見当識＋注意計算＋遅延再生＋3段階命令＋書字＋図形模写］
M_MMSE部分集合(k=6),初回 MMSE［場所見当識＋物品呼称＋注意計算＋遅延再生＋3段階命令＋図形模写］,MWU（完全並べ替え）,5,9,"14［13, 17］","15［13, 18］",13、13、14、16、17,13、14、14、15、15、15、16、16、18,18.0,0.5954045954045954,-0.2,0.4,262,12,0.0005,,1.0,1.0,初回 MMSE［場所見当識＋注意計算＋遅延再生＋読字理解＋3段階命令＋書字＋図形模写］
M_MMSE部分集合(k=7),初回 MMSE［場所見当識＋物品呼称＋注意計算＋遅延再生＋読字理解＋3段階命令＋図形模写］,MWU（完全並べ替え）,5,9,"15［14, 18］","16［14, 19］",14、14、15、17、18,14、15、15、16、16、16、17、17、19,18.0,0.5954045954045954,-0.2,0.4,262,12,0.0005,,1.0,1.0,初回 MMSE［場所見当識＋物品呼称＋注意計算＋遅延再生＋3段階命令＋書字＋図形模写］
M_MMSE部分集合(k=8),初回 MMSE［場所見当識＋物品呼称＋注意計算＋遅延再生＋読字理解＋3段階命令＋書字＋図形模写］,MWU（完全並べ替え）,5,9,"16［15, 19］","17［15, 20］",15、15、16、18、19,15、16、16、17、17、17、18、18、20,18.0,0.5954045954045954,-0.2,0.4,262,12,0.0005,,1.0,1.0,
M_MMSE部分集合(k=3),追跡時 MMSE［時間見当識＋注意計算＋読字理解］,MWU（完全並べ替え）,5,9,"10［6, 10］","8［7, 11］",6、8、10、10、10,7、7、7、8、8、9、9、10、11,26.5,0.5954045954045954,0.178,0.589,332,12,0.0005,,1.0,1.0,追跡時 MMSE［時間見当識＋注意計算＋書字］、追跡時 MMSE［時間見当識＋注意計算＋図形模写］
M_MMSE部分集合(k=2),追跡時 MMSE［時間見当識＋注意計算］,MWU（完全並べ替え）,5,9,"9［5, 9］","7［6, 10］",5、7、9、9、9,6、6、6、7、7、8、8、9、10,26.5,0.5954045954045954,0.178,0.589,332,12,0.0005,,1.0,1.0,
M_MMSE部分集合(k=3),追跡時 MMSE［時間見当識＋物品呼称＋注意計算］,MWU（完全並べ替え）,5,9,"11［7, 11］","9［8, 12］",7、9、11、11、11,8、8、8、9、9、10、10、11、12,26.5,0.5954045954045954,0.178,0.589,332,12,0.0005,,1.0,1.0,追跡時 MMSE［時間見当識＋注意計算＋読字理解＋書字］、追跡時 MMSE［時間見当識＋注意計算＋読字理解＋図形模写］、追跡時 MMSE［時間見当識＋注意計算＋書字＋図形模写］
M_MMSE部分集合(k=7),追跡時 MMSE［時間見当識＋物品呼称＋記銘＋注意計算＋読字理解＋書字＋図形模写］,MWU（完全並べ替え）,5,9,"17［13, 17］","15［14, 18］",13、15、17、17、17,14、14、14、15、15、16、16、17、18,26.5,0.5954045954045954,0.178,0.589,332,12,0.0005,,1.0,1.0,
M_MMSE部分集合(k=6),追跡時 MMSE［時間見当識＋物品呼称＋記銘＋注意計算＋読字理解＋書字］,MWU（完全並べ替え）,5,9,"16［12, 16］","14［13, 17］",12、14、16、16、16,13、13、13、14、14、15、15、16、17,26.5,0.5954045954045954,0.178,0.589,332,12,0.0005,,1.0,1.0,追跡時 MMSE［時間見当識＋物品呼称＋記銘＋注意計算＋読字理解＋図形模写］、追跡時 MMSE［時間見当識＋物品呼称＋記銘＋注意計算＋書字＋図形模写］
M_MMSE部分集合(k=5),追跡時 MMSE［時間見当識＋物品呼称＋記銘＋注意計算＋読字理解］,MWU（完全並べ替え）,5,9,"15［11, 15］","13［12, 16］",11、13、15、15、15,12、12、12、13、13、14、14、15、16,26.5,0.5954045954045954,0.178,0.589,332,12,0.0005,,1.0,1.0,追跡時 MMSE［時間見当識＋物品呼称＋記銘＋注意計算＋書字］、追跡時 MMSE［時間見当識＋物品呼称＋記銘＋注意計算＋図形模写］、追跡時 MMSE［時間見当識＋記銘＋注意計算＋読字理解＋書字＋図形模写］
M_MMSE部分集合(k=4),追跡時 MMSE［時間見当識＋物品呼称＋記銘＋注意計算］,MWU（完全並べ替え）,5,9,"14［10, 14］","12［11, 15］",10、12、14、14、14,11、11、11、12、12、13、13、14、15,26.5,0.5954045954045954,0.178,0.589,332,12,0.0005,,1.0,1.0,追跡時 MMSE［時間見当識＋記銘＋注意計算＋読字理解＋書字］、追跡時 MMSE［時間見当識＋記銘＋注意計算＋読字理解＋図形模写］、追跡時 MMSE［時間見当識＋記銘＋注意計算＋書字＋図形模写］、追跡時 MMSE［時間見当識＋物品呼称＋注意計算＋読字理解＋書字＋図形模写］
M_MMSE部分集合(k=4),追跡時 MMSE［時間見当識＋記銘＋注意計算＋読字理解］,MWU（完全並べ替え）,5,9,"13［9, 13］","11［10, 14］",9、11、13、13、13,10、10、10、11、11、12、12、13、14,26.5,0.5954045954045954,0.178,0.589,332,12,0.0005,,1.0,1.0,追跡時 MMSE［時間見当識＋記銘＋注意計算＋書字］ ほか4件
M_MMSE部分集合(k=3),追跡時 MMSE［時間見当識＋記銘＋注意計算］,MWU（完全並べ替え）,5,9,"12［8, 12］","10［9, 13］",8、10、12、12、12,9、9、9、10、10、11、11、12、13,26.5,0.5954045954045954,0.178,0.589,332,12,0.0005,,1.0,1.0,追跡時 MMSE［時間見当識＋物品呼称＋注意計算＋読字理解］、追跡時 MMSE［時間見当識＋物品呼称＋注意計算＋書字］、追跡時 MMSE［時間見当識＋物品呼称＋注意計算＋図形模写］、追跡時 MMSE［時間見当識＋注意計算＋読字理解＋書字＋図形模写］
M_MMSE部分集合(k=4),初回 MMSE［時間見当識＋場所見当識＋復唱＋図形模写］,MWU（完全並べ替え）,5,9,"11［8, 12］","10［8, 12］",8、9、11、12、12,8、8、9、10、10、11、11、11、12,27.0,0.5984015984015985,0.2,0.6,262,14,0.0005,,1.0,1.0,
M_MMSE部分集合(k=5),初回 MMSE［時間見当識＋場所見当識＋復唱＋読字理解＋図形模写］,MWU（完全並べ替え）,5,9,"12［9, 13］","11［9, 13］",9、10、12、13、13,9、9、10、11、11、12、12、12、13,27.0,0.5984015984015985,0.2,0.6,262,14,0.0005,,1.0,1.0,初回 MMSE［時間見当識＋場所見当識＋復唱＋書字＋図形模写］
M_MMSE部分集合(k=5),初回 MMSE［時間見当識＋場所見当識＋物品呼称＋復唱＋図形模写］,MWU（完全並べ替え）,5,9,"13［10, 14］","12［10, 14］",10、11、13、14、14,10、10、11、12、12、13、13、13、14,27.0,0.5984015984015985,0.2,0.6,262,14,0.0005,,1.0,1.0,初回 MMSE［時間見当識＋場所見当識＋復唱＋読字理解＋書字＋図形模写］
M_MMSE部分集合(k=6),初回 MMSE［時間見当識＋場所見当識＋物品呼称＋復唱＋読字理解＋図形模写］,MWU（完全並べ替え）,5,9,"14［11, 15］","13［11, 15］",11、12、14、15、15,11、11、12、13、13、14、14、14、15,27.0,0.5984015984015985,0.2,0.6,262,14,0.0005,,1.0,1.0,初回 MMSE［時間見当識＋場所見当識＋物品呼称＋復唱＋書字＋図形模写］
M_MMSE部分集合(k=7),初回 MMSE［時間見当識＋場所見当識＋物品呼称＋復唱＋読字理解＋書字＋図形模写］,MWU（完全並べ替え）,5,9,"15［12, 16］","14［12, 16］",12、13、15、16、16,12、12、13、14、14、15、15、15、16,27.0,0.5984015984015985,0.2,0.6,262,14,0.0005,,1.0,1.0,
L_固定時点(18か月),18か月 MMSE 時間見当識,MWU（完全並べ替え）,3,3,"5［0, 5］","3［2, 4］",0、5、5,2、3、4,6.0,0.6,0.333,0.667,95,2,0.1,,1.0,1.0,
M_MMSE部分集合(k=8),初回 MMSE［場所見当識＋物品呼称＋記銘＋注意計算＋遅延再生＋復唱＋読字理解＋書字］,MWU（完全並べ替え）,5,9,"15［15, 19］","17［15, 19］",15、15、15、18、19,15、15、16、17、17、18、18、18、19,18.0,0.6003996003996004,-0.2,0.4,262,13,0.0005,,1.0,1.0,
M_MMSE部分集合(k=7),初回 MMSE［場所見当識＋物品呼称＋記銘＋注意計算＋遅延再生＋復唱＋読字理解］,MWU（完全並べ替え）,5,9,"14［14, 18］","16［14, 18］",14、14、14、17、18,14、14、15、16、16、17、17、17、18,18.0,0.6003996003996004,-0.2,0.4,262,13,0.0005,,1.0,1.0,初回 MMSE［場所見当識＋物品呼称＋記銘＋注意計算＋遅延再生＋復唱＋書字］
M_MMSE部分集合(k=6),初回 MMSE［場所見当識＋物品呼称＋記銘＋注意計算＋遅延再生＋復唱］,MWU（完全並べ替え）,5,9,"13［13, 17］","15［13, 17］",13、13、13、16、17,13、13、14、15、15、16、16、16、17,18.0,0.6003996003996004,-0.2,0.4,262,13,0.0005,,1.0,1.0,初回 MMSE［場所見当識＋記銘＋注意計算＋遅延再生＋復唱＋読字理解＋書字］
M_MMSE部分集合(k=6),初回 MMSE［場所見当識＋記銘＋注意計算＋遅延再生＋復唱＋読字理解］,MWU（完全並べ替え）,5,9,"12［12, 16］","14［12, 16］",12、12、12、15、16,12、12、13、14、14、15、15、15、16,18.0,0.6003996003996004,-0.2,0.4,262,13,0.0005,,1.0,1.0,初回 MMSE［場所見当識＋記銘＋注意計算＋遅延再生＋復唱＋書字］
M_MMSE部分集合(k=5),初回 MMSE［場所見当識＋記銘＋注意計算＋遅延再生＋復唱］,MWU（完全並べ替え）,5,9,"11［11, 15］","13［11, 15］",11、11、11、14、15,11、11、12、13、13、14、14、14、15,18.0,0.6003996003996004,-0.2,0.4,262,13,0.0005,,1.0,1.0,
M_MMSE部分集合(k=6),Δ MMSE［時間見当識＋場所見当識＋記銘＋注意計算＋遅延再生＋復唱］,MWU（完全並べ替え）,5,9,"0［-2, 3］","-1［-4, 3］",-2、-1、0、1、3,-4、-2、-2、-1、-1、0、1、1、3,27.0,0.6013986013986014,0.2,0.6,262,13,0.0005,,1.0,1.0,Δ MMSE［時間見当識＋場所見当識＋物品呼称＋記銘＋注意計算＋遅延再生＋復唱］ ほか14件
M2_下位項目の差,Δ MMSE［記銘−図形模写］,MWU（完全並べ替え）,5,9,"0［0, 1］","0［-1, 1］",0、0、0、0、1,-1、0、0、0、0、0、0、0、1,26.5,0.6043956043956044,0.178,0.589,332,13,0.08242,,1.0,1.0,
M2_下位項目の差,Δ MMSE［記銘−復唱］,MWU（完全並べ替え）,5,9,"0［0, 1］","0［-1, 1］",0、0、0、0、1,-1、0、0、0、0、0、0、0、1,26.5,0.6043956043956044,0.178,0.589,332,13,0.08242,,1.0,1.0,
M2_下位項目の差,初回 MMSE［記銘−3段階命令］,MWU（完全並べ替え）,5,9,"0［-1, 0］","0［-1, 1］",-1、0、0、0、0,-1、0、0、0、0、0、0、0、1,18.5,0.6043956043956044,-0.178,0.411,332,13,0.08242,,1.0,1.0,
M2_下位項目の差,初回 MMSE［記銘−図形模写］,MWU（完全並べ替え）,5,9,"2［1, 2］","2［1, 3］",1、2、2、2、2,1、2、2、2、2、2、2、2、3,18.5,0.6043956043956044,-0.178,0.411,332,13,0.08242,,1.0,1.0,
M_MMSE部分集合(k=4),追跡時 MMSE［物品呼称＋記銘＋遅延再生＋3段階命令］,MWU（完全並べ替え）,5,9,"8［8, 9］","8［7, 11］",8、8、8、8、9,7、8、8、8、8、8、8、8、11,26.0,0.6043956043956044,0.156,0.578,433,11,0.08242,,1.0,1.0,追跡時 MMSE［記銘＋遅延再生＋読字理解＋3段階命令＋書字］、追跡時 MMSE［記銘＋遅延再生＋読字理解＋3段階命令＋図形模写］、追跡時 MMSE［記銘＋遅延再生＋3段階命令＋書字＋図形模写］、追跡時 MMSE［物品呼称＋遅延再生＋読字理解＋3段階命令＋書字＋図形模写］
M_MMSE部分集合(k=7),追跡時 MMSE［物品呼称＋記銘＋遅延再生＋復唱＋読字理解＋書字＋図形模写］,MWU（完全並べ替え）,5,9,"9［9, 10］","9［8, 12］",9、9、9、9、10,8、9、9、9、9、9、9、9、12,26.0,0.6043956043956044,0.156,0.578,433,11,0.08242,,1.0,1.0,
M_MMSE部分集合(k=6),追跡時 MMSE［物品呼称＋記銘＋遅延再生＋復唱＋読字理解＋書字］,MWU（完全並べ替え）,5,9,"8［8, 9］","8［7, 11］",8、8、8、8、9,7、8、8、8、8、8、8、8、11,26.0,0.6043956043956044,0.156,0.578,433,11,0.08242,,1.0,1.0,追跡時 MMSE［物品呼称＋記銘＋遅延再生＋復唱＋読字理解＋図形模写］、追跡時 MMSE［物品呼称＋記銘＋遅延再生＋復唱＋書字＋図形模写］
M_MMSE部分集合(k=5),追跡時 MMSE［物品呼称＋記銘＋遅延再生＋復唱＋読字理解］,MWU（完全並べ替え）,5,9,"7［7, 8］","7［6, 10］",7、7、7、7、8,6、7、7、7、7、7、7、7、10,26.0,0.6043956043956044,0.156,0.578,433,11,0.08242,,1.0,1.0,追跡時 MMSE［物品呼称＋記銘＋遅延再生＋復唱＋書字］、追跡時 MMSE［物品呼称＋記銘＋遅延再生＋復唱＋図形模写］、追跡時 MMSE［記銘＋遅延再生＋復唱＋読字理解＋書字＋図形模写］
M_MMSE部分集合(k=4),追跡時 MMSE［物品呼称＋記銘＋遅延再生＋復唱］,MWU（完全並べ替え）,5,9,"6［6, 7］","6［5, 9］",6、6、6、6、7,5、6、6、6、6、6、6、6、9,26.0,0.6043956043956044,0.156,0.578,433,11,0.08242,,1.0,1.0,追跡時 MMSE［記銘＋遅延再生＋復唱＋読字理解＋書字］、追跡時 MMSE［記銘＋遅延再生＋復唱＋読字理解＋図形模写］、追跡時 MMSE［記銘＋遅延再生＋復唱＋書字＋図形模写］、追跡時 MMSE［物品呼称＋遅延再生＋復唱＋読字理解＋書字＋図形模写］
M_MMSE部分集合(k=7),追跡時 MMSE［物品呼称＋記銘＋遅延再生＋読字理解＋3段階命令＋書字＋図形模写］,MWU（完全並べ替え）,5,9,"11［11, 12］","11［10, 14］",11、11、11、11、12,10、11、11、11、11、11、11、11、14,26.0,0.6043956043956044,0.156,0.578,433,11,0.08242,,1.0,1.0,
M_MMSE部分集合(k=6),追跡時 MMSE［物品呼称＋記銘＋遅延再生＋読字理解＋3段階命令＋書字］,MWU（完全並べ替え）,5,9,"10［10, 11］","10［9, 13］",10、10、10、10、11,9、10、10、10、10、10、10、10、13,26.0,0.6043956043956044,0.156,0.578,433,11,0.08242,,1.0,1.0,追跡時 MMSE［物品呼称＋記銘＋遅延再生＋読字理解＋3段階命令＋図形模写］、追跡時 MMSE［物品呼称＋記銘＋遅延再生＋3段階命令＋書字＋図形模写］
M_MMSE部分集合(k=5),追跡時 MMSE［物品呼称＋記銘＋遅延再生＋読字理解＋3段階命令］,MWU（完全並べ替え）,5,9,"9［9, 10］","9［8, 12］",9、9、9、9、10,8、9、9、9、9、9、9、9、12,26.0,0.6043956043956044,0.156,0.578,433,11,0.08242,,1.0,1.0,追跡時 MMSE［物品呼称＋記銘＋遅延再生＋3段階命令＋書字］、追跡時 MMSE［物品呼称＋記銘＋遅延再生＋3段階命令＋図形模写］、追跡時 MMSE［記銘＋遅延再生＋読字理解＋3段階命令＋書字＋図形模写］
M_MMSE部分集合(k=3),追跡時 MMSE［物品呼称＋遅延再生＋3段階命令］,MWU（完全並べ替え）,5,9,"5［5, 6］","5［4, 8］",5、5、5、5、6,4、5、5、5、5、5、5、5、8,26.0,0.6043956043956044,0.156,0.578,433,11,0.08242,,1.0,1.0,追跡時 MMSE［遅延再生＋読字理解＋3段階命令＋書字］、追跡時 MMSE［遅延再生＋読字理解＋3段階命令＋図形模写］、追跡時 MMSE［遅延再生＋3段階命令＋書字＋図形模写］
M_MMSE部分集合(k=3),追跡時 MMSE［物品呼称＋遅延再生＋復唱］,MWU（完全並べ替え）,5,9,"3［3, 4］","3［2, 6］",3、3、3、3、4,2、3、3、3、3、3、3、3、6,26.0,0.6043956043956044,0.156,0.578,433,11,0.08242,,1.0,1.0,追跡時 MMSE［遅延再生＋復唱＋読字理解＋書字］、追跡時 MMSE［遅延再生＋復唱＋読字理解＋図形模写］、追跡時 MMSE［遅延再生＋復唱＋書字＋図形模写］
M_MMSE部分集合(k=3),追跡時 MMSE［記銘＋遅延再生＋3段階命令］,MWU（完全並べ替え）,5,9,"6［6, 7］","6［5, 9］",6、6、6、6、7,5、6、6、6、6、6、6、6、9,26.0,0.6043956043956044,0.156,0.578,433,11,0.08242,,1.0,1.0,追跡時 MMSE［物品呼称＋遅延再生＋読字理解＋3段階命令］、追跡時 MMSE［物品呼称＋遅延再生＋3段階命令＋書字］、追跡時 MMSE［物品呼称＋遅延再生＋3段階命令＋図形模写］、追跡時 MMSE［遅延再生＋読字理解＋3段階命令＋書字＋図形模写］
M_MMSE部分集合(k=4),追跡時 MMSE［記銘＋遅延再生＋復唱＋読字理解］,MWU（完全並べ替え）,5,9,"5［5, 6］","5［4, 8］",5、5、5、5、6,4、5、5、5、5、5、5、5、8,26.0,0.6043956043956044,0.156,0.578,433,11,0.08242,,1.0,1.0,追跡時 MMSE［記銘＋遅延再生＋復唱＋書字］ ほか4件
M_MMSE部分集合(k=3),追跡時 MMSE［記銘＋遅延再生＋復唱］,MWU（完全並べ替え）,5,9,"4［4, 5］","4［3, 7］",4、4、4、4、5,3、4、4、4、4、4、4、4、7,26.0,0.6043956043956044,0.156,0.578,433,11,0.08242,,1.0,1.0,追跡時 MMSE［物品呼称＋遅延再生＋復唱＋読字理解］、追跡時 MMSE［物品呼称＋遅延再生＋復唱＋書字］、追跡時 MMSE［物品呼称＋遅延再生＋復唱＋図形模写］、追跡時 MMSE［遅延再生＋復唱＋読字理解＋書字＋図形模写］
M_MMSE部分集合(k=4),追跡時 MMSE［記銘＋遅延再生＋読字理解＋3段階命令］,MWU（完全並べ替え）,5,9,"7［7, 8］","7［6, 10］",7、7、7、7、8,6、7、7、7、7、7、7、7、10,26.0,0.6043956043956044,0.156,0.578,433,11,0.08242,,1.0,1.0,追跡時 MMSE［記銘＋遅延再生＋3段階命令＋書字］ ほか4件
M_MMSE部分集合(k=2),追跡時 MMSE［遅延再生＋3段階命令］,MWU（完全並べ替え）,5,9,"3［3, 4］","3［2, 6］",3、3、3、3、4,2、3、3、3、3、3、3、3、6,26.0,0.6043956043956044,0.156,0.578,433,11,0.08242,,1.0,1.0,
M_MMSE部分集合(k=3),追跡時 MMSE［遅延再生＋復唱＋読字理解］,MWU（完全並べ替え）,5,9,"2［2, 3］","2［1, 5］",2、2、2、2、3,1、2、2、2、2、2、2、2、5,26.0,0.6043956043956044,0.156,0.578,433,11,0.08242,,1.0,1.0,追跡時 MMSE［遅延再生＋復唱＋書字］、追跡時 MMSE［遅延再生＋復唱＋図形模写］
M_MMSE部分集合(k=2),追跡時 MMSE［遅延再生＋復唱］,MWU（完全並べ替え）,5,9,"1［1, 2］","1［0, 4］",1、1、1、1、2,0、1、1、1、1、1、1、1、4,26.0,0.6043956043956044,0.156,0.578,433,11,0.08242,,1.0,1.0,
M_MMSE部分集合(k=3),追跡時 MMSE［遅延再生＋読字理解＋3段階命令］,MWU（完全並べ替え）,5,9,"4［4, 5］","4［3, 7］",4、4、4、4、5,3、4、4、4、4、4、4、4、7,26.0,0.6043956043956044,0.156,0.578,433,11,0.08242,,1.0,1.0,追跡時 MMSE［遅延再生＋3段階命令＋書字］、追跡時 MMSE［遅延再生＋3段階命令＋図形模写］
M_MMSE部分集合(k=3),Δ MMSE［注意計算＋遅延再生＋復唱］,MWU（完全並べ替え）,5,9,"0［-1, 3］","0［-3, 1］",-1、-1、0、1、3,-3、-2、-1、0、0、0、0、1、1,27.0,0.6048951048951049,0.2,0.6,262,11,0.0005,,1.0,1.0,Δ MMSE［物品呼称＋注意計算＋遅延再生＋復唱］ ほか14件
L_固定時点(12か月),12か月 ΔMMSE 注意計算,MWU（完全並べ替え）,3,6,"0［-2, 4］","0［-3, 2］",-2、0、4,-3、-2、0、0、0、2,11.0,0.6071428571428571,0.222,0.611,212,6,0.0119,,1.0,1.0,
R_初回値調整残差,Δ CDR 家庭・趣味（初回値調整残差）,MWU（完全並べ替え）,5,9,"0［-0.33333, 0.66667］","0［-0.33333, 0.16667］",-0.33333、0、0、0.16667、0.66667,-0.33333、-0.33333、-0.33333、0、0、0、0.16667、0.16667、0.16667,27.0,0.6078921078921079,0.2,0.6,262,13,0.0005,,1.0,1.0,
M_MMSE部分集合(k=4),初回 MMSE［注意計算＋復唱＋3段階命令＋図形模写］,MWU（完全並べ替え）,5,9,"9［6, 10］","9［8, 10］",6、9、9、10、10,8、8、8、8、9、9、9、10、10,27.0,0.6078921078921079,0.2,0.6,262,13,0.0005,,1.0,1.0,
M_MMSE部分集合(k=5),初回 MMSE［注意計算＋復唱＋読字理解＋3段階命令＋図形模写］,MWU（完全並べ替え）,5,9,"10［7, 11］","10［9, 11］",7、10、10、11、11,9、9、9、9、10、10、10、11、11,27.0,0.6078921078921079,0.2,0.6,262,13,0.0005,,1.0,1.0,初回 MMSE［注意計算＋復唱＋3段階命令＋書字＋図形模写］
M_MMSE部分集合(k=5),初回 MMSE［物品呼称＋注意計算＋復唱＋3段階命令＋図形模写］,MWU（完全並べ替え）,5,9,"11［8, 12］","11［10, 12］",8、11、11、12、12,10、10、10、10、11、11、11、12、12,27.0,0.6078921078921079,0.2,0.6,262,13,0.0005,,1.0,1.0,初回 MMSE［注意計算＋復唱＋読字理解＋3段階命令＋書字＋図形模写］
M_MMSE部分集合(k=6),初回 MMSE［物品呼称＋注意計算＋復唱＋読字理解＋3段階命令＋図形模写］,MWU（完全並べ替え）,5,9,"12［9, 13］","12［11, 13］",9、12、12、13、13,11、11、11、11、12、12、12、13、13,27.0,0.6078921078921079,0.2,0.6,262,13,0.0005,,1.0,1.0,初回 MMSE［物品呼称＋注意計算＋復唱＋3段階命令＋書字＋図形模写］
M_MMSE部分集合(k=7),初回 MMSE［物品呼称＋注意計算＋復唱＋読字理解＋3段階命令＋書字＋図形模写］,MWU（完全並べ替え）,5,9,"13［10, 14］","13［12, 14］",10、13、13、14、14,12、12、12、12、13、13、13、14、14,27.0,0.6078921078921079,0.2,0.6,262,13,0.0005,,1.0,1.0,
M_MMSE部分集合(k=5),初回 MMSE［物品呼称＋記銘＋遅延再生＋復唱＋3段階命令］,MWU（完全並べ替え）,5,9,"10［8, 10］","9［7, 11］",8、9、10、10、10,7、8、9、9、9、9、10、10、11,26.5,0.6078921078921079,0.178,0.589,332,12,0.0025,,1.0,1.0,初回 MMSE［記銘＋遅延再生＋復唱＋読字理解＋3段階命令＋書字］
M_MMSE部分集合(k=5),初回 MMSE［物品呼称＋記銘＋遅延再生＋復唱＋図形模写］,MWU（完全並べ替え）,5,9,"8［6, 8］","7［5, 9］",6、7、8、8、8,5、6、7、7、7、7、8、8、9,26.5,0.6078921078921079,0.178,0.589,332,12,0.0025,,1.0,1.0,初回 MMSE［記銘＋遅延再生＋復唱＋読字理解＋書字＋図形模写］
M_MMSE部分集合(k=7),初回 MMSE［物品呼称＋記銘＋遅延再生＋復唱＋読字理解＋3段階命令＋書字］,MWU（完全並べ替え）,5,9,"12［10, 12］","11［9, 13］",10、11、12、12、12,9、10、11、11、11、11、12、12、13,26.5,0.6078921078921079,0.178,0.589,332,12,0.0025,,1.0,1.0,
M_MMSE部分集合(k=6),初回 MMSE［物品呼称＋記銘＋遅延再生＋復唱＋読字理解＋3段階命令］,MWU（完全並べ替え）,5,9,"11［9, 11］","10［8, 12］",9、10、11、11、11,8、9、10、10、10、10、11、11、12,26.5,0.6078921078921079,0.178,0.589,332,12,0.0025,,1.0,1.0,初回 MMSE［物品呼称＋記銘＋遅延再生＋復唱＋3段階命令＋書字］
M_MMSE部分集合(k=6),初回 MMSE［物品呼称＋記銘＋遅延再生＋復唱＋読字理解＋図形模写］,MWU（完全並べ替え）,5,9,"9［7, 9］","8［6, 10］",7、8、9、9、9,6、7、8、8、8、8、9、9、10,26.5,0.6078921078921079,0.178,0.589,332,12,0.0025,,1.0,1.0,初回 MMSE［物品呼称＋記銘＋遅延再生＋復唱＋書字＋図形模写］
M_MMSE部分集合(k=7),初回 MMSE［物品呼称＋記銘＋遅延再生＋復唱＋読字理解＋書字＋図形模写］,MWU（完全並べ替え）,5,9,"10［8, 10］","9［7, 11］",8、9、10、10、10,7、8、9、9、9、9、10、10、11,26.5,0.6078921078921079,0.178,0.589,332,12,0.0025,,1.0,1.0,
M_MMSE部分集合(k=4),初回 MMSE［記銘＋遅延再生＋復唱＋3段階命令］,MWU（完全並べ替え）,5,9,"8［6, 8］","7［5, 9］",6、7、8、8、8,5、6、7、7、7、7、8、8、9,26.5,0.6078921078921079,0.178,0.589,332,12,0.0025,,1.0,1.0,
M_MMSE部分集合(k=4),初回 MMSE［記銘＋遅延再生＋復唱＋図形模写］,MWU（完全並べ替え）,5,9,"6［4, 6］","5［3, 7］",4、5、6、6、6,3、4、5、5、5、5、6、6、7,26.5,0.6078921078921079,0.178,0.589,332,12,0.0025,,1.0,1.0,
M_MMSE部分集合(k=5),初回 MMSE［記銘＋遅延再生＋復唱＋読字理解＋3段階命令］,MWU（完全並べ替え）,5,9,"9［7, 9］","8［6, 10］",7、8、9、9、9,6、7、8、8、8、8、9、9、10,26.5,0.6078921078921079,0.178,0.589,332,12,0.0025,,1.0,1.0,初回 MMSE［記銘＋遅延再生＋復唱＋3段階命令＋書字］
M_MMSE部分集合(k=5),初回 MMSE［記銘＋遅延再生＋復唱＋読字理解＋図形模写］,MWU（完全並べ替え）,5,9,"7［5, 7］","6［4, 8］",5、6、7、7、7,4、5、6、6、6、6、7、7、8,26.5,0.6078921078921079,0.178,0.589,332,12,0.0025,,1.0,1.0,初回 MMSE［記銘＋遅延再生＋復唱＋書字＋図形模写］
M_MMSE部分集合(k=7),初回 MMSE［時間見当識＋場所見当識＋物品呼称＋記銘＋遅延再生＋復唱＋3段階命令］,MWU（完全並べ替え）,5,9,"17［15, 20］","17［16, 20］",15、17、17、20、20,16、16、16、17、17、17、19、19、20,26.0,0.6103896103896104,0.156,0.578,433,13,0.0005,,1.0,1.0,初回 MMSE［時間見当識＋場所見当識＋記銘＋遅延再生＋復唱＋読字理解＋3段階命令＋書字］
M_MMSE部分集合(k=9),初回 MMSE［時間見当識＋場所見当識＋物品呼称＋記銘＋遅延再生＋復唱＋読字理解＋3段階命令＋書字］,MWU（完全並べ替え）,5,9,"19［17, 22］","19［18, 22］",17、19、19、22、22,18、18、18、19、19、19、21、21、22,26.0,0.6103896103896104,0.156,0.578,433,13,0.0005,,1.0,1.0,
M_MMSE部分集合(k=8),初回 MMSE［時間見当識＋場所見当識＋物品呼称＋記銘＋遅延再生＋復唱＋読字理解＋3段階命令］,MWU（完全並べ替え）,5,9,"18［16, 21］","18［17, 21］",16、18、18、21、21,17、17、17、18、18、18、20、20、21,26.0,0.6103896103896104,0.156,0.578,433,13,0.0005,,1.0,1.0,初回 MMSE［時間見当識＋場所見当識＋物品呼称＋記銘＋遅延再生＋復唱＋3段階命令＋書字］
M_MMSE部分集合(k=6),初回 MMSE［時間見当識＋場所見当識＋記銘＋遅延再生＋復唱＋3段階命令］,MWU（完全並べ替え）,5,9,"15［13, 18］","15［14, 18］",13、15、15、18、18,14、14、14、15、15、15、17、17、18,26.0,0.6103896103896104,0.156,0.578,433,13,0.0005,,1.0,1.0,
M_MMSE部分集合(k=7),初回 MMSE［時間見当識＋場所見当識＋記銘＋遅延再生＋復唱＋読字理解＋3段階命令］,MWU（完全並べ替え）,5,9,"16［14, 19］","16［15, 19］",14、16、16、19、19,15、15、15、16、16、16、18、18、19,26.0,0.6103896103896104,0.156,0.578,433,13,0.0005,,1.0,1.0,初回 MMSE［時間見当識＋場所見当識＋記銘＋遅延再生＋復唱＋3段階命令＋書字］
M_MMSE部分集合(k=5),初回 MMSE［時間見当識＋物品呼称＋記銘＋3段階命令＋図形模写］,MWU（完全並べ替え）,5,9,"13［12, 14］","13［10, 14］",12、12、13、14、14,10、11、12、12、13、13、13、14、14,27.5,0.6113886113886113,0.222,0.611,212,12,0.004,,1.0,1.0,初回 MMSE［時間見当識＋記銘＋読字理解＋3段階命令＋書字＋図形模写］
M_MMSE部分集合(k=4),初回 MMSE［時間見当識＋物品呼称＋記銘＋3段階命令］,MWU（完全並べ替え）,5,9,"12［11, 13］","12［10, 13］",11、11、12、13、13,10、10、11、11、12、12、12、13、13,27.5,0.6113886113886113,0.222,0.611,212,14,0.004,,1.0,1.0,初回 MMSE［時間見当識＋記銘＋読字理解＋3段階命令＋書字］
M_MMSE部分集合(k=6),初回 MMSE［時間見当識＋物品呼称＋記銘＋読字理解＋3段階命令＋図形模写］,MWU（完全並べ替え）,5,9,"14［13, 15］","14［11, 15］",13、13、14、15、15,11、12、13、13、14、14、14、15、15,27.5,0.6113886113886113,0.222,0.611,212,12,0.004,,1.0,1.0,初回 MMSE［時間見当識＋物品呼称＋記銘＋3段階命令＋書字＋図形模写］
M_MMSE部分集合(k=7),初回 MMSE［時間見当識＋物品呼称＋記銘＋読字理解＋3段階命令＋書字＋図形模写］,MWU（完全並べ替え）,5,9,"15［14, 16］","15［12, 16］",14、14、15、16、16,12、13、14、14、15、15、15、16、16,27.5,0.6113886113886113,0.222,0.611,212,12,0.004,,1.0,1.0,
M_MMSE部分集合(k=6),初回 MMSE［時間見当識＋物品呼称＋記銘＋読字理解＋3段階命令＋書字］,MWU（完全並べ替え）,5,9,"14［13, 15］","14［12, 15］",13、13、14、15、15,12、12、13、13、14、14、14、15、15,27.5,0.6113886113886113,0.222,0.611,212,14,0.004,,1.0,1.0,
M_MMSE部分集合(k=5),初回 MMSE［時間見当識＋物品呼称＋記銘＋読字理解＋3段階命令］,MWU（完全並べ替え）,5,9,"13［12, 14］","13［11, 14］",12、12、13、14、14,11、11、12、12、13、13、13、14、14,27.5,0.6113886113886113,0.222,0.611,212,14,0.004,,1.0,1.0,初回 MMSE［時間見当識＋物品呼称＋記銘＋3段階命令＋書字］
M_MMSE部分集合(k=4),初回 MMSE［時間見当識＋記銘＋3段階命令＋図形模写］,MWU（完全並べ替え）,5,9,"11［10, 12］","11［8, 12］",10、10、11、12、12,8、9、10、10、11、11、11、12、12,27.5,0.6113886113886113,0.222,0.611,212,12,0.004,,1.0,1.0,
M_MMSE部分集合(k=3),初回 MMSE［時間見当識＋記銘＋3段階命令］,MWU（完全並べ替え）,5,9,"10［9, 11］","10［8, 11］",9、9、10、11、11,8、8、9、9、10、10、10、11、11,27.5,0.6113886113886113,0.222,0.611,212,14,0.004,,1.0,1.0,
M_MMSE部分集合(k=5),初回 MMSE［時間見当識＋記銘＋読字理解＋3段階命令＋図形模写］,MWU（完全並べ替え）,5,9,"12［11, 13］","12［9, 13］",11、11、12、13、13,9、10、11、11、12、12、12、13、13,27.5,0.6113886113886113,0.222,0.611,212,12,0.004,,1.0,1.0,初回 MMSE［時間見当識＋記銘＋3段階命令＋書字＋図形模写］
M_MMSE部分集合(k=4),初回 MMSE［時間見当識＋記銘＋読字理解＋3段階命令］,MWU（完全並べ替え）,5,9,"11［10, 12］","11［9, 12］",10、10、11、12、12,9、9、10、10、11、11、11、12、12,27.5,0.6113886113886113,0.222,0.611,212,14,0.004,,1.0,1.0,初回 MMSE［時間見当識＋記銘＋3段階命令＋書字］
M_CDR部分集合(k=3),Δ CDR［記憶＋判断力・問題解決＋地域社会の活動］,MWU（完全並べ替え）,5,9,"0［0, 1］","0.5［0, 1.5］",0、0、0、0.5、1,0、0、0、0、0.5、0.5、1、1、1.5,18.0,0.6118881118881119,-0.2,0.4,262,13,0.0015,,1.0,1.0,
M_CDR部分集合(k=3),Δ CDR［記憶＋地域社会の活動＋身の回りの世話］,MWU（完全並べ替え）,5,9,"0［0, 1］","0.5［0, 1.5］",0、0、0、0.5、1,0、0、0、0、0.5、0.5、1、1、1.5,18.0,0.6118881118881119,-0.2,0.4,262,13,0.0015,,1.0,1.0,
M_MMSE部分集合(k=6),初回 MMSE［時間見当識＋場所見当識＋物品呼称＋遅延再生＋復唱＋3段階命令］,MWU（完全並べ替え）,5,9,"15［12, 17］","14［13, 17］",12、14、15、17、17,13、13、13、14、14、15、16、16、17,26.5,0.6128871128871128,0.178,0.589,332,13,0.0005,,1.0,1.0,初回 MMSE［時間見当識＋場所見当識＋遅延再生＋復唱＋読字理解＋3段階命令＋書字］
M_MMSE部分集合(k=8),初回 MMSE［時間見当識＋場所見当識＋物品呼称＋遅延再生＋復唱＋読字理解＋3段階命令＋書字］,MWU（完全並べ替え）,5,9,"17［14, 19］","16［15, 19］",14、16、17、19、19,15、15、15、16、16、17、18、18、19,26.5,0.6128871128871128,0.178,0.589,332,13,0.0005,,1.0,1.0,
M_MMSE部分集合(k=7),初回 MMSE［時間見当識＋場所見当識＋物品呼称＋遅延再生＋復唱＋読字理解＋3段階命令］,MWU（完全並べ替え）,5,9,"16［13, 18］","15［14, 18］",13、15、16、18、18,14、14、14、15、15、16、17、17、18,26.5,0.6128871128871128,0.178,0.589,332,13,0.0005,,1.0,1.0,初回 MMSE［時間見当識＋場所見当識＋物品呼称＋遅延再生＋復唱＋3段階命令＋書字］
M_MMSE部分集合(k=5),初回 MMSE［時間見当識＋場所見当識＋遅延再生＋復唱＋3段階命令］,MWU（完全並べ替え）,5,9,"13［10, 15］","12［11, 15］",10、12、13、15、15,11、11、11、12、12、13、14、14、15,26.5,0.6128871128871128,0.178,0.589,332,13,0.0005,,1.0,1.0,
M_MMSE部分集合(k=6),初回 MMSE［時間見当識＋場所見当識＋遅延再生＋復唱＋読字理解＋3段階命令］,MWU（完全並べ替え）,5,9,"14［11, 16］","13［12, 16］",11、13、14、16、16,12、12、12、13、13、14、15、15、16,26.5,0.6128871128871128,0.178,0.589,332,13,0.0005,,1.0,1.0,初回 MMSE［時間見当識＋場所見当識＋遅延再生＋復唱＋3段階命令＋書字］
M_CDR部分集合(k=4),追跡時 CDR［記憶＋判断力・問題解決＋家庭・趣味＋身の回りの世話］,MWU（完全並べ替え）,5,9,"1.5［1, 2.5］","1.5［1, 3］",1、1、1.5、1.5、2.5,1、1、1、1.5、1.5、2、2、2.5、3,18.5,0.6143856143856143,-0.178,0.411,332,13,0.001,,1.0,1.0,
M_CDR部分集合(k=3),追跡時 CDR［記憶＋地域社会の活動＋身の回りの世話］,MWU（完全並べ替え）,5,9,"1［0.5, 2］","1［0.5, 2.5］",0.5、0.5、1、1、2,0.5、0.5、0.5、1、1、1.5、1.5、2、2.5,18.5,0.6143856143856143,-0.178,0.411,332,13,0.001,,1.0,1.0,
M_MMSE部分集合(k=8),初回 MMSE［時間見当識＋場所見当識＋物品呼称＋記銘＋遅延再生＋復唱＋3段階命令＋図形模写］,MWU（完全並べ替え）,5,9,"18［16, 21］","18［16, 21］",16、18、18、21、21,16、17、17、18、18、18、20、20、21,26.5,0.6148851148851149,0.178,0.589,332,14,0.0005,,1.0,1.0,初回 MMSE［時間見当識＋場所見当識＋記銘＋遅延再生＋復唱＋読字理解＋3段階命令＋書字＋図形模写］
M_MMSE部分集合(k=9),初回 MMSE［時間見当識＋場所見当識＋物品呼称＋記銘＋遅延再生＋復唱＋読字理解＋3段階命令＋図形模写］,MWU（完全並べ替え）,5,9,"19［17, 22］","19［17, 22］",17、19、19、22、22,17、18、18、19、19、19、21、21、22,26.5,0.6148851148851149,0.178,0.589,332,14,0.0005,,1.0,1.0,初回 MMSE［時間見当識＋場所見当識＋物品呼称＋記銘＋遅延再生＋復唱＋3段階命令＋書字＋図形模写］
M_MMSE部分集合(k=10),初回 MMSE［時間見当識＋場所見当識＋物品呼称＋記銘＋遅延再生＋復唱＋読字理解＋3段階命令＋書字＋図形模写］,MWU（完全並べ替え）,5,9,"20［18, 23］","20［18, 23］",18、20、20、23、23,18、19、19、20、20、20、22、22、23,26.5,0.6148851148851149,0.178,0.589,332,14,0.0005,,1.0,1.0,
M_MMSE部分集合(k=7),初回 MMSE［時間見当識＋場所見当識＋記銘＋遅延再生＋復唱＋3段階命令＋図形模写］,MWU（完全並べ替え）,5,9,"16［14, 19］","16［14, 19］",14、16、16、19、19,14、15、15、16、16、16、18、18、19,26.5,0.6148851148851149,0.178,0.589,332,14,0.0005,,1.0,1.0,
M_MMSE部分集合(k=8),初回 MMSE［時間見当識＋場所見当識＋記銘＋遅延再生＋復唱＋読字理解＋3段階命令＋図形模写］,MWU（完全並べ替え）,5,9,"17［15, 20］","17［15, 20］",15、17、17、20、20,15、16、16、17、17、17、19、19、20,26.5,0.6148851148851149,0.178,0.589,332,14,0.0005,,1.0,1.0,初回 MMSE［時間見当識＋場所見当識＋記銘＋遅延再生＋復唱＋3段階命令＋書字＋図形模写］
M_CDR部分集合(k=5),追跡時 CDR［記憶＋見当識＋判断力・問題解決＋地域社会の活動＋家庭・趣味］,MWU（完全並べ替え）,5,9,"2［1, 4.5］","2.5［1.5, 4］",1、1.5、2、2.5、4.5,1.5、1.5、1.5、2、2.5、3、3、3.5、4,18.5,0.6158841158841158,-0.178,0.411,332,10,0.001,,1.0,1.0,
M_MMSE部分集合(k=2),Δ MMSE［場所見当識＋遅延再生］,MWU（完全並べ替え）,5,9,"0［-1, 2］","0［-1, 0］",-1、0、0、0、2,-1、-1、0、0、0、0、0、0、0,26.5,0.6178821178821179,0.178,0.589,332,13,0.02248,,1.0,1.0,Δ MMSE［場所見当識＋物品呼称＋遅延再生］ ほか14件
A_初回値,初回 MMSE 時間見当識,MWU（完全並べ替え）,5,9,"5［3, 5］","4［2, 5］",3、3、5、5、5,2、2、3、3、4、5、5、5、5,27.0,0.6188811188811189,0.2,0.6,262,13,0.002,,1.0,1.0,初回 MMSE［時間見当識］
M2_下位項目の差,初回 MMSE［時間見当識−物品呼称］,MWU（完全並べ替え）,5,9,"3［1, 3］","2［0, 3］",1、1、3、3、3,0、0、1、1、2、3、3、3、3,27.0,0.6188811188811189,0.2,0.6,262,13,0.002,,1.0,1.0,
M2_下位項目の差,初回 MMSE［時間見当識−読字理解］,MWU（完全並べ替え）,5,9,"4［2, 4］","3［1, 4］",2、2、4、4、4,1、1、2、2、3、4、4、4、4,27.0,0.6188811188811189,0.2,0.6,262,13,0.002,,1.0,1.0,初回 MMSE［時間見当識−書字］
M_MMSE部分集合(k=4),初回 MMSE［時間見当識＋物品呼称＋読字理解＋書字］,MWU（完全並べ替え）,5,9,"9［7, 9］","8［6, 9］",7、7、9、9、9,6、6、7、7、8、9、9、9、9,27.0,0.6188811188811189,0.2,0.6,262,13,0.002,,1.0,1.0,
M_MMSE部分集合(k=3),初回 MMSE［時間見当識＋物品呼称＋読字理解］,MWU（完全並べ替え）,5,9,"8［6, 8］","7［5, 8］",6、6、8、8、8,5、5、6、6、7、8、8、8、8,27.0,0.6188811188811189,0.2,0.6,262,13,0.002,,1.0,1.0,初回 MMSE［時間見当識＋物品呼称＋書字］
M_MMSE部分集合(k=2),初回 MMSE［時間見当識＋物品呼称］,MWU（完全並べ替え）,5,9,"7［5, 7］","6［4, 7］",5、5、7、7、7,4、4、5、5、6、7、7、7、7,27.0,0.6188811188811189,0.2,0.6,262,13,0.002,,1.0,1.0,初回 MMSE［時間見当識＋読字理解＋書字］
M_MMSE部分集合(k=2),初回 MMSE［時間見当識＋読字理解］,MWU（完全並べ替え）,5,9,"6［4, 6］","5［3, 6］",4、4、6、6、6,3、3、4、4、5、6、6、6、6,27.0,0.6188811188811189,0.2,0.6,262,13,0.002,,1.0,1.0,初回 MMSE［時間見当識＋書字］
L_固定時点(12か月),12か月 ΔMMSE 遅延再生,MWU（完全並べ替え）,3,6,"0［0, 1］","0［-1, 1］",0、0、1,-1、0、0、0、0、1,11.5,0.6190476190476191,0.278,0.639,136,8,0.02778,,1.0,1.0,
M_MMSE部分集合(k=5),追跡時 MMSE［場所見当識＋物品呼称＋記銘＋遅延再生＋3段階命令］,MWU（完全並べ替え）,5,9,"13［12, 14］","13［11, 15］",12、13、13、13、14,11、12、12、13、13、13、13、13、15,26.5,0.6223776223776224,0.178,0.589,332,11,0.004,,1.0,1.0,追跡時 MMSE［場所見当識＋記銘＋遅延再生＋読字理解＋3段階命令＋書字］、追跡時 MMSE［場所見当識＋記銘＋遅延再生＋読字理解＋3段階命令＋図形模写］、追跡時 MMSE［場所見当識＋記銘＋遅延再生＋3段階命令＋書字＋図形模写］、追跡時 MMSE［場所見当識＋物品呼称＋遅延再生＋読字理解＋3段階命令＋書字＋図形模写］
M_MMSE部分集合(k=8),追跡時 MMSE［場所見当識＋物品呼称＋記銘＋遅延再生＋読字理解＋3段階命令＋書字＋図形模写］,MWU（完全並べ替え）,5,9,"16［15, 17］","16［14, 18］",15、16、16、16、17,14、15、15、16、16、16、16、16、18,26.5,0.6223776223776224,0.178,0.589,332,11,0.004,,1.0,1.0,
M_MMSE部分集合(k=7),追跡時 MMSE［場所見当識＋物品呼称＋記銘＋遅延再生＋読字理解＋3段階命令＋書字］,MWU（完全並べ替え）,5,9,"15［14, 16］","15［13, 17］",14、15、15、15、16,13、14、14、15、15、15、15、15、17,26.5,0.6223776223776224,0.178,0.589,332,11,0.004,,1.0,1.0,追跡時 MMSE［場所見当識＋物品呼称＋記銘＋遅延再生＋読字理解＋3段階命令＋図形模写］、追跡時 MMSE［場所見当識＋物品呼称＋記銘＋遅延再生＋3段階命令＋書字＋図形模写］
M_MMSE部分集合(k=6),追跡時 MMSE［場所見当識＋物品呼称＋記銘＋遅延再生＋読字理解＋3段階命令］,MWU（完全並べ替え）,5,9,"14［13, 15］","14［12, 16］",13、14、14、14、15,12、13、13、14、14、14、14、14、16,26.5,0.6223776223776224,0.178,0.589,332,11,0.004,,1.0,1.0,追跡時 MMSE［場所見当識＋物品呼称＋記銘＋遅延再生＋3段階命令＋書字］、追跡時 MMSE［場所見当識＋物品呼称＋記銘＋遅延再生＋3段階命令＋図形模写］、追跡時 MMSE［場所見当識＋記銘＋遅延再生＋読字理解＋3段階命令＋書字＋図形模写］
M_MMSE部分集合(k=4),追跡時 MMSE［場所見当識＋物品呼称＋遅延再生＋3段階命令］,MWU（完全並べ替え）,5,9,"10［9, 11］","10［8, 12］",9、10、10、10、11,8、9、9、10、10、10、10、10、12,26.5,0.6223776223776224,0.178,0.589,332,11,0.004,,1.0,1.0,追跡時 MMSE［場所見当識＋遅延再生＋読字理解＋3段階命令＋書字］、追跡時 MMSE［場所見当識＋遅延再生＋読字理解＋3段階命令＋図形模写］、追跡時 MMSE［場所見当識＋遅延再生＋3段階命令＋書字＋図形模写］
M_MMSE部分集合(k=4),追跡時 MMSE［場所見当識＋記銘＋遅延再生＋3段階命令］,MWU（完全並べ替え）,5,9,"11［10, 12］","11［9, 13］",10、11、11、11、12,9、10、10、11、11、11、11、11、13,26.5,0.6223776223776224,0.178,0.589,332,11,0.004,,1.0,1.0,追跡時 MMSE［場所見当識＋物品呼称＋遅延再生＋読字理解＋3段階命令］、追跡時 MMSE［場所見当識＋物品呼称＋遅延再生＋3段階命令＋書字］、追跡時 MMSE［場所見当識＋物品呼称＋遅延再生＋3段階命令＋図形模写］、追跡時 MMSE［場所見当識＋遅延再生＋読字理解＋3段階命令＋書字＋図形模写］
M_MMSE部分集合(k=5),追跡時 MMSE［場所見当識＋記銘＋遅延再生＋読字理解＋3段階命令］,MWU（完全並べ替え）,5,9,"12［11, 13］","12［10, 14］",11、12、12、12、13,10、11、11、12、12、12、12、12、14,26.5,0.6223776223776224,0.178,0.589,332,11,0.004,,1.0,1.0,追跡時 MMSE［場所見当識＋記銘＋遅延再生＋3段階命令＋書字］ ほか4件
M_MMSE部分集合(k=3),追跡時 MMSE［場所見当識＋遅延再生＋3段階命令］,MWU（完全並べ替え）,5,9,"8［7, 9］","8［6, 10］",7、8、8、8、9,6、7、7、8、8、8、8、8、10,26.5,0.6223776223776224,0.178,0.589,332,11,0.004,,1.0,1.0,
M_MMSE部分集合(k=4),追跡時 MMSE［場所見当識＋遅延再生＋読字理解＋3段階命令］,MWU（完全並べ替え）,5,9,"9［8, 10］","9［7, 11］",8、9、9、9、10,7、8、8、9、9、9、9、9、11,26.5,0.6223776223776224,0.178,0.589,332,11,0.004,,1.0,1.0,追跡時 MMSE［場所見当識＋遅延再生＋3段階命令＋書字］、追跡時 MMSE［場所見当識＋遅延再生＋3段階命令＋図形模写］
M_MMSE部分集合(k=5),初回 MMSE［場所見当識＋注意計算＋遅延再生＋復唱＋図形模写］,MWU（完全並べ替え）,5,9,"10［9, 13］","11［9, 13］",9、9、10、12、13,9、10、10、11、11、11、12、12、13,18.5,0.6268731268731269,-0.178,0.411,332,14,0.0005,,1.0,1.0,
M_MMSE部分集合(k=6),初回 MMSE［場所見当識＋注意計算＋遅延再生＋復唱＋読字理解＋図形模写］,MWU（完全並べ替え）,5,9,"11［10, 14］","12［10, 14］",10、10、11、13、14,10、11、11、12、12、12、13、13、14,18.5,0.6268731268731269,-0.178,0.411,332,14,0.0005,,1.0,1.0,初回 MMSE［場所見当識＋注意計算＋遅延再生＋復唱＋書字＋図形模写］
M_MMSE部分集合(k=6),初回 MMSE［場所見当識＋物品呼称＋注意計算＋遅延再生＋復唱＋図形模写］,MWU（完全並べ替え）,5,9,"12［11, 15］","13［11, 15］",11、11、12、14、15,11、12、12、13、13、13、14、14、15,18.5,0.6268731268731269,-0.178,0.411,332,14,0.0005,,1.0,1.0,初回 MMSE［場所見当識＋注意計算＋遅延再生＋復唱＋読字理解＋書字＋図形模写］
M_MMSE部分集合(k=7),初回 MMSE［場所見当識＋物品呼称＋注意計算＋遅延再生＋復唱＋読字理解＋図形模写］,MWU（完全並べ替え）,5,9,"13［12, 16］","14［12, 16］",12、12、13、15、16,12、13、13、14、14、14、15、15、16,18.5,0.6268731268731269,-0.178,0.411,332,14,0.0005,,1.0,1.0,初回 MMSE［場所見当識＋物品呼称＋注意計算＋遅延再生＋復唱＋書字＋図形模写］
M_MMSE部分集合(k=8),初回 MMSE［場所見当識＋物品呼称＋注意計算＋遅延再生＋復唱＋読字理解＋書字＋図形模写］,MWU（完全並べ替え）,5,9,"14［13, 17］","15［13, 17］",13、13、14、16、17,13、14、14、15、15、15、16、16、17,18.5,0.6268731268731269,-0.178,0.411,332,14,0.0005,,1.0,1.0,
M_MMSE部分集合(k=4),初回 MMSE［時間見当識＋場所見当識＋復唱＋3段階命令］,MWU（完全並べ替え）,5,9,"13［10, 14］","12［10, 14］",10、11、13、14、14,10、11、11、12、12、12、13、13、14,26.5,0.6268731268731269,0.178,0.589,332,14,0.0005,,1.0,1.0,
M_MMSE部分集合(k=5),初回 MMSE［時間見当識＋場所見当識＋復唱＋読字理解＋3段階命令］,MWU（完全並べ替え）,5,9,"14［11, 15］","13［11, 15］",11、12、14、15、15,11、12、12、13、13、13、14、14、15,26.5,0.6268731268731269,0.178,0.589,332,14,0.0005,,1.0,1.0,初回 MMSE［時間見当識＋場所見当識＋復唱＋3段階命令＋書字］
M_MMSE部分集合(k=5),初回 MMSE［時間見当識＋場所見当識＋物品呼称＋復唱＋3段階命令］,MWU（完全並べ替え）,5,9,"15［12, 16］","14［12, 16］",12、13、15、16、16,12、13、13、14、14、14、15、15、16,26.5,0.6268731268731269,0.178,0.589,332,14,0.0005,,1.0,1.0,初回 MMSE［時間見当識＋場所見当識＋復唱＋読字理解＋3段階命令＋書字］
M_MMSE部分集合(k=7),初回 MMSE［時間見当識＋場所見当識＋物品呼称＋復唱＋読字理解＋3段階命令＋書字］,MWU（完全並べ替え）,5,9,"17［14, 18］","16［14, 18］",14、15、17、18、18,14、15、15、16、16、16、17、17、18,26.5,0.6268731268731269,0.178,0.589,332,14,0.0005,,1.0,1.0,
M_MMSE部分集合(k=6),初回 MMSE［時間見当識＋場所見当識＋物品呼称＋復唱＋読字理解＋3段階命令］,MWU（完全並べ替え）,5,9,"16［13, 17］","15［13, 17］",13、14、16、17、17,13、14、14、15、15、15、16、16、17,26.5,0.6268731268731269,0.178,0.589,332,14,0.0005,,1.0,1.0,初回 MMSE［時間見当識＋場所見当識＋物品呼称＋復唱＋3段階命令＋書字］
M_MMSE部分集合(k=8),初回 MMSE［時間見当識＋場所見当識＋物品呼称＋記銘＋注意計算＋遅延再生＋読字理解＋書字］,MWU（完全並べ替え）,5,9,"19［17, 23］","20［17, 24］",17、19、19、20、23,17、17、19、20、20、20、21、22、24,18.5,0.6268731268731269,-0.178,0.411,332,10,0.0015,,1.0,1.0,
M_MMSE部分集合(k=7),初回 MMSE［時間見当識＋場所見当識＋物品呼称＋記銘＋注意計算＋遅延再生＋読字理解］,MWU（完全並べ替え）,5,9,"18［16, 22］","19［16, 23］",16、18、18、19、22,16、16、18、19、19、19、20、21、23,18.5,0.6268731268731269,-0.178,0.411,332,10,0.0015,,1.0,1.0,初回 MMSE［時間見当識＋場所見当識＋物品呼称＋記銘＋注意計算＋遅延再生＋書字］
M_MMSE部分集合(k=6),初回 MMSE［時間見当識＋場所見当識＋物品呼称＋記銘＋注意計算＋遅延再生］,MWU（完全並べ替え）,5,9,"17［15, 21］","18［15, 22］",15、17、17、18、21,15、15、17、18、18、18、19、20、22,18.5,0.6268731268731269,-0.178,0.411,332,10,0.0015,,1.0,1.0,初回 MMSE［時間見当識＋場所見当識＋記銘＋注意計算＋遅延再生＋読字理解＋書字］
M_MMSE部分集合(k=6),初回 MMSE［時間見当識＋場所見当識＋記銘＋注意計算＋遅延再生＋読字理解］,MWU（完全並べ替え）,5,9,"16［14, 20］","17［14, 21］",14、16、16、17、20,14、14、16、17、17、17、18、19、21,18.5,0.6268731268731269,-0.178,0.411,332,10,0.0015,,1.0,1.0,初回 MMSE［時間見当識＋場所見当識＋記銘＋注意計算＋遅延再生＋書字］
M_MMSE部分集合(k=5),初回 MMSE［時間見当識＋場所見当識＋記銘＋注意計算＋遅延再生］,MWU（完全並べ替え）,5,9,"15［13, 19］","16［13, 20］",13、15、15、16、19,13、13、15、16、16、16、17、18、20,18.5,0.6268731268731269,-0.178,0.411,332,10,0.0015,,1.0,1.0,
M2_下位項目の差,Δ CDR［記憶−地域社会の活動］,MWU（完全並べ替え）,5,9,"0［0, 0.5］","0［-0.5, 0.5］",0、0、0、0、0.5,-0.5、-0.5、0、0、0、0、0、0、0.5,28.5,0.6293706293706294,0.267,0.633,148,14,0.11988,,1.0,1.0,
M_CDR部分集合(k=3),追跡時 CDR［見当識＋判断力・問題解決＋家庭・趣味］,MWU（完全並べ替え）,5,9,"1［0.5, 2.5］","1.5［1, 2］",0.5、1、1、1.5、2.5,1、1、1、1、1.5、1.5、1.5、2、2,18.5,0.6293706293706294,-0.178,0.411,332,12,0.003,,1.0,1.0,
M_MMSE部分集合(k=5),追跡時 MMSE［物品呼称＋記銘＋遅延再生＋復唱＋3段階命令］,MWU（完全並べ替え）,5,9,"9［9, 10］","9［8, 12］",9、9、9、9、10,8、8、9、9、9、9、9、9、12,28.0,0.6293706293706294,0.244,0.622,176,12,0.11988,,1.0,1.0,追跡時 MMSE［記銘＋遅延再生＋復唱＋読字理解＋3段階命令＋書字］、追跡時 MMSE［記銘＋遅延再生＋復唱＋読字理解＋3段階命令＋図形模写］、追跡時 MMSE［記銘＋遅延再生＋復唱＋3段階命令＋書字＋図形模写］、追跡時 MMSE［物品呼称＋遅延再生＋復唱＋読字理解＋3段階命令＋書字＋図形模写］
M_MMSE部分集合(k=8),追跡時 MMSE［物品呼称＋記銘＋遅延再生＋復唱＋読字理解＋3段階命令＋書字＋図形模写］,MWU（完全並べ替え）,5,9,"12［12, 13］","12［11, 15］",12、12、12、12、13,11、11、12、12、12、12、12、12、15,28.0,0.6293706293706294,0.244,0.622,176,12,0.11988,,1.0,1.0,
M_MMSE部分集合(k=7),追跡時 MMSE［物品呼称＋記銘＋遅延再生＋復唱＋読字理解＋3段階命令＋書字］,MWU（完全並べ替え）,5,9,"11［11, 12］","11［10, 14］",11、11、11、11、12,10、10、11、11、11、11、11、11、14,28.0,0.6293706293706294,0.244,0.622,176,12,0.11988,,1.0,1.0,追跡時 MMSE［物品呼称＋記銘＋遅延再生＋復唱＋読字理解＋3段階命令＋図形模写］、追跡時 MMSE［物品呼称＋記銘＋遅延再生＋復唱＋3段階命令＋書字＋図形模写］
M_MMSE部分集合(k=6),追跡時 MMSE［物品呼称＋記銘＋遅延再生＋復唱＋読字理解＋3段階命令］,MWU（完全並べ替え）,5,9,"10［10, 11］","10［9, 13］",10、10、10、10、11,9、9、10、10、10、10、10、10、13,28.0,0.6293706293706294,0.244,0.622,176,12,0.11988,,1.0,1.0,追跡時 MMSE［物品呼称＋記銘＋遅延再生＋復唱＋3段階命令＋書字］、追跡時 MMSE［物品呼称＋記銘＋遅延再生＋復唱＋3段階命令＋図形模写］、追跡時 MMSE［記銘＋遅延再生＋復唱＋読字理解＋3段階命令＋書字＋図形模写］
M_MMSE部分集合(k=4),追跡時 MMSE［物品呼称＋遅延再生＋復唱＋3段階命令］,MWU（完全並べ替え）,5,9,"6［6, 7］","6［5, 9］",6、6、6、6、7,5、5、6、6、6、6、6、6、9,28.0,0.6293706293706294,0.244,0.622,176,12,0.11988,,1.0,1.0,追跡時 MMSE［遅延再生＋復唱＋読字理解＋3段階命令＋書字］、追跡時 MMSE［遅延再生＋復唱＋読字理解＋3段階命令＋図形模写］、追跡時 MMSE［遅延再生＋復唱＋3段階命令＋書字＋図形模写］
M_MMSE部分集合(k=4),追跡時 MMSE［記銘＋遅延再生＋復唱＋3段階命令］,MWU（完全並べ替え）,5,9,"7［7, 8］","7［6, 10］",7、7、7、7、8,6、6、7、7、7、7、7、7、10,28.0,0.6293706293706294,0.244,0.622,176,12,0.11988,,1.0,1.0,追跡時 MMSE［物品呼称＋遅延再生＋復唱＋読字理解＋3段階命令］、追跡時 MMSE［物品呼称＋遅延再生＋復唱＋3段階命令＋書字］、追跡時 MMSE［物品呼称＋遅延再生＋復唱＋3段階命令＋図形模写］、追跡時 MMSE［遅延再生＋復唱＋読字理解＋3段階命令＋書字＋図形模写］
M_MMSE部分集合(k=5),追跡時 MMSE［記銘＋遅延再生＋復唱＋読字理解＋3段階命令］,MWU（完全並べ替え）,5,9,"8［8, 9］","8［7, 11］",8、8、8、8、9,7、7、8、8、8、8、8、8、11,28.0,0.6293706293706294,0.244,0.622,176,12,0.11988,,1.0,1.0,追跡時 MMSE［記銘＋遅延再生＋復唱＋3段階命令＋書字］ ほか4件
M_MMSE部分集合(k=3),追跡時 MMSE［遅延再生＋復唱＋3段階命令］,MWU（完全並べ替え）,5,9,"4［4, 5］","4［3, 7］",4、4、4、4、5,3、3、4、4、4、4、4、4、7,28.0,0.6293706293706294,0.244,0.622,176,12,0.11988,,1.0,1.0,
M_MMSE部分集合(k=4),追跡時 MMSE［遅延再生＋復唱＋読字理解＋3段階命令］,MWU（完全並べ替え）,5,9,"5［5, 6］","5［4, 8］",5、5、5、5、6,4、4、5、5、5、5、5、5、8,28.0,0.6293706293706294,0.244,0.622,176,12,0.11988,,1.0,1.0,追跡時 MMSE［遅延再生＋復唱＋3段階命令＋書字］、追跡時 MMSE［遅延再生＋復唱＋3段階命令＋図形模写］
L_固定時点(12か月),12か月 MMSE 時間見当識,MWU（完全並べ替え）,3,6,"5［2, 5］","4［2, 5］",2、5、5,2、3、4、4、4、5,11.5,0.6309523809523809,0.278,0.639,136,8,0.02381,,1.0,1.0,
L_固定時点(12か月),12か月 ΔCDR-SB,MWU（完全並べ替え）,3,6,"0.5［0, 2］","1［0, 2］",0、0.5、2,0、1、1、1、2、2,6.5,0.6309523809523809,-0.278,0.361,136,8,0.02381,,1.0,1.0,
M_MMSE部分集合(k=8),初回 MMSE［場所見当識＋物品呼称＋記銘＋注意計算＋遅延再生＋復唱＋3段階命令＋図形模写］,MWU（完全並べ替え）,5,9,"17［17, 21］","19［17, 21］",17、17、17、20、21,17、17、18、18、19、19、20、20、21,18.5,0.6313686313686314,-0.178,0.411,332,14,0.001,,1.0,1.0,初回 MMSE［場所見当識＋記銘＋注意計算＋遅延再生＋復唱＋読字理解＋3段階命令＋書字＋図形模写］
M_MMSE部分集合(k=9),初回 MMSE［場所見当識＋物品呼称＋記銘＋注意計算＋遅延再生＋復唱＋読字理解＋3段階命令＋図形模写］,MWU（完全並べ替え）,5,9,"18［18, 22］","20［18, 22］",18、18、18、21、22,18、18、19、19、20、20、21、21、22,18.5,0.6313686313686314,-0.178,0.411,332,14,0.001,,1.0,1.0,初回 MMSE［場所見当識＋物品呼称＋記銘＋注意計算＋遅延再生＋復唱＋3段階命令＋書字＋図形模写］
M_MMSE部分集合(k=10),初回 MMSE［場所見当識＋物品呼称＋記銘＋注意計算＋遅延再生＋復唱＋読字理解＋3段階命令＋書字＋図形模写］,MWU（完全並べ替え）,5,9,"19［19, 23］","21［19, 23］",19、19、19、22、23,19、19、20、20、21、21、22、22、23,18.5,0.6313686313686314,-0.178,0.411,332,14,0.001,,1.0,1.0,
M_MMSE部分集合(k=7),初回 MMSE［場所見当識＋記銘＋注意計算＋遅延再生＋復唱＋3段階命令＋図形模写］,MWU（完全並べ替え）,5,9,"15［15, 19］","17［15, 19］",15、15、15、18、19,15、15、16、16、17、17、18、18、19,18.5,0.6313686313686314,-0.178,0.411,332,14,0.001,,1.0,1.0,
M_MMSE部分集合(k=8),初回 MMSE［場所見当識＋記銘＋注意計算＋遅延再生＋復唱＋読字理解＋3段階命令＋図形模写］,MWU（完全並べ替え）,5,9,"16［16, 20］","18［16, 20］",16、16、16、19、20,16、16、17、17、18、18、19、19、20,18.5,0.6313686313686314,-0.178,0.411,332,14,0.001,,1.0,1.0,初回 MMSE［場所見当識＋記銘＋注意計算＋遅延再生＋復唱＋3段階命令＋書字＋図形模写］
M2_下位項目の差,初回 MMSE［注意計算−3段階命令］,MWU（完全並べ替え）,5,9,"1［-2, 2］","2［0, 3］",-2、1、1、2、2,0、0、0、1、2、2、2、2、3,19.0,0.6313686313686314,-0.156,0.422,433,12,0.0015,,1.0,1.0,
M2_下位項目の差,初回 MMSE［注意計算−図形模写］,MWU（完全並べ替え）,5,9,"3［0, 4］","4［2, 5］",0、3、3、4、4,2、2、2、3、4、4、4、4、5,19.0,0.6313686313686314,-0.156,0.422,433,12,0.0015,,1.0,1.0,
M2_下位項目の差,Δ MMSE［時間見当識−図形模写］,MWU（完全並べ替え）,5,9,"-1［-3, 0］","-1［-1, 2］",-3、-1、-1、0、0,-1、-1、-1、-1、-1、0、0、0、2,18.0,0.6328671328671329,-0.2,0.4,262,12,0.0025,,1.0,1.0,
M2_下位項目の差,初回 CDR［見当識−家庭・趣味］,MWU（完全並べ替え）,5,9,"0［-0.5, 0.5］","0［-0.5, 0.5］",-0.5、0、0、0、0.5,-0.5、-0.5、0、0、0、0.5、0.5、0.5、0.5,18.5,0.6328671328671329,-0.178,0.411,332,14,0.0005,,1.0,1.0,
M_MMSE部分集合(k=5),Δ MMSE［時間見当識＋場所見当識＋注意計算＋遅延再生＋図形模写］,MWU（完全並べ替え）,5,9,"0［-2, 3］","-1［-4, 3］",-2、-1、0、0、3,-4、-2、-2、-1、-1、0、0、1、3,26.5,0.6338661338661339,0.178,0.589,332,12,0.0015,,1.0,1.0,Δ MMSE［時間見当識＋場所見当識＋物品呼称＋注意計算＋遅延再生＋図形模写］ ほか14件
M_MMSE部分集合(k=8),初回 MMSE［時間見当識＋物品呼称＋記銘＋注意計算＋遅延再生＋復唱＋3段階命令＋図形模写］,MWU（完全並べ替え）,5,9,"18［17, 21］","18［16, 22］",17、17、18、19、21,16、16、16、17、18、18、19、20、22,26.5,0.6343656343656343,0.178,0.589,332,11,0.0005,,1.0,1.0,初回 MMSE［時間見当識＋記銘＋注意計算＋遅延再生＋復唱＋読字理解＋3段階命令＋書字＋図形模写］
M_MMSE部分集合(k=9),初回 MMSE［時間見当識＋物品呼称＋記銘＋注意計算＋遅延再生＋復唱＋読字理解＋3段階命令＋図形模写］,MWU（完全並べ替え）,5,9,"19［18, 22］","19［17, 23］",18、18、19、20、22,17、17、17、18、19、19、20、21、23,26.5,0.6343656343656343,0.178,0.589,332,11,0.0005,,1.0,1.0,初回 MMSE［時間見当識＋物品呼称＋記銘＋注意計算＋遅延再生＋復唱＋3段階命令＋書字＋図形模写］
M_MMSE部分集合(k=10),初回 MMSE［時間見当識＋物品呼称＋記銘＋注意計算＋遅延再生＋復唱＋読字理解＋3段階命令＋書字＋図形模写］,MWU（完全並べ替え）,5,9,"20［19, 23］","20［18, 24］",19、19、20、21、23,18、18、18、19、20、20、21、22、24,26.5,0.6343656343656343,0.178,0.589,332,11,0.0005,,1.0,1.0,
M_MMSE部分集合(k=7),初回 MMSE［時間見当識＋記銘＋注意計算＋遅延再生＋復唱＋3段階命令＋図形模写］,MWU（完全並べ替え）,5,9,"16［15, 19］","16［14, 20］",15、15、16、17、19,14、14、14、15、16、16、17、18、20,26.5,0.6343656343656343,0.178,0.589,332,11,0.0005,,1.0,1.0,
M_MMSE部分集合(k=8),初回 MMSE［時間見当識＋記銘＋注意計算＋遅延再生＋復唱＋読字理解＋3段階命令＋図形模写］,MWU（完全並べ替え）,5,9,"17［16, 20］","17［15, 21］",16、16、17、18、20,15、15、15、16、17、17、18、19、21,26.5,0.6343656343656343,0.178,0.589,332,11,0.0005,,1.0,1.0,初回 MMSE［時間見当識＋記銘＋注意計算＋遅延再生＋復唱＋3段階命令＋書字＋図形模写］
E_合成指標,追跡時 CDR 認知3領域計（記憶＋見当識＋判断力・問題解決）,MWU（完全並べ替え）,5,9,"1.5［0.5, 2.5］","1.5［1, 2.5］",0.5、1、1.5、2、2.5,1、1.5、1.5、1.5、1.5、2、2、2、2.5,18.5,0.6348651348651349,-0.178,0.411,332,13,0.002,,1.0,1.0,追跡時 CDR［記憶＋見当識＋判断力・問題解決］
M_CDR部分集合(k=2),追跡時 CDR［見当識＋地域社会の活動］,MWU（完全並べ替え）,5,9,"0.5［0, 2］","1［0, 1.5］",0、0.5、0.5、1、2,0、0.5、0.5、1、1、1、1、1.5、1.5,18.5,0.6348651348651349,-0.178,0.411,332,13,0.002,,1.0,1.0,
M_MMSE部分集合(k=2),初回 MMSE［時間見当識＋図形模写］,MWU（完全並べ替え）,5,9,"6［4, 6］","5［2, 6］",4、4、6、6、6,2、3、4、4、5、6、6、6、6,27.0,0.6363636363636364,0.2,0.6,262,11,0.002,,1.0,1.0,
M_MMSE部分集合(k=3),初回 MMSE［時間見当識＋物品呼称＋図形模写］,MWU（完全並べ替え）,5,9,"8［6, 8］","7［4, 8］",6、6、8、8、8,4、5、6、6、7、8、8、8、8,27.0,0.6363636363636364,0.2,0.6,262,11,0.002,,1.0,1.0,初回 MMSE［時間見当識＋読字理解＋書字＋図形模写］
M_MMSE部分集合(k=4),初回 MMSE［時間見当識＋物品呼称＋読字理解＋図形模写］,MWU（完全並べ替え）,5,9,"9［7, 9］","8［5, 9］",7、7、9、9、9,5、6、7、7、8、9、9、9、9,27.0,0.6363636363636364,0.2,0.6,262,11,0.002,,1.0,1.0,初回 MMSE［時間見当識＋物品呼称＋書字＋図形模写］
M_MMSE部分集合(k=5),初回 MMSE［時間見当識＋物品呼称＋読字理解＋書字＋図形模写］,MWU（完全並べ替え）,5,9,"10［8, 10］","9［6, 10］",8、8、10、10、10,6、7、8、8、9、10、10、10、10,27.0,0.6363636363636364,0.2,0.6,262,11,0.002,,1.0,1.0,
M_MMSE部分集合(k=3),初回 MMSE［時間見当識＋読字理解＋図形模写］,MWU（完全並べ替え）,5,9,"7［5, 7］","6［3, 7］",5、5、7、7、7,3、4、5、5、6、7、7、7、7,27.0,0.6363636363636364,0.2,0.6,262,11,0.002,,1.0,1.0,初回 MMSE［時間見当識＋書字＋図形模写］
M_MMSE部分集合(k=5),初回 MMSE［場所見当識＋注意計算＋遅延再生＋復唱＋3段階命令］,MWU（完全並べ替え）,5,9,"12［11, 15］","13［11, 15］",11、11、12、14、15,11、12、12、12、13、14、14、14、15,18.5,0.6368631368631369,-0.178,0.411,332,13,0.002,,1.0,1.0,
M_MMSE部分集合(k=6),初回 MMSE［場所見当識＋注意計算＋遅延再生＋復唱＋読字理解＋3段階命令］,MWU（完全並べ替え）,5,9,"13［12, 16］","14［12, 16］",12、12、13、15、16,12、13、13、13、14、15、15、15、16,18.5,0.6368631368631369,-0.178,0.411,332,13,0.002,,1.0,1.0,初回 MMSE［場所見当識＋注意計算＋遅延再生＋復唱＋3段階命令＋書字］
M_MMSE部分集合(k=6),初回 MMSE［場所見当識＋物品呼称＋注意計算＋遅延再生＋復唱＋3段階命令］,MWU（完全並べ替え）,5,9,"14［13, 17］","15［13, 17］",13、13、14、16、17,13、14、14、14、15、16、16、16、17,18.5,0.6368631368631369,-0.178,0.411,332,13,0.002,,1.0,1.0,初回 MMSE［場所見当識＋注意計算＋遅延再生＋復唱＋読字理解＋3段階命令＋書字］
M_MMSE部分集合(k=8),初回 MMSE［場所見当識＋物品呼称＋注意計算＋遅延再生＋復唱＋読字理解＋3段階命令＋書字］,MWU（完全並べ替え）,5,9,"16［15, 19］","17［15, 19］",15、15、16、18、19,15、16、16、16、17、18、18、18、19,18.5,0.6368631368631369,-0.178,0.411,332,13,0.002,,1.0,1.0,
M_MMSE部分集合(k=7),初回 MMSE［場所見当識＋物品呼称＋注意計算＋遅延再生＋復唱＋読字理解＋3段階命令］,MWU（完全並べ替え）,5,9,"15［14, 18］","16［14, 18］",14、14、15、17、18,14、15、15、15、16、17、17、17、18,18.5,0.6368631368631369,-0.178,0.411,332,13,0.002,,1.0,1.0,初回 MMSE［場所見当識＋物品呼称＋注意計算＋遅延再生＋復唱＋3段階命令＋書字］
M2_下位項目の差,Δ CDR［記憶−判断力・問題解決］,MWU（完全並べ替え）,5,9,"0［0, 0.5］","0［-0.5, 0.5］",0、0、0、0.5、0.5,-0.5、0、0、0、0、0、0、0.5、0.5,28.0,0.6403596403596403,0.244,0.622,176,13,0.0045,,1.0,1.0,
M_MMSE部分集合(k=2),Δ MMSE［遅延再生＋図形模写］,MWU（完全並べ替え）,5,9,"0［-1, 0］","0［-1, 1］",-1、-1、0、0、0,-1、-1、0、0、0、0、0、0、1,17.0,0.6403596403596403,-0.244,0.378,176,13,0.0045,,1.0,1.0,Δ MMSE［物品呼称＋遅延再生＋図形模写］ ほか14件
M_MMSE部分集合(k=2),Δ MMSE［遅延再生＋復唱］,MWU（完全並べ替え）,5,9,"0［-1, 0］","0［-1, 1］",-1、-1、0、0、0,-1、-1、0、0、0、0、0、0、1,17.0,0.6403596403596403,-0.244,0.378,176,13,0.0045,,1.0,1.0,Δ MMSE［物品呼称＋遅延再生＋復唱］ ほか14件
M_MMSE部分集合(k=4),初回 MMSE［場所見当識＋注意計算＋復唱＋3段階命令］,MWU（完全並べ替え）,5,9,"12［10, 14］","12［11, 14］",10、11、12、13、14,11、11、12、12、12、12、14、14、14,18.5,0.6413586413586414,-0.178,0.411,332,12,0.0005,,1.0,1.0,
M_MMSE部分集合(k=5),初回 MMSE［場所見当識＋注意計算＋復唱＋読字理解＋3段階命令］,MWU（完全並べ替え）,5,9,"13［11, 15］","13［12, 15］",11、12、13、14、15,12、12、13、13、13、13、15、15、15,18.5,0.6413586413586414,-0.178,0.411,332,12,0.0005,,1.0,1.0,初回 MMSE［場所見当識＋注意計算＋復唱＋3段階命令＋書字］
M_MMSE部分集合(k=5),初回 MMSE［場所見当識＋物品呼称＋注意計算＋復唱＋3段階命令］,MWU（完全並べ替え）,5,9,"14［12, 16］","14［13, 16］",12、13、14、15、16,13、13、14、14、14、14、16、16、16,18.5,0.6413586413586414,-0.178,0.411,332,12,0.0005,,1.0,1.0,初回 MMSE［場所見当識＋注意計算＋復唱＋読字理解＋3段階命令＋書字］
M_MMSE部分集合(k=7),初回 MMSE［場所見当識＋物品呼称＋注意計算＋復唱＋読字理解＋3段階命令＋書字］,MWU（完全並べ替え）,5,9,"16［14, 18］","16［15, 18］",14、15、16、17、18,15、15、16、16、16、16、18、18、18,18.5,0.6413586413586414,-0.178,0.411,332,12,0.0005,,1.0,1.0,
M_MMSE部分集合(k=6),初回 MMSE［場所見当識＋物品呼称＋注意計算＋復唱＋読字理解＋3段階命令］,MWU（完全並べ替え）,5,9,"15［13, 17］","15［14, 17］",13、14、15、16、17,14、14、15、15、15、15、17、17、17,18.5,0.6413586413586414,-0.178,0.411,332,12,0.0005,,1.0,1.0,初回 MMSE［場所見当識＋物品呼称＋注意計算＋復唱＋3段階命令＋書字］
L_固定時点(12か月),12か月 CDR 家庭・趣味,MWU（完全並べ替え）,3,6,"0［0, 1］","0.5［0, 0.5］",0、0、1,0、0.5、0.5、0.5、0.5、0.5,7.0,0.6428571428571429,-0.222,0.389,212,8,0.0119,,1.0,1.0,
M_MMSE部分集合(k=4),初回 MMSE［物品呼称＋記銘＋遅延再生＋3段階命令］,MWU（完全並べ替え）,5,9,"9［7, 9］","8［7, 11］",7、8、9、9、9,7、7、8、8、8、8、9、9、11,26.0,0.6428571428571429,0.156,0.578,433,13,0.0025,,1.0,1.0,初回 MMSE［記銘＋遅延再生＋読字理解＋3段階命令＋書字］
M_MMSE部分集合(k=4),初回 MMSE［物品呼称＋記銘＋遅延再生＋図形模写］,MWU（完全並べ替え）,5,9,"7［5, 7］","6［5, 9］",5、6、7、7、7,5、5、6、6、6、6、7、7、9,26.0,0.6428571428571429,0.156,0.578,433,13,0.0025,,1.0,1.0,初回 MMSE［記銘＋遅延再生＋読字理解＋書字＋図形模写］
M_MMSE部分集合(k=6),初回 MMSE［物品呼称＋記銘＋遅延再生＋読字理解＋3段階命令＋書字］,MWU（完全並べ替え）,5,9,"11［9, 11］","10［9, 13］",9、10、11、11、11,9、9、10、10、10、10、11、11、13,26.0,0.6428571428571429,0.156,0.578,433,13,0.0025,,1.0,1.0,
M_MMSE部分集合(k=5),初回 MMSE［物品呼称＋記銘＋遅延再生＋読字理解＋3段階命令］,MWU（完全並べ替え）,5,9,"10［8, 10］","9［8, 12］",8、9、10、10、10,8、8、9、9、9、9、10、10、12,26.0,0.6428571428571429,0.156,0.578,433,13,0.0025,,1.0,1.0,初回 MMSE［物品呼称＋記銘＋遅延再生＋3段階命令＋書字］
M_MMSE部分集合(k=5),初回 MMSE［物品呼称＋記銘＋遅延再生＋読字理解＋図形模写］,MWU（完全並べ替え）,5,9,"8［6, 8］","7［6, 10］",6、7、8、8、8,6、6、7、7、7、7、8、8、10,26.0,0.6428571428571429,0.156,0.578,433,13,0.0025,,1.0,1.0,初回 MMSE［物品呼称＋記銘＋遅延再生＋書字＋図形模写］
M_MMSE部分集合(k=6),初回 MMSE［物品呼称＋記銘＋遅延再生＋読字理解＋書字＋図形模写］,MWU（完全並べ替え）,5,9,"9［7, 9］","8［7, 11］",7、8、9、9、9,7、7、8、8、8、8、9、9、11,26.0,0.6428571428571429,0.156,0.578,433,13,0.0025,,1.0,1.0,
M_MMSE部分集合(k=3),初回 MMSE［記銘＋遅延再生＋3段階命令］,MWU（完全並べ替え）,5,9,"7［5, 7］","6［5, 9］",5、6、7、7、7,5、5、6、6、6、6、7、7、9,26.0,0.6428571428571429,0.156,0.578,433,13,0.0025,,1.0,1.0,
M_MMSE部分集合(k=3),初回 MMSE［記銘＋遅延再生＋図形模写］,MWU（完全並べ替え）,5,9,"5［3, 5］","4［3, 7］",3、4、5、5、5,3、3、4、4、4、4、5、5、7,26.0,0.6428571428571429,0.156,0.578,433,13,0.0025,,1.0,1.0,
M_MMSE部分集合(k=4),初回 MMSE［記銘＋遅延再生＋読字理解＋3段階命令］,MWU（完全並べ替え）,5,9,"8［6, 8］","7［6, 10］",6、7、8、8、8,6、6、7、7、7、7、8、8、10,26.0,0.6428571428571429,0.156,0.578,433,13,0.0025,,1.0,1.0,初回 MMSE［記銘＋遅延再生＋3段階命令＋書字］
M_MMSE部分集合(k=4),初回 MMSE［記銘＋遅延再生＋読字理解＋図形模写］,MWU（完全並べ替え）,5,9,"6［4, 6］","5［4, 8］",4、5、6、6、6,4、4、5、5、5、5、6、6、8,26.0,0.6428571428571429,0.156,0.578,433,13,0.0025,,1.0,1.0,初回 MMSE［記銘＋遅延再生＋書字＋図形模写］
L_固定時点(6か月),6か月 ΔMMSE 注意計算,MWU（完全並べ替え）,5,9,"0［-2, 4］","0［-2, 1］",-2、0、0、0、4,-2、-1、-1、0、0、0、0、0、1,26.0,0.6433566433566433,0.156,0.578,433,12,0.004,,1.0,1.0,
M_CDR部分集合(k=4),Δ CDR［判断力・問題解決＋地域社会の活動＋家庭・趣味＋身の回りの世話］,MWU（完全並べ替え）,5,9,"0［0, 1.5］","0.5［0, 2］",0、0、0、0.5、1.5,0、0、0、0、0.5、0.5、1、1.5、2,18.5,0.6433566433566433,-0.178,0.411,332,12,0.0015,,1.0,1.0,
M_MMSE部分集合(k=6),初回 MMSE［場所見当識＋注意計算＋遅延再生＋復唱＋3段階命令＋図形模写］,MWU（完全並べ替え）,5,9,"13［12, 16］","14［12, 16］",12、12、13、15、16,12、13、13、13、14、14、15、15、16,19.0,0.6448551448551448,-0.156,0.422,433,14,0.0005,,1.0,1.0,
M_MMSE部分集合(k=7),初回 MMSE［場所見当識＋注意計算＋遅延再生＋復唱＋読字理解＋3段階命令＋図形模写］,MWU（完全並べ替え）,5,9,"14［13, 17］","15［13, 17］",13、13、14、16、17,13、14、14、14、15、15、16、16、17,19.0,0.6448551448551448,-0.156,0.422,433,14,0.0005,,1.0,1.0,初回 MMSE［場所見当識＋注意計算＋遅延再生＋復唱＋3段階命令＋書字＋図形模写］
M_MMSE部分集合(k=7),初回 MMSE［場所見当識＋物品呼称＋注意計算＋遅延再生＋復唱＋3段階命令＋図形模写］,MWU（完全並べ替え）,5,9,"15［14, 18］","16［14, 18］",14、14、15、17、18,14、15、15、15、16、16、17、17、18,19.0,0.6448551448551448,-0.156,0.422,433,14,0.0005,,1.0,1.0,初回 MMSE［場所見当識＋注意計算＋遅延再生＋復唱＋読字理解＋3段階命令＋書字＋図形模写］
M_MMSE部分集合(k=8),初回 MMSE［場所見当識＋物品呼称＋注意計算＋遅延再生＋復唱＋読字理解＋3段階命令＋図形模写］,MWU（完全並べ替え）,5,9,"16［15, 19］","17［15, 19］",15、15、16、18、19,15、16、16、16、17、17、18、18、19,19.0,0.6448551448551448,-0.156,0.422,433,14,0.0005,,1.0,1.0,初回 MMSE［場所見当識＋物品呼称＋注意計算＋遅延再生＋復唱＋3段階命令＋書字＋図形模写］
M_MMSE部分集合(k=9),初回 MMSE［場所見当識＋物品呼称＋注意計算＋遅延再生＋復唱＋読字理解＋3段階命令＋書字＋図形模写］,MWU（完全並べ替え）,5,9,"17［16, 20］","18［16, 20］",16、16、17、19、20,16、17、17、17、18、18、19、19、20,19.0,0.6448551448551448,-0.156,0.422,433,14,0.0005,,1.0,1.0,
M_MMSE部分集合(k=4),初回 MMSE［時間見当識＋場所見当識＋復唱＋読字理解］,MWU（完全並べ替え）,5,9,"11［8, 12］","10［8, 12］",8、9、11、12、12,8、9、9、10、10、11、11、11、12,26.0,0.6448551448551448,0.156,0.578,433,14,0.0005,,1.0,1.0,初回 MMSE［時間見当識＋場所見当識＋復唱＋書字］
M_MMSE部分集合(k=3),初回 MMSE［時間見当識＋場所見当識＋復唱］,MWU（完全並べ替え）,5,9,"10［7, 11］","9［7, 11］",7、8、10、11、11,7、8、8、9、9、10、10、10、11,26.0,0.6448551448551448,0.156,0.578,433,14,0.0005,,1.0,1.0,
M_MMSE部分集合(k=6),初回 MMSE［時間見当識＋場所見当識＋物品呼称＋復唱＋読字理解＋書字］,MWU（完全並べ替え）,5,9,"14［11, 15］","13［11, 15］",11、12、14、15、15,11、12、12、13、13、14、14、14、15,26.0,0.6448551448551448,0.156,0.578,433,14,0.0005,,1.0,1.0,
M_MMSE部分集合(k=5),初回 MMSE［時間見当識＋場所見当識＋物品呼称＋復唱＋読字理解］,MWU（完全並べ替え）,5,9,"13［10, 14］","12［10, 14］",10、11、13、14、14,10、11、11、12、12、13、13、13、14,26.0,0.6448551448551448,0.156,0.578,433,14,0.0005,,1.0,1.0,初回 MMSE［時間見当識＋場所見当識＋物品呼称＋復唱＋書字］
M_MMSE部分集合(k=4),初回 MMSE［時間見当識＋場所見当識＋物品呼称＋復唱］,MWU（完全並べ替え）,5,9,"12［9, 13］","11［9, 13］",9、10、12、13、13,9、10、10、11、11、12、12、12、13,26.0,0.6448551448551448,0.156,0.578,433,14,0.0005,,1.0,1.0,初回 MMSE［時間見当識＋場所見当識＋復唱＋読字理解＋書字］
M_MMSE部分集合(k=3),Δ MMSE［記銘＋遅延再生＋図形模写］,MWU（完全並べ替え）,5,9,"0［-1, 1］","0［-1, 1］",-1、-1、0、0、1,-1、-1、0、0、0、0、0、1、1,19.0,0.6468531468531469,-0.156,0.422,433,14,0.0035,,1.0,1.0,Δ MMSE［物品呼称＋記銘＋遅延再生＋図形模写］ ほか14件
M_MMSE部分集合(k=3),Δ MMSE［記銘＋遅延再生＋復唱］,MWU（完全並べ替え）,5,9,"0［-1, 1］","0［-1, 1］",-1、-1、0、0、1,-1、-1、0、0、0、0、0、1、1,19.0,0.6468531468531469,-0.156,0.422,433,14,0.0035,,1.0,1.0,Δ MMSE［物品呼称＋記銘＋遅延再生＋復唱］ ほか14件
M_CDR部分集合(k=2),初回 CDR［見当識＋地域社会の活動］,MWU（完全並べ替え）,5,9,"0［0, 1］","0.5［0, 1］",0、0、0、1、1,0、0、0、0.5、0.5、0.5、1、1、1,19.5,0.6478521478521478,-0.133,0.433,589,14,0.0005,,1.0,1.0,初回 CDR［見当識＋地域社会の活動＋身の回りの世話］
M_CDR部分集合(k=3),初回 CDR［記憶＋見当識＋地域社会の活動］,MWU（完全並べ替え）,5,9,"0.5［0.5, 1.5］","1［0.5, 1.5］",0.5、0.5、0.5、1.5、1.5,0.5、0.5、0.5、1、1、1、1.5、1.5、1.5,19.5,0.6478521478521478,-0.133,0.433,589,14,0.0005,,1.0,1.0,初回 CDR［記憶＋見当識＋地域社会の活動＋身の回りの世話］
M_MMSE部分集合(k=5),初回 MMSE［時間見当識＋注意計算＋遅延再生＋復唱＋図形模写］,MWU（完全並べ替え）,5,9,"11［9, 13］","10［8, 14］",9、9、11、11、13,8、8、8、10、10、10、12、12、14,26.0,0.6493506493506493,0.156,0.578,433,12,0.0005,,1.0,1.0,
M_MMSE部分集合(k=6),初回 MMSE［時間見当識＋注意計算＋遅延再生＋復唱＋読字理解＋図形模写］,MWU（完全並べ替え）,5,9,"12［10, 14］","11［9, 15］",10、10、12、12、14,9、9、9、11、11、11、13、13、15,26.0,0.6493506493506493,0.156,0.578,433,12,0.0005,,1.0,1.0,初回 MMSE［時間見当識＋注意計算＋遅延再生＋復唱＋書字＋図形模写］
M_MMSE部分集合(k=6),初回 MMSE［時間見当識＋物品呼称＋注意計算＋遅延再生＋復唱＋図形模写］,MWU（完全並べ替え）,5,9,"13［11, 15］","12［10, 16］",11、11、13、13、15,10、10、10、12、12、12、14、14、16,26.0,0.6493506493506493,0.156,0.578,433,12,0.0005,,1.0,1.0,初回 MMSE［時間見当識＋注意計算＋遅延再生＋復唱＋読字理解＋書字＋図形模写］
M_MMSE部分集合(k=7),初回 MMSE［時間見当識＋物品呼称＋注意計算＋遅延再生＋復唱＋読字理解＋図形模写］,MWU（完全並べ替え）,5,9,"14［12, 16］","13［11, 17］",12、12、14、14、16,11、11、11、13、13、13、15、15、17,26.0,0.6493506493506493,0.156,0.578,433,12,0.0005,,1.0,1.0,初回 MMSE［時間見当識＋物品呼称＋注意計算＋遅延再生＋復唱＋書字＋図形模写］
M_MMSE部分集合(k=8),初回 MMSE［時間見当識＋物品呼称＋注意計算＋遅延再生＋復唱＋読字理解＋書字＋図形模写］,MWU（完全並べ替え）,5,9,"15［13, 17］","14［12, 18］",13、13、15、15、17,12、12、12、14、14、14、16、16、18,26.0,0.6493506493506493,0.156,0.578,433,12,0.0005,,1.0,1.0,
M_MMSE部分集合(k=4),Δ MMSE［注意計算＋遅延再生＋復唱＋図形模写］,MWU（完全並べ替え）,5,9,"0［-1, 3］","0［-3, 1］",-1、-1、0、1、3,-3、-1、-1、0、0、0、0、1、1,26.0,0.6508491508491508,0.156,0.578,433,12,0.0005,,1.0,1.0,Δ MMSE［物品呼称＋注意計算＋遅延再生＋復唱＋図形模写］ ほか14件
M_MMSE部分集合(k=8),初回 MMSE［時間見当識＋場所見当識＋物品呼称＋記銘＋注意計算＋復唱＋読字理解＋書字］,MWU（完全並べ替え）,5,9,"20［18, 23］","20［17, 23］",18、19、20、20、23,17、18、20、20、20、21、21、22、23,19.0,0.6538461538461539,-0.156,0.422,433,11,0.0005,,1.0,1.0,
M_MMSE部分集合(k=7),初回 MMSE［時間見当識＋場所見当識＋物品呼称＋記銘＋注意計算＋復唱＋読字理解］,MWU（完全並べ替え）,5,9,"19［17, 22］","19［16, 22］",17、18、19、19、22,16、17、19、19、19、20、20、21、22,19.0,0.6538461538461539,-0.156,0.422,433,11,0.0005,,1.0,1.0,初回 MMSE［時間見当識＋場所見当識＋物品呼称＋記銘＋注意計算＋復唱＋書字］
M_MMSE部分集合(k=6),初回 MMSE［時間見当識＋場所見当識＋物品呼称＋記銘＋注意計算＋復唱］,MWU（完全並べ替え）,5,9,"18［16, 21］","18［15, 21］",16、17、18、18、21,15、16、18、18、18、19、19、20、21,19.0,0.6538461538461539,-0.156,0.422,433,11,0.0005,,1.0,1.0,初回 MMSE［時間見当識＋場所見当識＋記銘＋注意計算＋復唱＋読字理解＋書字］
M_MMSE部分集合(k=6),初回 MMSE［時間見当識＋場所見当識＋記銘＋注意計算＋復唱＋読字理解］,MWU（完全並べ替え）,5,9,"17［15, 20］","17［14, 20］",15、16、17、17、20,14、15、17、17、17、18、18、19、20,19.0,0.6538461538461539,-0.156,0.422,433,11,0.0005,,1.0,1.0,初回 MMSE［時間見当識＋場所見当識＋記銘＋注意計算＋復唱＋書字］
M_MMSE部分集合(k=5),初回 MMSE［時間見当識＋場所見当識＋記銘＋注意計算＋復唱］,MWU（完全並べ替え）,5,9,"16［14, 19］","16［13, 19］",14、15、16、16、19,13、14、16、16、16、17、17、18、19,19.0,0.6538461538461539,-0.156,0.422,433,11,0.0005,,1.0,1.0,
D_年換算変化量,Δ CDR 見当識／年,MWU（完全並べ替え）,3,8,"0.3429［0, 0.8219］","0［0, 0.9677］",0、0.3429、0.8219,0、0、0、0、0、0.3448、0.5042、0.9677,14.5,0.6545454545454545,0.208,0.604,242,6,0.00216,,1.0,1.0,
O_月あたり変化量,Δ CDR 見当識／月,MWU（完全並べ替え）,3,8,"0.02857［0, 0.06849］","0［0, 0.08065］",0、0.02857、0.06849,0、0、0、0、0、0.02874、0.04202、0.08065,14.5,0.6545454545454545,0.208,0.604,242,6,0.00216,,1.0,1.0,
M_CDR部分集合(k=2),Δ CDR［記憶＋見当識］,MWU（完全並べ替え）,5,9,"0.5［0, 1］","0.5［0, 1］",0、0、0.5、1、1,0、0、0、0、0.5、0.5、0.5、0.5、1,27.0,0.6553446553446554,0.2,0.6,262,14,0.003,,1.0,1.0,
M_MMSE部分集合(k=4),初回 MMSE［場所見当識＋物品呼称＋記銘＋3段階命令］,MWU（完全並べ替え）,5,9,"12［11, 13］","12［11, 13］",11、11、12、13、13,11、12、12、12、12、13、13、13、13,18.0,0.6553446553446554,-0.2,0.4,262,14,0.003,,1.0,1.0,初回 MMSE［場所見当識＋記銘＋読字理解＋3段階命令＋書字］
M_MMSE部分集合(k=6),初回 MMSE［場所見当識＋物品呼称＋記銘＋読字理解＋3段階命令＋書字］,MWU（完全並べ替え）,5,9,"14［13, 15］","14［13, 15］",13、13、14、15、15,13、14、14、14、14、15、15、15、15,18.0,0.6553446553446554,-0.2,0.4,262,14,0.003,,1.0,1.0,
M_MMSE部分集合(k=5),初回 MMSE［場所見当識＋物品呼称＋記銘＋読字理解＋3段階命令］,MWU（完全並べ替え）,5,9,"13［12, 14］","13［12, 14］",12、12、13、14、14,12、13、13、13、13、14、14、14、14,18.0,0.6553446553446554,-0.2,0.4,262,14,0.003,,1.0,1.0,初回 MMSE［場所見当識＋物品呼称＋記銘＋3段階命令＋書字］
M_MMSE部分集合(k=3),初回 MMSE［場所見当識＋記銘＋3段階命令］,MWU（完全並べ替え）,5,9,"10［9, 11］","10［9, 11］",9、9、10、11、11,9、10、10、10、10、11、11、11、11,18.0,0.6553446553446554,-0.2,0.4,262,14,0.003,,1.0,1.0,
M_MMSE部分集合(k=4),初回 MMSE［場所見当識＋記銘＋読字理解＋3段階命令］,MWU（完全並べ替え）,5,9,"11［10, 12］","11［10, 12］",10、10、11、12、12,10、11、11、11、11、12、12、12、12,18.0,0.6553446553446554,-0.2,0.4,262,14,0.003,,1.0,1.0,初回 MMSE［場所見当識＋記銘＋3段階命令＋書字］
M_MMSE部分集合(k=7),初回 MMSE［時間見当識＋場所見当識＋物品呼称＋遅延再生＋復唱＋読字理解＋書字］,MWU（完全並べ替え）,5,9,"14［11, 16］","14［12, 16］",11、13、14、16、16,12、12、12、13、14、14、15、15、16,25.5,0.6563436563436563,0.133,0.567,589,13,0.0005,,1.0,1.0,
M_MMSE部分集合(k=6),初回 MMSE［時間見当識＋場所見当識＋物品呼称＋遅延再生＋復唱＋読字理解］,MWU（完全並べ替え）,5,9,"13［10, 15］","13［11, 15］",10、12、13、15、15,11、11、11、12、13、13、14、14、15,25.5,0.6563436563436563,0.133,0.567,589,13,0.0005,,1.0,1.0,初回 MMSE［時間見当識＋場所見当識＋物品呼称＋遅延再生＋復唱＋書字］
M_MMSE部分集合(k=5),初回 MMSE［時間見当識＋場所見当識＋物品呼称＋遅延再生＋復唱］,MWU（完全並べ替え）,5,9,"12［9, 14］","12［10, 14］",9、11、12、14、14,10、10、10、11、12、12、13、13、14,25.5,0.6563436563436563,0.133,0.567,589,13,0.0005,,1.0,1.0,初回 MMSE［時間見当識＋場所見当識＋遅延再生＋復唱＋読字理解＋書字］
M_MMSE部分集合(k=5),初回 MMSE［時間見当識＋場所見当識＋遅延再生＋復唱＋読字理解］,MWU（完全並べ替え）,5,9,"11［8, 13］","11［9, 13］",8、10、11、13、13,9、9、9、10、11、11、12、12、13,25.5,0.6563436563436563,0.133,0.567,589,13,0.0005,,1.0,1.0,初回 MMSE［時間見当識＋場所見当識＋遅延再生＋復唱＋書字］
M_MMSE部分集合(k=4),初回 MMSE［時間見当識＋場所見当識＋遅延再生＋復唱］,MWU（完全並べ替え）,5,9,"10［7, 12］","10［8, 12］",7、9、10、12、12,8、8、8、9、10、10、11、11、12,25.5,0.6563436563436563,0.133,0.567,589,13,0.0005,,1.0,1.0,
M_MMSE部分集合(k=5),初回 MMSE［時間見当識＋注意計算＋遅延再生＋3段階命令＋図形模写］,MWU（完全並べ替え）,5,9,"13［11, 15］","12［10, 17］",11、11、13、13、15,10、10、10、12、12、13、13、14、17,26.0,0.6578421578421578,0.156,0.578,433,11,0.0005,,1.0,1.0,
M_MMSE部分集合(k=6),初回 MMSE［時間見当識＋注意計算＋遅延再生＋読字理解＋3段階命令＋図形模写］,MWU（完全並べ替え）,5,9,"14［12, 16］","13［11, 18］",12、12、14、14、16,11、11、11、13、13、14、14、15、18,26.0,0.6578421578421578,0.156,0.578,433,11,0.0005,,1.0,1.0,初回 MMSE［時間見当識＋注意計算＋遅延再生＋3段階命令＋書字＋図形模写］
M_MMSE部分集合(k=6),初回 MMSE［時間見当識＋物品呼称＋注意計算＋遅延再生＋3段階命令＋図形模写］,MWU（完全並べ替え）,5,9,"15［13, 17］","14［12, 19］",13、13、15、15、17,12、12、12、14、14、15、15、16、19,26.0,0.6578421578421578,0.156,0.578,433,11,0.0005,,1.0,1.0,初回 MMSE［時間見当識＋注意計算＋遅延再生＋読字理解＋3段階命令＋書字＋図形模写］
M_MMSE部分集合(k=7),初回 MMSE［時間見当識＋物品呼称＋注意計算＋遅延再生＋読字理解＋3段階命令＋図形模写］,MWU（完全並べ替え）,5,9,"16［14, 18］","15［13, 20］",14、14、16、16、18,13、13、13、15、15、16、16、17、20,26.0,0.6578421578421578,0.156,0.578,433,11,0.0005,,1.0,1.0,初回 MMSE［時間見当識＋物品呼称＋注意計算＋遅延再生＋3段階命令＋書字＋図形模写］
M_MMSE部分集合(k=8),初回 MMSE［時間見当識＋物品呼称＋注意計算＋遅延再生＋読字理解＋3段階命令＋書字＋図形模写］,MWU（完全並べ替え）,5,9,"17［15, 19］","16［14, 21］",15、15、17、17、19,14、14、14、16、16、17、17、18、21,26.0,0.6578421578421578,0.156,0.578,433,11,0.0005,,1.0,1.0,
M_MMSE部分集合(k=4),初回 MMSE［場所見当識＋注意計算＋復唱＋図形模写］,MWU（完全並べ替え）,5,9,"10［8, 12］","10［9, 12］",8、9、10、11、12,9、9、10、10、10、11、11、12、12,18.5,0.6593406593406593,-0.178,0.411,332,13,0.0015,,1.0,1.0,
M_MMSE部分集合(k=5),初回 MMSE［場所見当識＋注意計算＋復唱＋読字理解＋図形模写］,MWU（完全並べ替え）,5,9,"11［9, 13］","11［10, 13］",9、10、11、12、13,10、10、11、11、11、12、12、13、13,18.5,0.6593406593406593,-0.178,0.411,332,13,0.0015,,1.0,1.0,初回 MMSE［場所見当識＋注意計算＋復唱＋書字＋図形模写］
M_MMSE部分集合(k=5),初回 MMSE［場所見当識＋物品呼称＋注意計算＋復唱＋図形模写］,MWU（完全並べ替え）,5,9,"12［10, 14］","12［11, 14］",10、11、12、13、14,11、11、12、12、12、13、13、14、14,18.5,0.6593406593406593,-0.178,0.411,332,13,0.0015,,1.0,1.0,初回 MMSE［場所見当識＋注意計算＋復唱＋読字理解＋書字＋図形模写］
M_MMSE部分集合(k=6),初回 MMSE［場所見当識＋物品呼称＋注意計算＋復唱＋読字理解＋図形模写］,MWU（完全並べ替え）,5,9,"13［11, 15］","13［12, 15］",11、12、13、14、15,12、12、13、13、13、14、14、15、15,18.5,0.6593406593406593,-0.178,0.411,332,13,0.0015,,1.0,1.0,初回 MMSE［場所見当識＋物品呼称＋注意計算＋復唱＋書字＋図形模写］
M_MMSE部分集合(k=7),初回 MMSE［場所見当識＋物品呼称＋注意計算＋復唱＋読字理解＋書字＋図形模写］,MWU（完全並べ替え）,5,9,"14［12, 16］","14［13, 16］",12、13、14、15、16,13、13、14、14、14、15、15、16、16,18.5,0.6593406593406593,-0.178,0.411,332,13,0.0015,,1.0,1.0,
M2_下位項目の差,Δ MMSE［時間見当識−復唱］,MWU（完全並べ替え）,5,9,"-1［-3, 0］","-1［-1, 2］",-3、-1、-1、0、0,-1、-1、-1、-1、-1、-1、0、1、2,19.0,0.6603396603396603,-0.156,0.422,433,11,0.0005,,1.0,1.0,
D_年換算変化量,Δ CDR 家庭・趣味／年,MWU（完全並べ替え）,3,8,"0［0, 0.6857］","0［0, 0.5042］",0、0、0.6857,0、0、0、0、0、0、0.5042、0.5042,14.0,0.6606060606060606,0.167,0.583,377,10,0.00606,,1.0,1.0,
O_月あたり変化量,Δ CDR 家庭・趣味／月,MWU（完全並べ替え）,3,8,"0［0, 0.05714］","0［0, 0.04202］",0、0、0.05714,0、0、0、0、0、0、0.04202、0.04202,14.0,0.6606060606060606,0.167,0.583,377,10,0.00606,,1.0,1.0,
M_MMSE部分集合(k=5),Δ MMSE［時間見当識＋場所見当識＋記銘＋遅延再生＋図形模写］,MWU（完全並べ替え）,5,9,"-1［-2, 1］","0［-2, 2］",-2、-1、-1、0、1,-2、-2、-1、-1、0、0、0、2、2,19.5,0.6618381618381618,-0.133,0.433,589,13,0.00599,,1.0,1.0,Δ MMSE［時間見当識＋場所見当識＋物品呼称＋記銘＋遅延再生＋図形模写］ ほか14件
M_MMSE部分集合(k=5),初回 MMSE［時間見当識＋注意計算＋遅延再生＋復唱＋3段階命令］,MWU（完全並べ替え）,5,9,"13［11, 15］","12［10, 16］",11、11、13、13、15,10、10、11、12、12、12、13、14、16,26.0,0.6628371628371629,0.156,0.578,433,11,0.0005,,1.0,1.0,
M_MMSE部分集合(k=6),初回 MMSE［時間見当識＋注意計算＋遅延再生＋復唱＋読字理解＋3段階命令］,MWU（完全並べ替え）,5,9,"14［12, 16］","13［11, 17］",12、12、14、14、16,11、11、12、13、13、13、14、15、17,26.0,0.6628371628371629,0.156,0.578,433,11,0.0005,,1.0,1.0,初回 MMSE［時間見当識＋注意計算＋遅延再生＋復唱＋3段階命令＋書字］
M_MMSE部分集合(k=6),初回 MMSE［時間見当識＋物品呼称＋注意計算＋遅延再生＋復唱＋3段階命令］,MWU（完全並べ替え）,5,9,"15［13, 17］","14［12, 18］",13、13、15、15、17,12、12、13、14、14、14、15、16、18,26.0,0.6628371628371629,0.156,0.578,433,11,0.0005,,1.0,1.0,初回 MMSE［時間見当識＋注意計算＋遅延再生＋復唱＋読字理解＋3段階命令＋書字］
M_MMSE部分集合(k=8),初回 MMSE［時間見当識＋物品呼称＋注意計算＋遅延再生＋復唱＋読字理解＋3段階命令＋書字］,MWU（完全並べ替え）,5,9,"17［15, 19］","16［14, 20］",15、15、17、17、19,14、14、15、16、16、16、17、18、20,26.0,0.6628371628371629,0.156,0.578,433,11,0.0005,,1.0,1.0,
M_MMSE部分集合(k=7),初回 MMSE［時間見当識＋物品呼称＋注意計算＋遅延再生＋復唱＋読字理解＋3段階命令］,MWU（完全並べ替え）,5,9,"16［14, 18］","15［13, 19］",14、14、16、16、18,13、13、14、15、15、15、16、17、19,26.0,0.6628371628371629,0.156,0.578,433,11,0.0005,,1.0,1.0,初回 MMSE［時間見当識＋物品呼称＋注意計算＋遅延再生＋復唱＋3段階命令＋書字］
M_MMSE部分集合(k=7),初回 MMSE［時間見当識＋物品呼称＋記銘＋注意計算＋遅延再生＋復唱＋図形模写］,MWU（完全並べ替え）,5,9,"15［14, 18］","15［13, 19］",14、14、15、16、18,13、13、13、14、15、15、17、17、19,26.0,0.6628371628371629,0.156,0.578,433,11,0.0005,,1.0,1.0,初回 MMSE［時間見当識＋記銘＋注意計算＋遅延再生＋復唱＋読字理解＋書字＋図形模写］
M_MMSE部分集合(k=8),初回 MMSE［時間見当識＋物品呼称＋記銘＋注意計算＋遅延再生＋復唱＋読字理解＋図形模写］,MWU（完全並べ替え）,5,9,"16［15, 19］","16［14, 20］",15、15、16、17、19,14、14、14、15、16、16、18、18、20,26.0,0.6628371628371629,0.156,0.578,433,11,0.0005,,1.0,1.0,初回 MMSE［時間見当識＋物品呼称＋記銘＋注意計算＋遅延再生＋復唱＋書字＋図形模写］
M_MMSE部分集合(k=9),初回 MMSE［時間見当識＋物品呼称＋記銘＋注意計算＋遅延再生＋復唱＋読字理解＋書字＋図形模写］,MWU（完全並べ替え）,5,9,"17［16, 20］","17［15, 21］",16、16、17、18、20,15、15、15、16、17、17、19、19、21,26.0,0.6628371628371629,0.156,0.578,433,11,0.0005,,1.0,1.0,
M_MMSE部分集合(k=6),初回 MMSE［時間見当識＋記銘＋注意計算＋遅延再生＋復唱＋図形模写］,MWU（完全並べ替え）,5,9,"13［12, 16］","13［11, 17］",12、12、13、14、16,11、11、11、12、13、13、15、15、17,26.0,0.6628371628371629,0.156,0.578,433,11,0.0005,,1.0,1.0,
M_MMSE部分集合(k=7),初回 MMSE［時間見当識＋記銘＋注意計算＋遅延再生＋復唱＋読字理解＋図形模写］,MWU（完全並べ替え）,5,9,"14［13, 17］","14［12, 18］",13、13、14、15、17,12、12、12、13、14、14、16、16、18,26.0,0.6628371628371629,0.156,0.578,433,11,0.0005,,1.0,1.0,初回 MMSE［時間見当識＋記銘＋注意計算＋遅延再生＋復唱＋書字＋図形模写］
M_MMSE部分集合(k=7),初回 MMSE［場所見当識＋物品呼称＋記銘＋注意計算＋遅延再生＋復唱＋図形模写］,MWU（完全並べ替え）,5,9,"14［14, 18］","16［14, 18］",14、14、14、17、18,14、14、15、16、16、16、17、17、18,18.5,0.6638361638361638,-0.178,0.411,332,13,0.001,,1.0,1.0,初回 MMSE［場所見当識＋記銘＋注意計算＋遅延再生＋復唱＋読字理解＋書字＋図形模写］
M_MMSE部分集合(k=8),初回 MMSE［場所見当識＋物品呼称＋記銘＋注意計算＋遅延再生＋復唱＋読字理解＋図形模写］,MWU（完全並べ替え）,5,9,"15［15, 19］","17［15, 19］",15、15、15、18、19,15、15、16、17、17、17、18、18、19,18.5,0.6638361638361638,-0.178,0.411,332,13,0.001,,1.0,1.0,初回 MMSE［場所見当識＋物品呼称＋記銘＋注意計算＋遅延再生＋復唱＋書字＋図形模写］
M_MMSE部分集合(k=9),初回 MMSE［場所見当識＋物品呼称＋記銘＋注意計算＋遅延再生＋復唱＋読字理解＋書字＋図形模写］,MWU（完全並べ替え）,5,9,"16［16, 20］","18［16, 20］",16、16、16、19、20,16、16、17、18、18、18、19、19、20,18.5,0.6638361638361638,-0.178,0.411,332,13,0.001,,1.0,1.0,
M_MMSE部分集合(k=6),初回 MMSE［場所見当識＋記銘＋注意計算＋遅延再生＋復唱＋図形模写］,MWU（完全並べ替え）,5,9,"12［12, 16］","14［12, 16］",12、12、12、15、16,12、12、13、14、14、14、15、15、16,18.5,0.6638361638361638,-0.178,0.411,332,13,0.001,,1.0,1.0,
M_MMSE部分集合(k=7),初回 MMSE［場所見当識＋記銘＋注意計算＋遅延再生＋復唱＋読字理解＋図形模写］,MWU（完全並べ替え）,5,9,"13［13, 17］","15［13, 17］",13、13、13、16、17,13、13、14、15、15、15、16、16、17,18.5,0.6638361638361638,-0.178,0.411,332,13,0.001,,1.0,1.0,初回 MMSE［場所見当識＋記銘＋注意計算＋遅延再生＋復唱＋書字＋図形模写］
M_MMSE部分集合(k=4),Δ MMSE［時間見当識＋場所見当識＋遅延再生＋復唱］,MWU（完全並べ替え）,5,9,"-1［-2, 0］","-1［-2, 2］",-2、-1、-1、0、0,-2、-2、-1、-1、-1、0、1、1、2,19.0,0.6658341658341659,-0.156,0.422,433,13,0.0015,,1.0,1.0,Δ MMSE［時間見当識＋場所見当識＋物品呼称＋遅延再生＋復唱］ ほか14件
M_CDR部分集合(k=2),追跡時 CDR［家庭・趣味＋身の回りの世話］,MWU（完全並べ替え）,5,9,"0.5［0, 1］","0.5［0, 1.5］",0、0.5、0.5、0.5、1,0、0、0、0.5、0.5、0.5、0.5、0.5、1.5,26.0,0.6663336663336663,0.156,0.578,433,12,0.004,,1.0,1.0,
M_MMSE部分集合(k=7),追跡時 MMSE［場所見当識＋物品呼称＋記銘＋遅延再生＋読字理解＋書字＋図形模写］,MWU（完全並べ替え）,5,9,"13［12, 14］","13［12, 15］",12、13、13、13、14,12、12、12、13、13、13、13、13、15,26.0,0.6663336663336663,0.156,0.578,433,12,0.004,,1.0,1.0,
M_MMSE部分集合(k=6),追跡時 MMSE［場所見当識＋物品呼称＋記銘＋遅延再生＋読字理解＋書字］,MWU（完全並べ替え）,5,9,"12［11, 13］","12［11, 14］",11、12、12、12、13,11、11、11、12、12、12、12、12、14,26.0,0.6663336663336663,0.156,0.578,433,12,0.004,,1.0,1.0,追跡時 MMSE［場所見当識＋物品呼称＋記銘＋遅延再生＋読字理解＋図形模写］、追跡時 MMSE［場所見当識＋物品呼称＋記銘＋遅延再生＋書字＋図形模写］
M_MMSE部分集合(k=5),追跡時 MMSE［場所見当識＋物品呼称＋記銘＋遅延再生＋読字理解］,MWU（完全並べ替え）,5,9,"11［10, 12］","11［10, 13］",10、11、11、11、12,10、10、10、11、11、11、11、11、13,26.0,0.6663336663336663,0.156,0.578,433,12,0.004,,1.0,1.0,追跡時 MMSE［場所見当識＋物品呼称＋記銘＋遅延再生＋書字］、追跡時 MMSE［場所見当識＋物品呼称＋記銘＋遅延再生＋図形模写］、追跡時 MMSE［場所見当識＋記銘＋遅延再生＋読字理解＋書字＋図形模写］
M_MMSE部分集合(k=4),追跡時 MMSE［場所見当識＋物品呼称＋記銘＋遅延再生］,MWU（完全並べ替え）,5,9,"10［9, 11］","10［9, 12］",9、10、10、10、11,9、9、9、10、10、10、10、10、12,26.0,0.6663336663336663,0.156,0.578,433,12,0.004,,1.0,1.0,追跡時 MMSE［場所見当識＋記銘＋遅延再生＋読字理解＋書字］、追跡時 MMSE［場所見当識＋記銘＋遅延再生＋読字理解＋図形模写］、追跡時 MMSE［場所見当識＋記銘＋遅延再生＋書字＋図形模写］、追跡時 MMSE［場所見当識＋物品呼称＋遅延再生＋読字理解＋書字＋図形模写］
M_MMSE部分集合(k=3),追跡時 MMSE［場所見当識＋物品呼称＋遅延再生］,MWU（完全並べ替え）,5,9,"7［6, 8］","7［6, 9］",6、7、7、7、8,6、6、6、7、7、7、7、7、9,26.0,0.6663336663336663,0.156,0.578,433,12,0.004,,1.0,1.0,追跡時 MMSE［場所見当識＋遅延再生＋読字理解＋書字］、追跡時 MMSE［場所見当識＋遅延再生＋読字理解＋図形模写］、追跡時 MMSE［場所見当識＋遅延再生＋書字＋図形模写］
M_MMSE部分集合(k=4),追跡時 MMSE［場所見当識＋記銘＋遅延再生＋読字理解］,MWU（完全並べ替え）,5,9,"9［8, 10］","9［8, 11］",8、9、9、9、10,8、8、8、9、9、9、9、9、11,26.0,0.6663336663336663,0.156,0.578,433,12,0.004,,1.0,1.0,追跡時 MMSE［場所見当識＋記銘＋遅延再生＋書字］ ほか4件
M_MMSE部分集合(k=3),追跡時 MMSE［場所見当識＋記銘＋遅延再生］,MWU（完全並べ替え）,5,9,"8［7, 9］","8［7, 10］",7、8、8、8、9,7、7、7、8、8、8、8、8、10,26.0,0.6663336663336663,0.156,0.578,433,12,0.004,,1.0,1.0,追跡時 MMSE［場所見当識＋物品呼称＋遅延再生＋読字理解］、追跡時 MMSE［場所見当識＋物品呼称＋遅延再生＋書字］、追跡時 MMSE［場所見当識＋物品呼称＋遅延再生＋図形模写］、追跡時 MMSE［場所見当識＋遅延再生＋読字理解＋書字＋図形模写］
M_MMSE部分集合(k=3),追跡時 MMSE［場所見当識＋遅延再生＋読字理解］,MWU（完全並べ替え）,5,9,"6［5, 7］","6［5, 8］",5、6、6、6、7,5、5、5、6、6、6、6、6、8,26.0,0.6663336663336663,0.156,0.578,433,12,0.004,,1.0,1.0,追跡時 MMSE［場所見当識＋遅延再生＋書字］、追跡時 MMSE［場所見当識＋遅延再生＋図形模写］
M_MMSE部分集合(k=2),追跡時 MMSE［場所見当識＋遅延再生］,MWU（完全並べ替え）,5,9,"5［4, 6］","5［4, 7］",4、5、5、5、6,4、4、4、5、5、5、5、5、7,26.0,0.6663336663336663,0.156,0.578,433,12,0.004,,1.0,1.0,
D_年換算変化量,Δ MoCA-J／年,MWU（完全並べ替え）,1,2,"-2.7429［-2.7429, -2.7429］","0.67795［0, 1.3559］",-2.7429,0、1.3559,0.0,0.6666666666666666,-1.0,0.0,11,0,0.66667,,1.0,1.0,
O_月あたり変化量,Δ MoCA-J／月,MWU（完全並べ替え）,1,2,"-0.22857［-0.22857, -0.22857］","0.056495［0, 0.11299］",-0.22857,0、0.11299,0.0,0.6666666666666666,-1.0,0.0,11,0,0.66667,,1.0,1.0,
M_MMSE部分集合(k=2),初回 MMSE［場所見当識＋図形模写］,MWU（完全並べ替え）,5,9,"5［4, 6］","5［5, 6］",4、5、5、6、6,5、5、5、5、5、6、6、6、6,19.0,0.6678321678321678,-0.156,0.422,433,13,0.003,,1.0,1.0,
M_MMSE部分集合(k=3),初回 MMSE［場所見当識＋物品呼称＋図形模写］,MWU（完全並べ替え）,5,9,"7［6, 8］","7［7, 8］",6、7、7、8、8,7、7、7、7、7、8、8、8、8,19.0,0.6678321678321678,-0.156,0.422,433,13,0.003,,1.0,1.0,初回 MMSE［場所見当識＋読字理解＋書字＋図形模写］
M_MMSE部分集合(k=4),初回 MMSE［場所見当識＋物品呼称＋読字理解＋図形模写］,MWU（完全並べ替え）,5,9,"8［7, 9］","8［8, 9］",7、8、8、9、9,8、8、8、8、8、9、9、9、9,19.0,0.6678321678321678,-0.156,0.422,433,13,0.003,,1.0,1.0,初回 MMSE［場所見当識＋物品呼称＋書字＋図形模写］
M_MMSE部分集合(k=5),初回 MMSE［場所見当識＋物品呼称＋読字理解＋書字＋図形模写］,MWU（完全並べ替え）,5,9,"9［8, 10］","9［9, 10］",8、9、9、10、10,9、9、9、9、9、10、10、10、10,19.0,0.6678321678321678,-0.156,0.422,433,13,0.003,,1.0,1.0,
M_MMSE部分集合(k=3),初回 MMSE［場所見当識＋読字理解＋図形模写］,MWU（完全並べ替え）,5,9,"6［5, 7］","6［6, 7］",5、6、6、7、7,6、6、6、6、6、7、7、7、7,19.0,0.6678321678321678,-0.156,0.422,433,13,0.003,,1.0,1.0,初回 MMSE［場所見当識＋書字＋図形模写］
M_CDR部分集合(k=2),追跡時 CDR［見当識＋家庭・趣味］,MWU（完全並べ替え）,5,9,"1［0.5, 2］","1［0.5, 1］",0.5、0.5、1、1、2,0.5、0.5、0.5、0.5、1、1、1、1、1,26.0,0.6678321678321678,0.156,0.578,433,13,0.003,,1.0,1.0,
M2_下位項目の差,初回 MMSE［時間見当識−注意計算］,MWU（完全並べ替え）,5,9,"0［-2, 4］","0［-3, 1］",-2、-1、0、1、4,-3、-2、-1、0、0、0、0、1、1,26.0,0.6683316683316683,0.156,0.578,433,12,0.0005,,1.0,1.0,
M_MMSE部分集合(k=6),Δ MMSE［時間見当識＋場所見当識＋記銘＋遅延再生＋復唱＋図形模写］,MWU（完全並べ替え）,5,9,"-1［-2, 1］","0［-2, 2］",-2、-1、-1、0、1,-2、-2、-1、-1、0、0、1、2、2,18.5,0.6703296703296703,-0.178,0.411,332,14,0.0015,,1.0,1.0,Δ MMSE［時間見当識＋場所見当識＋物品呼称＋記銘＋遅延再生＋復唱＋図形模写］ ほか14件
F_相対変化,MMSE合計 相対変化率(%),MWU（完全並べ替え）,5,9,"0［-7.143, 12.5］","0［-16, 13.636］",-7.143、-4、0、4.167、12.5,-16、-8、-8、-3.704、0、0、3.571、4.545、13.636,26.0,0.6708291708291708,0.156,0.578,433,5,0.001,,1.0,1.0,
M2_下位項目の差,Δ CDR［記憶−見当識］,MWU（完全並べ替え）,5,9,"0［-0.5, 0］","0［-0.5, 0.5］",-0.5、0、0、0、0,-0.5、-0.5、0、0、0、0、0、0.5、0.5,19.0,0.6718281718281718,-0.156,0.422,433,14,0.01798,,1.0,1.0,
R_初回値調整残差,Δ MMSE合計（初回値調整残差）,MWU（完全並べ替え）,5,9,"-0.35561［-0.85829, 2.97594］","-0.02406［-3.60695, 2.64439］",-0.85829、-0.60695、-0.35561、0.97594、2.97594,-3.60695、-1.60695、-1.60695、-0.44118、-0.02406、0.14171、0.22727、2.14171、2.64439,26.0,0.6723276723276723,0.156,0.578,433,2,0.001,,1.0,1.0,
M2_下位項目の差,初回 MMSE［時間見当識−遅延再生］,MWU（完全並べ替え）,5,9,"4［2, 5］","3［1, 5］",2、3、4、4、5,1、2、2、3、3、3、5、5、5,26.0,0.6723276723276723,0.156,0.578,433,13,0.001,,1.0,1.0,
M_MMSE部分集合(k=4),Δ MMSE［時間見当識＋注意計算＋遅延再生＋復唱］,MWU（完全並べ替え）,5,9,"-2［-2, 3］","-1［-4, 2］",-2、-2、-2、0、3,-4、-2、-1、-1、-1、-1、1、1、2,19.5,0.6788211788211789,-0.133,0.433,589,10,0.001,,1.0,1.0,Δ MMSE［時間見当識＋物品呼称＋注意計算＋遅延再生＋復唱］ ほか14件
M_CDR部分集合(k=4),Δ CDR［記憶＋見当識＋判断力・問題解決＋家庭・趣味］,MWU（完全並べ替え）,5,9,"0.5［0, 2］","0.5［0, 1.5］",0、0.5、0.5、1、2,0、0、0、0.5、0.5、0.5、1、1.5、1.5,26.0,0.6798201798201798,0.156,0.578,433,13,0.0005,,1.0,1.0,
M_CDR部分集合(k=4),追跡時 CDR［記憶＋見当識＋地域社会の活動＋身の回りの世話］,MWU（完全並べ替え）,5,9,"1.5［0.5, 3］","1.5［0.5, 3］",0.5、1、1.5、1.5、3,0.5、1、1、1.5、1.5、2、2、2.5、3,19.0,0.6803196803196803,-0.156,0.422,433,13,0.001,,1.0,1.0,
M_MMSE部分集合(k=5),Δ MMSE［時間見当識＋注意計算＋遅延再生＋復唱＋図形模写］,MWU（完全並べ替え）,5,9,"-2［-2, 3］","-1［-4, 2］",-2、-2、-2、0、3,-4、-2、-1、-1、-1、0、1、1、2,19.0,0.6808191808191808,-0.156,0.422,433,11,0.0005,,1.0,1.0,Δ MMSE［時間見当識＋物品呼称＋注意計算＋遅延再生＋復唱＋図形模写］ ほか14件
M_MMSE部分集合(k=7),初回 MMSE［時間見当識＋場所見当識＋物品呼称＋記銘＋注意計算＋復唱＋3段階命令］,MWU（完全並べ替え）,5,9,"21［19, 24］","21［18, 24］",19、20、21、21、24,18、19、21、21、21、22、22、22、24,19.0,0.6808191808191808,-0.156,0.422,433,12,0.0005,,1.0,1.0,初回 MMSE［時間見当識＋場所見当識＋記銘＋注意計算＋復唱＋読字理解＋3段階命令＋書字］
M_MMSE部分集合(k=9),初回 MMSE［時間見当識＋場所見当識＋物品呼称＋記銘＋注意計算＋復唱＋読字理解＋3段階命令＋書字］,MWU（完全並べ替え）,5,9,"23［21, 26］","23［20, 26］",21、22、23、23、26,20、21、23、23、23、24、24、24、26,19.0,0.6808191808191808,-0.156,0.422,433,12,0.0005,,1.0,1.0,
M_MMSE部分集合(k=8),初回 MMSE［時間見当識＋場所見当識＋物品呼称＋記銘＋注意計算＋復唱＋読字理解＋3段階命令］,MWU（完全並べ替え）,5,9,"22［20, 25］","22［19, 25］",20、21、22、22、25,19、20、22、22、22、23、23、23、25,19.0,0.6808191808191808,-0.156,0.422,433,12,0.0005,,1.0,1.0,初回 MMSE［時間見当識＋場所見当識＋物品呼称＋記銘＋注意計算＋復唱＋3段階命令＋書字］
M_MMSE部分集合(k=6),初回 MMSE［時間見当識＋場所見当識＋記銘＋注意計算＋復唱＋3段階命令］,MWU（完全並べ替え）,5,9,"19［17, 22］","19［16, 22］",17、18、19、19、22,16、17、19、19、19、20、20、20、22,19.0,0.6808191808191808,-0.156,0.422,433,12,0.0005,,1.0,1.0,
M_MMSE部分集合(k=7),初回 MMSE［時間見当識＋場所見当識＋記銘＋注意計算＋復唱＋読字理解＋3段階命令］,MWU（完全並べ替え）,5,9,"20［18, 23］","20［17, 23］",18、19、20、20、23,17、18、20、20、20、21、21、21、23,19.0,0.6808191808191808,-0.156,0.422,433,12,0.0005,,1.0,1.0,初回 MMSE［時間見当識＋場所見当識＋記銘＋注意計算＋復唱＋3段階命令＋書字］
M_MMSE部分集合(k=6),初回 MMSE［時間見当識＋場所見当識＋物品呼称＋遅延再生＋3段階命令＋図形模写］,MWU（完全並べ替え）,5,9,"15［12, 17］","14［12, 18］",12、14、15、17、17,12、13、13、14、14、16、16、16、18,25.5,0.6858141858141859,0.133,0.567,589,12,0.003,,1.0,1.0,初回 MMSE［時間見当識＋場所見当識＋遅延再生＋読字理解＋3段階命令＋書字＋図形模写］
M_MMSE部分集合(k=7),初回 MMSE［時間見当識＋場所見当識＋物品呼称＋遅延再生＋読字理解＋3段階命令＋図形模写］,MWU（完全並べ替え）,5,9,"16［13, 18］","15［13, 19］",13、15、16、18、18,13、14、14、15、15、17、17、17、19,25.5,0.6858141858141859,0.133,0.567,589,12,0.003,,1.0,1.0,初回 MMSE［時間見当識＋場所見当識＋物品呼称＋遅延再生＋3段階命令＋書字＋図形模写］
M_MMSE部分集合(k=8),初回 MMSE［時間見当識＋場所見当識＋物品呼称＋遅延再生＋読字理解＋3段階命令＋書字＋図形模写］,MWU（完全並べ替え）,5,9,"17［14, 19］","16［14, 20］",14、16、17、19、19,14、15、15、16、16、18、18、18、20,25.5,0.6858141858141859,0.133,0.567,589,12,0.003,,1.0,1.0,
M_MMSE部分集合(k=5),初回 MMSE［時間見当識＋場所見当識＋遅延再生＋3段階命令＋図形模写］,MWU（完全並べ替え）,5,9,"13［10, 15］","12［10, 16］",10、12、13、15、15,10、11、11、12、12、14、14、14、16,25.5,0.6858141858141859,0.133,0.567,589,12,0.003,,1.0,1.0,
M_MMSE部分集合(k=6),初回 MMSE［時間見当識＋場所見当識＋遅延再生＋読字理解＋3段階命令＋図形模写］,MWU（完全並べ替え）,5,9,"14［11, 16］","13［11, 17］",11、13、14、16、16,11、12、12、13、13、15、15、15、17,25.5,0.6858141858141859,0.133,0.567,589,12,0.003,,1.0,1.0,初回 MMSE［時間見当識＋場所見当識＋遅延再生＋3段階命令＋書字＋図形模写］
M_MMSE部分集合(k=4),追跡時 MMSE［時間見当識＋場所見当識＋復唱＋3段階命令］,MWU（完全並べ替え）,5,9,"13［9, 14］","12［10, 13］",9、11、13、13、14,10、11、11、12、12、12、13、13、13,26.0,0.6883116883116883,0.156,0.578,433,11,0.0005,,1.0,1.0,
M_MMSE部分集合(k=5),追跡時 MMSE［時間見当識＋場所見当識＋復唱＋読字理解＋3段階命令］,MWU（完全並べ替え）,5,9,"14［10, 15］","13［11, 14］",10、12、14、14、15,11、12、12、13、13、13、14、14、14,26.0,0.6883116883116883,0.156,0.578,433,11,0.0005,,1.0,1.0,追跡時 MMSE［時間見当識＋場所見当識＋復唱＋3段階命令＋書字］、追跡時 MMSE［時間見当識＋場所見当識＋復唱＋3段階命令＋図形模写］
M_MMSE部分集合(k=5),追跡時 MMSE［時間見当識＋場所見当識＋物品呼称＋復唱＋3段階命令］,MWU（完全並べ替え）,5,9,"15［11, 16］","14［12, 15］",11、13、15、15、16,12、13、13、14、14、14、15、15、15,26.0,0.6883116883116883,0.156,0.578,433,11,0.0005,,1.0,1.0,追跡時 MMSE［時間見当識＋場所見当識＋復唱＋読字理解＋3段階命令＋書字］、追跡時 MMSE［時間見当識＋場所見当識＋復唱＋読字理解＋3段階命令＋図形模写］、追跡時 MMSE［時間見当識＋場所見当識＋復唱＋3段階命令＋書字＋図形模写］
M_MMSE部分集合(k=6),追跡時 MMSE［時間見当識＋場所見当識＋物品呼称＋記銘＋復唱＋3段階命令］,MWU（完全並べ替え）,5,9,"18［14, 19］","17［15, 18］",14、16、18、18、19,15、16、16、17、17、17、18、18、18,26.0,0.6883116883116883,0.156,0.578,433,11,0.0005,,1.0,1.0,追跡時 MMSE［時間見当識＋場所見当識＋記銘＋復唱＋読字理解＋3段階命令＋書字］、追跡時 MMSE［時間見当識＋場所見当識＋記銘＋復唱＋読字理解＋3段階命令＋図形模写］、追跡時 MMSE［時間見当識＋場所見当識＋記銘＋復唱＋3段階命令＋書字＋図形模写］、追跡時 MMSE［時間見当識＋場所見当識＋物品呼称＋復唱＋読字理解＋3段階命令＋書字＋図形模写］
M_MMSE部分集合(k=9),追跡時 MMSE［時間見当識＋場所見当識＋物品呼称＋記銘＋復唱＋読字理解＋3段階命令＋書字＋図形模写］,MWU（完全並べ替え）,5,9,"21［17, 22］","20［18, 21］",17、19、21、21、22,18、19、19、20、20、20、21、21、21,26.0,0.6883116883116883,0.156,0.578,433,11,0.0005,,1.0,1.0,
M_MMSE部分集合(k=8),追跡時 MMSE［時間見当識＋場所見当識＋物品呼称＋記銘＋復唱＋読字理解＋3段階命令＋書字］,MWU（完全並べ替え）,5,9,"20［16, 21］","19［17, 20］",16、18、20、20、21,17、18、18、19、19、19、20、20、20,26.0,0.6883116883116883,0.156,0.578,433,11,0.0005,,1.0,1.0,追跡時 MMSE［時間見当識＋場所見当識＋物品呼称＋記銘＋復唱＋読字理解＋3段階命令＋図形模写］、追跡時 MMSE［時間見当識＋場所見当識＋物品呼称＋記銘＋復唱＋3段階命令＋書字＋図形模写］
M_MMSE部分集合(k=7),追跡時 MMSE［時間見当識＋場所見当識＋物品呼称＋記銘＋復唱＋読字理解＋3段階命令］,MWU（完全並べ替え）,5,9,"19［15, 20］","18［16, 19］",15、17、19、19、20,16、17、17、18、18、18、19、19、19,26.0,0.6883116883116883,0.156,0.578,433,11,0.0005,,1.0,1.0,追跡時 MMSE［時間見当識＋場所見当識＋物品呼称＋記銘＋復唱＋3段階命令＋書字］、追跡時 MMSE［時間見当識＋場所見当識＋物品呼称＋記銘＋復唱＋3段階命令＋図形模写］、追跡時 MMSE［時間見当識＋場所見当識＋記銘＋復唱＋読字理解＋3段階命令＋書字＋図形模写］
M_MMSE部分集合(k=5),追跡時 MMSE［時間見当識＋場所見当識＋記銘＋復唱＋3段階命令］,MWU（完全並べ替え）,5,9,"16［12, 17］","15［13, 16］",12、14、16、16、17,13、14、14、15、15、15、16、16、16,26.0,0.6883116883116883,0.156,0.578,433,11,0.0005,,1.0,1.0,追跡時 MMSE［時間見当識＋場所見当識＋物品呼称＋復唱＋読字理解＋3段階命令］、追跡時 MMSE［時間見当識＋場所見当識＋物品呼称＋復唱＋3段階命令＋書字］、追跡時 MMSE［時間見当識＋場所見当識＋物品呼称＋復唱＋3段階命令＋図形模写］、追跡時 MMSE［時間見当識＋場所見当識＋復唱＋読字理解＋3段階命令＋書字＋図形模写］
M_MMSE部分集合(k=6),追跡時 MMSE［時間見当識＋場所見当識＋記銘＋復唱＋読字理解＋3段階命令］,MWU（完全並べ替え）,5,9,"17［13, 18］","16［14, 17］",13、15、17、17、18,14、15、15、16、16、16、17、17、17,26.0,0.6883116883116883,0.156,0.578,433,11,0.0005,,1.0,1.0,追跡時 MMSE［時間見当識＋場所見当識＋記銘＋復唱＋3段階命令＋書字］ ほか4件
M_MMSE部分集合(k=6),初回 MMSE［時間見当識＋場所見当識＋物品呼称＋遅延再生＋復唱＋図形模写］,MWU（完全並べ替え）,5,9,"13［10, 15］","13［10, 15］",10、12、13、15、15,10、11、11、12、13、13、14、14、15,26.0,0.6928071928071928,0.156,0.578,433,14,0.0005,,1.0,1.0,初回 MMSE［時間見当識＋場所見当識＋遅延再生＋復唱＋読字理解＋書字＋図形模写］
M_MMSE部分集合(k=7),初回 MMSE［時間見当識＋場所見当識＋物品呼称＋遅延再生＋復唱＋読字理解＋図形模写］,MWU（完全並べ替え）,5,9,"14［11, 16］","14［11, 16］",11、13、14、16、16,11、12、12、13、14、14、15、15、16,26.0,0.6928071928071928,0.156,0.578,433,14,0.0005,,1.0,1.0,初回 MMSE［時間見当識＋場所見当識＋物品呼称＋遅延再生＋復唱＋書字＋図形模写］
M_MMSE部分集合(k=8),初回 MMSE［時間見当識＋場所見当識＋物品呼称＋遅延再生＋復唱＋読字理解＋書字＋図形模写］,MWU（完全並べ替え）,5,9,"15［12, 17］","15［12, 17］",12、14、15、17、17,12、13、13、14、15、15、16、16、17,26.0,0.6928071928071928,0.156,0.578,433,14,0.0005,,1.0,1.0,
M_MMSE部分集合(k=5),初回 MMSE［時間見当識＋場所見当識＋遅延再生＋復唱＋図形模写］,MWU（完全並べ替え）,5,9,"11［8, 13］","11［8, 13］",8、10、11、13、13,8、9、9、10、11、11、12、12、13,26.0,0.6928071928071928,0.156,0.578,433,14,0.0005,,1.0,1.0,
M_MMSE部分集合(k=6),初回 MMSE［時間見当識＋場所見当識＋遅延再生＋復唱＋読字理解＋図形模写］,MWU（完全並べ替え）,5,9,"12［9, 14］","12［9, 14］",9、11、12、14、14,9、10、10、11、12、12、13、13、14,26.0,0.6928071928071928,0.156,0.578,433,14,0.0005,,1.0,1.0,初回 MMSE［時間見当識＋場所見当識＋遅延再生＋復唱＋書字＋図形模写］
M_MMSE部分集合(k=5),Δ MMSE［時間見当識＋場所見当識＋記銘＋遅延再生＋復唱］,MWU（完全並べ替え）,5,9,"-1［-2, 1］","0［-2, 2］",-2、-1、-1、0、1,-2、-2、-1、-1、0、0、1、1、2,19.0,0.6968031968031968,-0.156,0.422,433,13,0.0015,,1.0,1.0,Δ MMSE［時間見当識＋場所見当識＋物品呼称＋記銘＋遅延再生＋復唱］ ほか14件
M_CDR部分集合(k=3),追跡時 CDR［記憶＋見当識＋家庭・趣味］,MWU（完全並べ替え）,5,9,"1.5［1, 3］","1.5［1, 2］",1、1.5、1.5、1.5、3,1、1、1、1、1.5、1.5、2、2、2,26.0,0.6973026973026973,0.156,0.578,433,13,0.0005,,1.0,1.0,
M_MMSE部分集合(k=4),初回 MMSE［場所見当識＋物品呼称＋記銘＋図形模写］,MWU（完全並べ替え）,5,9,"10［9, 11］","10［10, 11］",9、9、10、11、11,10、10、10、10、10、10、11、11、11,18.0,0.6978021978021978,-0.2,0.4,262,14,0.0005,,1.0,1.0,初回 MMSE［場所見当識＋記銘＋読字理解＋書字＋図形模写］
M_MMSE部分集合(k=5),初回 MMSE［場所見当識＋物品呼称＋記銘＋読字理解＋図形模写］,MWU（完全並べ替え）,5,9,"11［10, 12］","11［11, 12］",10、10、11、12、12,11、11、11、11、11、11、12、12、12,18.0,0.6978021978021978,-0.2,0.4,262,14,0.0005,,1.0,1.0,初回 MMSE［場所見当識＋物品呼称＋記銘＋書字＋図形模写］
M_MMSE部分集合(k=6),初回 MMSE［場所見当識＋物品呼称＋記銘＋読字理解＋書字＋図形模写］,MWU（完全並べ替え）,5,9,"12［11, 13］","12［12, 13］",11、11、12、13、13,12、12、12、12、12、12、13、13、13,18.0,0.6978021978021978,-0.2,0.4,262,14,0.0005,,1.0,1.0,
M_MMSE部分集合(k=3),初回 MMSE［場所見当識＋記銘＋図形模写］,MWU（完全並べ替え）,5,9,"8［7, 9］","8［8, 9］",7、7、8、9、9,8、8、8、8、8、8、9、9、9,18.0,0.6978021978021978,-0.2,0.4,262,14,0.0005,,1.0,1.0,
M_MMSE部分集合(k=4),初回 MMSE［場所見当識＋記銘＋読字理解＋図形模写］,MWU（完全並べ替え）,5,9,"9［8, 10］","9［9, 10］",8、8、9、10、10,9、9、9、9、9、9、10、10、10,18.0,0.6978021978021978,-0.2,0.4,262,14,0.0005,,1.0,1.0,初回 MMSE［場所見当識＋記銘＋書字＋図形模写］
P_方向の組合せ,改善したMMSE下位項目の数,MWU（完全並べ替え）,5,9,"1［0, 2］","1［0, 3］",0、1、1、1、2,0、0、0、0、1、1、1、2、3,26.0,0.6978021978021978,0.156,0.578,433,13,0.0005,,1.0,1.0,
M_MMSE部分集合(k=6),初回 MMSE［時間見当識＋場所見当識＋物品呼称＋記銘＋注意計算＋図形模写］,MWU（完全並べ替え）,5,9,"18［16, 21］","19［15, 21］",16、17、18、18、21,15、16、17、18、19、19、20、20、21,19.5,0.6988011988011988,-0.133,0.433,589,13,0.0005,,1.0,1.0,初回 MMSE［時間見当識＋場所見当識＋記銘＋注意計算＋読字理解＋書字＋図形模写］
M_MMSE部分集合(k=7),初回 MMSE［時間見当識＋場所見当識＋物品呼称＋記銘＋注意計算＋読字理解＋図形模写］,MWU（完全並べ替え）,5,9,"19［17, 22］","20［16, 22］",17、18、19、19、22,16、17、18、19、20、20、21、21、22,19.5,0.6988011988011988,-0.133,0.433,589,13,0.0005,,1.0,1.0,初回 MMSE［時間見当識＋場所見当識＋物品呼称＋記銘＋注意計算＋書字＋図形模写］
M_MMSE部分集合(k=8),初回 MMSE［時間見当識＋場所見当識＋物品呼称＋記銘＋注意計算＋読字理解＋書字＋図形模写］,MWU（完全並べ替え）,5,9,"20［18, 23］","21［17, 23］",18、19、20、20、23,17、18、19、20、21、21、22、22、23,19.5,0.6988011988011988,-0.133,0.433,589,13,0.0005,,1.0,1.0,
M_MMSE部分集合(k=5),初回 MMSE［時間見当識＋場所見当識＋記銘＋注意計算＋図形模写］,MWU（完全並べ替え）,5,9,"16［14, 19］","17［13, 19］",14、15、16、16、19,13、14、15、16、17、17、18、18、19,19.5,0.6988011988011988,-0.133,0.433,589,13,0.0005,,1.0,1.0,
M_MMSE部分集合(k=6),初回 MMSE［時間見当識＋場所見当識＋記銘＋注意計算＋読字理解＋図形模写］,MWU（完全並べ替え）,5,9,"17［15, 20］","18［14, 20］",15、16、17、17、20,14、15、16、17、18、18、19、19、20,19.5,0.6988011988011988,-0.133,0.433,589,13,0.0005,,1.0,1.0,初回 MMSE［時間見当識＋場所見当識＋記銘＋注意計算＋書字＋図形模写］
L_固定時点(18か月),18か月 CDR-SB,MWU（完全並べ替え）,3,3,"2［1, 4.5］","4.5［2, 4.5］",1、2、4.5,2、4.5、4.5,2.5,0.7,-0.444,0.278,53,5,0.1,,1.0,1.0,
L_固定時点(18か月),18か月 ΔCDR 家庭・趣味,MWU（完全並べ替え）,3,3,"0.5［0, 1］","0［0, 0.5］",0、0.5、1,0、0、0.5,6.5,0.7,0.444,0.722,53,5,0.1,,1.0,1.0,
M_MMSE部分集合(k=7),初回 MMSE［時間見当識＋場所見当識＋物品呼称＋記銘＋遅延再生＋復唱＋図形模写］,MWU（完全並べ替え）,5,9,"15［13, 18］","15［13, 18］",13、15、15、18、18,13、14、14、15、15、16、17、17、18,25.5,0.7007992007992008,0.133,0.567,589,13,0.0005,,1.0,1.0,初回 MMSE［時間見当識＋場所見当識＋記銘＋遅延再生＋復唱＋読字理解＋書字＋図形模写］
M_MMSE部分集合(k=8),初回 MMSE［時間見当識＋場所見当識＋物品呼称＋記銘＋遅延再生＋復唱＋読字理解＋図形模写］,MWU（完全並べ替え）,5,9,"16［14, 19］","16［14, 19］",14、16、16、19、19,14、15、15、16、16、17、18、18、19,25.5,0.7007992007992008,0.133,0.567,589,13,0.0005,,1.0,1.0,初回 MMSE［時間見当識＋場所見当識＋物品呼称＋記銘＋遅延再生＋復唱＋書字＋図形模写］
M_MMSE部分集合(k=9),初回 MMSE［時間見当識＋場所見当識＋物品呼称＋記銘＋遅延再生＋復唱＋読字理解＋書字＋図形模写］,MWU（完全並べ替え）,5,9,"17［15, 20］","17［15, 20］",15、17、17、20、20,15、16、16、17、17、18、19、19、20,25.5,0.7007992007992008,0.133,0.567,589,13,0.0005,,1.0,1.0,
M_MMSE部分集合(k=6),初回 MMSE［時間見当識＋場所見当識＋記銘＋遅延再生＋復唱＋図形模写］,MWU（完全並べ替え）,5,9,"13［11, 16］","13［11, 16］",11、13、13、16、16,11、12、12、13、13、14、15、15、16,25.5,0.7007992007992008,0.133,0.567,589,13,0.0005,,1.0,1.0,
M_MMSE部分集合(k=7),初回 MMSE［時間見当識＋場所見当識＋記銘＋遅延再生＋復唱＋読字理解＋図形模写］,MWU（完全並べ替え）,5,9,"14［12, 17］","14［12, 17］",12、14、14、17、17,12、13、13、14、14、15、16、16、17,25.5,0.7007992007992008,0.133,0.567,589,13,0.0005,,1.0,1.0,初回 MMSE［時間見当識＋場所見当識＋記銘＋遅延再生＋復唱＋書字＋図形模写］
M_MMSE部分集合(k=2),初回 MMSE［場所見当識＋3段階命令］,MWU（完全並べ替え）,5,9,"7［6, 8］","8［6, 8］",6、7、7、8、8,6、7、7、7、8、8、8、8、8,18.5,0.7027972027972028,-0.178,0.411,332,14,0.005,,1.0,1.0,
M_MMSE部分集合(k=3),初回 MMSE［場所見当識＋物品呼称＋3段階命令］,MWU（完全並べ替え）,5,9,"9［8, 10］","10［8, 10］",8、9、9、10、10,8、9、9、9、10、10、10、10、10,18.5,0.7027972027972028,-0.178,0.411,332,14,0.005,,1.0,1.0,初回 MMSE［場所見当識＋読字理解＋3段階命令＋書字］
M_MMSE部分集合(k=5),初回 MMSE［場所見当識＋物品呼称＋読字理解＋3段階命令＋書字］,MWU（完全並べ替え）,5,9,"11［10, 12］","12［10, 12］",10、11、11、12、12,10、11、11、11、12、12、12、12、12,18.5,0.7027972027972028,-0.178,0.411,332,14,0.005,,1.0,1.0,
M_MMSE部分集合(k=4),初回 MMSE［場所見当識＋物品呼称＋読字理解＋3段階命令］,MWU（完全並べ替え）,5,9,"10［9, 11］","11［9, 11］",9、10、10、11、11,9、10、10、10、11、11、11、11、11,18.5,0.7027972027972028,-0.178,0.411,332,14,0.005,,1.0,1.0,初回 MMSE［場所見当識＋物品呼称＋3段階命令＋書字］
M_MMSE部分集合(k=3),初回 MMSE［場所見当識＋読字理解＋3段階命令］,MWU（完全並べ替え）,5,9,"8［7, 9］","9［7, 9］",7、8、8、9、9,7、8、8、8、9、9、9、9、9,18.5,0.7027972027972028,-0.178,0.411,332,14,0.005,,1.0,1.0,初回 MMSE［場所見当識＋3段階命令＋書字］
M_MMSE部分集合(k=6),初回 MMSE［物品呼称＋記銘＋遅延再生＋復唱＋読字理解＋書字］,MWU（完全並べ替え）,5,9,"9［7, 9］","8［6, 10］",7、8、9、9、9,6、8、8、8、8、8、9、9、10,25.5,0.7027972027972028,0.133,0.567,589,11,0.0025,,1.0,1.0,
M_MMSE部分集合(k=5),初回 MMSE［物品呼称＋記銘＋遅延再生＋復唱＋読字理解］,MWU（完全並べ替え）,5,9,"8［6, 8］","7［5, 9］",6、7、8、8、8,5、7、7、7、7、7、8、8、9,25.5,0.7027972027972028,0.133,0.567,589,11,0.0025,,1.0,1.0,初回 MMSE［物品呼称＋記銘＋遅延再生＋復唱＋書字］
M_MMSE部分集合(k=4),初回 MMSE［物品呼称＋記銘＋遅延再生＋復唱］,MWU（完全並べ替え）,5,9,"7［5, 7］","6［4, 8］",5、6、7、7、7,4、6、6、6、6、6、7、7、8,25.5,0.7027972027972028,0.133,0.567,589,11,0.0025,,1.0,1.0,初回 MMSE［記銘＋遅延再生＋復唱＋読字理解＋書字］
M_MMSE部分集合(k=4),初回 MMSE［記銘＋遅延再生＋復唱＋読字理解］,MWU（完全並べ替え）,5,9,"6［4, 6］","5［3, 7］",4、5、6、6、6,3、5、5、5、5、5、6、6、7,25.5,0.7027972027972028,0.133,0.567,589,11,0.0025,,1.0,1.0,初回 MMSE［記銘＋遅延再生＋復唱＋書字］
M_MMSE部分集合(k=3),初回 MMSE［記銘＋遅延再生＋復唱］,MWU（完全並べ替え）,5,9,"5［3, 5］","4［2, 6］",3、4、5、5、5,2、4、4、4、4、4、5、5、6,25.5,0.7027972027972028,0.133,0.567,589,11,0.0025,,1.0,1.0,
M_MMSE部分集合(k=7),初回 MMSE［時間見当識＋物品呼称＋記銘＋注意計算＋遅延再生＋復唱＋3段階命令］,MWU（完全並べ替え）,5,9,"17［16, 20］","17［15, 21］",16、16、17、18、20,15、15、16、16、17、17、18、19、21,25.5,0.7072927072927073,0.133,0.567,589,11,0.0005,,1.0,1.0,初回 MMSE［時間見当識＋記銘＋注意計算＋遅延再生＋復唱＋読字理解＋3段階命令＋書字］
M_MMSE部分集合(k=9),初回 MMSE［時間見当識＋物品呼称＋記銘＋注意計算＋遅延再生＋復唱＋読字理解＋3段階命令＋書字］,MWU（完全並べ替え）,5,9,"19［18, 22］","19［17, 23］",18、18、19、20、22,17、17、18、18、19、19、20、21、23,25.5,0.7072927072927073,0.133,0.567,589,11,0.0005,,1.0,1.0,
M_MMSE部分集合(k=8),初回 MMSE［時間見当識＋物品呼称＋記銘＋注意計算＋遅延再生＋復唱＋読字理解＋3段階命令］,MWU（完全並べ替え）,5,9,"18［17, 21］","18［16, 22］",17、17、18、19、21,16、16、17、17、18、18、19、20、22,25.5,0.7072927072927073,0.133,0.567,589,11,0.0005,,1.0,1.0,初回 MMSE［時間見当識＋物品呼称＋記銘＋注意計算＋遅延再生＋復唱＋3段階命令＋書字］
M_MMSE部分集合(k=6),初回 MMSE［時間見当識＋記銘＋注意計算＋遅延再生＋復唱＋3段階命令］,MWU（完全並べ替え）,5,9,"15［14, 18］","15［13, 19］",14、14、15、16、18,13、13、14、14、15、15、16、17、19,25.5,0.7072927072927073,0.133,0.567,589,11,0.0005,,1.0,1.0,
M_MMSE部分集合(k=7),初回 MMSE［時間見当識＋記銘＋注意計算＋遅延再生＋復唱＋読字理解＋3段階命令］,MWU（完全並べ替え）,5,9,"16［15, 19］","16［14, 20］",15、15、16、17、19,14、14、15、15、16、16、17、18、20,25.5,0.7072927072927073,0.133,0.567,589,11,0.0005,,1.0,1.0,初回 MMSE［時間見当識＋記銘＋注意計算＋遅延再生＋復唱＋3段階命令＋書字］
M_MMSE部分集合(k=4),初回 MMSE［物品呼称＋記銘＋復唱＋3段階命令］,MWU（完全並べ替え）,5,9,"9［8, 9］","9［7, 9］",8、9、9、9、9,7、8、8、9、9、9、9、9、9,26.0,0.7152847152847153,0.156,0.578,433,13,0.005,,1.0,1.0,初回 MMSE［記銘＋復唱＋読字理解＋3段階命令＋書字］
M_MMSE部分集合(k=4),初回 MMSE［物品呼称＋記銘＋復唱＋図形模写］,MWU（完全並べ替え）,5,9,"7［6, 7］","7［5, 7］",6、7、7、7、7,5、6、6、7、7、7、7、7、7,26.0,0.7152847152847153,0.156,0.578,433,13,0.005,,1.0,1.0,初回 MMSE［記銘＋復唱＋読字理解＋書字＋図形模写］
M_MMSE部分集合(k=6),初回 MMSE［物品呼称＋記銘＋復唱＋読字理解＋3段階命令＋書字］,MWU（完全並べ替え）,5,9,"11［10, 11］","11［9, 11］",10、11、11、11、11,9、10、10、11、11、11、11、11、11,26.0,0.7152847152847153,0.156,0.578,433,13,0.005,,1.0,1.0,
M_MMSE部分集合(k=5),初回 MMSE［物品呼称＋記銘＋復唱＋読字理解＋3段階命令］,MWU（完全並べ替え）,5,9,"10［9, 10］","10［8, 10］",9、10、10、10、10,8、9、9、10、10、10、10、10、10,26.0,0.7152847152847153,0.156,0.578,433,13,0.005,,1.0,1.0,初回 MMSE［物品呼称＋記銘＋復唱＋3段階命令＋書字］
M_MMSE部分集合(k=5),初回 MMSE［物品呼称＋記銘＋復唱＋読字理解＋図形模写］,MWU（完全並べ替え）,5,9,"8［7, 8］","8［6, 8］",7、8、8、8、8,6、7、7、8、8、8、8、8、8,26.0,0.7152847152847153,0.156,0.578,433,13,0.005,,1.0,1.0,初回 MMSE［物品呼称＋記銘＋復唱＋書字＋図形模写］
M_MMSE部分集合(k=6),初回 MMSE［物品呼称＋記銘＋復唱＋読字理解＋書字＋図形模写］,MWU（完全並べ替え）,5,9,"9［8, 9］","9［7, 9］",8、9、9、9、9,7、8、8、9、9、9、9、9、9,26.0,0.7152847152847153,0.156,0.578,433,13,0.005,,1.0,1.0,
M_MMSE部分集合(k=3),初回 MMSE［記銘＋復唱＋3段階命令］,MWU（完全並べ替え）,5,9,"7［6, 7］","7［5, 7］",6、7、7、7、7,5、6、6、7、7、7、7、7、7,26.0,0.7152847152847153,0.156,0.578,433,13,0.005,,1.0,1.0,
M_MMSE部分集合(k=3),初回 MMSE［記銘＋復唱＋図形模写］,MWU（完全並べ替え）,5,9,"5［4, 5］","5［3, 5］",4、5、5、5、5,3、4、4、5、5、5、5、5、5,26.0,0.7152847152847153,0.156,0.578,433,13,0.005,,1.0,1.0,
M_MMSE部分集合(k=4),初回 MMSE［記銘＋復唱＋読字理解＋3段階命令］,MWU（完全並べ替え）,5,9,"8［7, 8］","8［6, 8］",7、8、8、8、8,6、7、7、8、8、8、8、8、8,26.0,0.7152847152847153,0.156,0.578,433,13,0.005,,1.0,1.0,初回 MMSE［記銘＋復唱＋3段階命令＋書字］
M_MMSE部分集合(k=4),初回 MMSE［記銘＋復唱＋読字理解＋図形模写］,MWU（完全並べ替え）,5,9,"6［5, 6］","6［4, 6］",5、6、6、6、6,4、5、5、6、6、6、6、6、6,26.0,0.7152847152847153,0.156,0.578,433,13,0.005,,1.0,1.0,初回 MMSE［記銘＋復唱＋書字＋図形模写］
M_CDR部分集合(k=3),追跡時 CDR［記憶＋判断力・問題解決＋家庭・趣味］,MWU（完全並べ替え）,5,9,"1.5［1, 2.5］","1.5［1, 2.5］",1、1、1.5、1.5、2.5,1、1、1、1.5、1.5、2、2、2、2.5,19.5,0.7152847152847153,-0.133,0.433,589,14,0.001,,1.0,1.0,
M_CDR部分集合(k=2),追跡時 CDR［記憶＋地域社会の活動］,MWU（完全並べ替え）,5,9,"1［0.5, 2］","1［0.5, 2］",0.5、0.5、1、1、2,0.5、0.5、0.5、1、1、1.5、1.5、1.5、2,19.5,0.7152847152847153,-0.133,0.433,589,14,0.001,,1.0,1.0,
M_MMSE部分集合(k=7),初回 MMSE［時間見当識＋場所見当識＋物品呼称＋記銘＋復唱＋3段階命令＋図形模写］,MWU（完全並べ替え）,5,9,"18［16, 20］","18［16, 20］",16、17、18、20、20,16、16、17、18、18、18、18、19、20,25.5,0.7157842157842158,0.133,0.567,589,13,0.0005,,1.0,1.0,初回 MMSE［時間見当識＋場所見当識＋記銘＋復唱＋読字理解＋3段階命令＋書字＋図形模写］
M_MMSE部分集合(k=8),初回 MMSE［時間見当識＋場所見当識＋物品呼称＋記銘＋復唱＋読字理解＋3段階命令＋図形模写］,MWU（完全並べ替え）,5,9,"19［17, 21］","19［17, 21］",17、18、19、21、21,17、17、18、19、19、19、19、20、21,25.5,0.7157842157842158,0.133,0.567,589,13,0.0005,,1.0,1.0,初回 MMSE［時間見当識＋場所見当識＋物品呼称＋記銘＋復唱＋3段階命令＋書字＋図形模写］
M_MMSE部分集合(k=9),初回 MMSE［時間見当識＋場所見当識＋物品呼称＋記銘＋復唱＋読字理解＋3段階命令＋書字＋図形模写］,MWU（完全並べ替え）,5,9,"20［18, 22］","20［18, 22］",18、19、20、22、22,18、18、19、20、20、20、20、21、22,25.5,0.7157842157842158,0.133,0.567,589,13,0.0005,,1.0,1.0,
M_MMSE部分集合(k=6),初回 MMSE［時間見当識＋場所見当識＋記銘＋復唱＋3段階命令＋図形模写］,MWU（完全並べ替え）,5,9,"16［14, 18］","16［14, 18］",14、15、16、18、18,14、14、15、16、16、16、16、17、18,25.5,0.7157842157842158,0.133,0.567,589,13,0.0005,,1.0,1.0,
M_MMSE部分集合(k=7),初回 MMSE［時間見当識＋場所見当識＋記銘＋復唱＋読字理解＋3段階命令＋図形模写］,MWU（完全並べ替え）,5,9,"17［15, 19］","17［15, 19］",15、16、17、19、19,15、15、16、17、17、17、17、18、19,25.5,0.7157842157842158,0.133,0.567,589,13,0.0005,,1.0,1.0,初回 MMSE［時間見当識＋場所見当識＋記銘＋復唱＋3段階命令＋書字＋図形模写］
M_MMSE部分集合(k=7),初回 MMSE［時間見当識＋場所見当識＋物品呼称＋記銘＋注意計算＋遅延再生＋図形模写］,MWU（完全並べ替え）,5,9,"18［16, 22］","19［16, 23］",16、18、18、19、22,16、16、17、19、19、19、20、21、23,19.5,0.7162837162837162,-0.133,0.433,589,9,0.001,,1.0,1.0,初回 MMSE［時間見当識＋場所見当識＋記銘＋注意計算＋遅延再生＋読字理解＋書字＋図形模写］
M_MMSE部分集合(k=8),初回 MMSE［時間見当識＋場所見当識＋物品呼称＋記銘＋注意計算＋遅延再生＋読字理解＋図形模写］,MWU（完全並べ替え）,5,9,"19［17, 23］","20［17, 24］",17、19、19、20、23,17、17、18、20、20、20、21、22、24,19.5,0.7162837162837162,-0.133,0.433,589,9,0.001,,1.0,1.0,初回 MMSE［時間見当識＋場所見当識＋物品呼称＋記銘＋注意計算＋遅延再生＋書字＋図形模写］
M_MMSE部分集合(k=9),初回 MMSE［時間見当識＋場所見当識＋物品呼称＋記銘＋注意計算＋遅延再生＋読字理解＋書字＋図形模写］,MWU（完全並べ替え）,5,9,"20［18, 24］","21［18, 25］",18、20、20、21、24,18、18、19、21、21、21、22、23、25,19.5,0.7162837162837162,-0.133,0.433,589,9,0.001,,1.0,1.0,
M_MMSE部分集合(k=6),初回 MMSE［時間見当識＋場所見当識＋記銘＋注意計算＋遅延再生＋図形模写］,MWU（完全並べ替え）,5,9,"16［14, 20］","17［14, 21］",14、16、16、17、20,14、14、15、17、17、17、18、19、21,19.5,0.7162837162837162,-0.133,0.433,589,9,0.001,,1.0,1.0,
M_MMSE部分集合(k=7),初回 MMSE［時間見当識＋場所見当識＋記銘＋注意計算＋遅延再生＋読字理解＋図形模写］,MWU（完全並べ替え）,5,9,"17［15, 21］","18［15, 22］",15、17、17、18、21,15、15、16、18、18、18、19、20、22,19.5,0.7162837162837162,-0.133,0.433,589,9,0.001,,1.0,1.0,初回 MMSE［時間見当識＋場所見当識＋記銘＋注意計算＋遅延再生＋書字＋図形模写］
M_CDR部分集合(k=2),Δ CDR［記憶＋地域社会の活動］,MWU（完全並べ替え）,5,9,"0［0, 1］","0.5［0, 1］",0、0、0、0.5、1,0、0、0、0、0.5、0.5、0.5、1、1,19.5,0.7167832167832168,-0.133,0.433,589,14,0.003,,1.0,1.0,
M_MMSE部分集合(k=6),Δ MMSE［時間見当識＋場所見当識＋注意計算＋遅延再生＋復唱＋図形模写］,MWU（完全並べ替え）,5,9,"0［-2, 3］","-1［-4, 3］",-2、-1、0、0、3,-4、-2、-2、-1、-1、0、1、1、3,25.5,0.7182817182817183,0.133,0.567,589,13,0.003,,1.0,1.0,Δ MMSE［時間見当識＋場所見当識＋物品呼称＋注意計算＋遅延再生＋復唱＋図形模写］ ほか14件
M_MMSE部分集合(k=7),初回 MMSE［時間見当識＋物品呼称＋記銘＋注意計算＋復唱＋3段階命令＋図形模写］,MWU（完全並べ替え）,5,9,"18［16, 20］","17［15, 20］",16、17、18、18、20,15、16、16、17、17、18、19、19、20,25.5,0.7182817182817183,0.133,0.567,589,13,0.003,,1.0,1.0,初回 MMSE［時間見当識＋記銘＋注意計算＋復唱＋読字理解＋3段階命令＋書字＋図形模写］
M_MMSE部分集合(k=8),初回 MMSE［時間見当識＋物品呼称＋記銘＋注意計算＋復唱＋読字理解＋3段階命令＋図形模写］,MWU（完全並べ替え）,5,9,"19［17, 21］","18［16, 21］",17、18、19、19、21,16、17、17、18、18、19、20、20、21,25.5,0.7182817182817183,0.133,0.567,589,13,0.003,,1.0,1.0,初回 MMSE［時間見当識＋物品呼称＋記銘＋注意計算＋復唱＋3段階命令＋書字＋図形模写］
M_MMSE部分集合(k=9),初回 MMSE［時間見当識＋物品呼称＋記銘＋注意計算＋復唱＋読字理解＋3段階命令＋書字＋図形模写］,MWU（完全並べ替え）,5,9,"20［18, 22］","19［17, 22］",18、19、20、20、22,17、18、18、19、19、20、21、21、22,25.5,0.7182817182817183,0.133,0.567,589,13,0.003,,1.0,1.0,
M_MMSE部分集合(k=6),初回 MMSE［時間見当識＋記銘＋注意計算＋復唱＋3段階命令＋図形模写］,MWU（完全並べ替え）,5,9,"16［14, 18］","15［13, 18］",14、15、16、16、18,13、14、14、15、15、16、17、17、18,25.5,0.7182817182817183,0.133,0.567,589,13,0.003,,1.0,1.0,
M_MMSE部分集合(k=7),初回 MMSE［時間見当識＋記銘＋注意計算＋復唱＋読字理解＋3段階命令＋図形模写］,MWU（完全並べ替え）,5,9,"17［15, 19］","16［14, 19］",15、16、17、17、19,14、15、15、16、16、17、18、18、19,25.5,0.7182817182817183,0.133,0.567,589,13,0.003,,1.0,1.0,初回 MMSE［時間見当識＋記銘＋注意計算＋復唱＋3段階命令＋書字＋図形模写］
M_MMSE部分集合(k=5),初回 MMSE［時間見当識＋場所見当識＋注意計算＋遅延再生＋読字理解］,MWU（完全並べ替え）,5,9,"14［11, 17］","14［11, 18］",11、13、14、14、17,11、11、13、14、14、15、15、16、18,19.5,0.7192807192807192,-0.133,0.433,589,11,0.001,,1.0,1.0,初回 MMSE［時間見当識＋場所見当識＋注意計算＋遅延再生＋書字］
M_MMSE部分集合(k=4),初回 MMSE［時間見当識＋場所見当識＋注意計算＋遅延再生］,MWU（完全並べ替え）,5,9,"13［10, 16］","13［10, 17］",10、12、13、13、16,10、10、12、13、13、14、14、15、17,19.5,0.7192807192807192,-0.133,0.433,589,11,0.001,,1.0,1.0,
M_MMSE部分集合(k=7),初回 MMSE［時間見当識＋場所見当識＋物品呼称＋注意計算＋遅延再生＋読字理解＋書字］,MWU（完全並べ替え）,5,9,"17［14, 20］","17［14, 21］",14、16、17、17、20,14、14、16、17、17、18、18、19、21,19.5,0.7192807192807192,-0.133,0.433,589,11,0.001,,1.0,1.0,
M_MMSE部分集合(k=6),初回 MMSE［時間見当識＋場所見当識＋物品呼称＋注意計算＋遅延再生＋読字理解］,MWU（完全並べ替え）,5,9,"16［13, 19］","16［13, 20］",13、15、16、16、19,13、13、15、16、16、17、17、18、20,19.5,0.7192807192807192,-0.133,0.433,589,11,0.001,,1.0,1.0,初回 MMSE［時間見当識＋場所見当識＋物品呼称＋注意計算＋遅延再生＋書字］
M_MMSE部分集合(k=5),初回 MMSE［時間見当識＋場所見当識＋物品呼称＋注意計算＋遅延再生］,MWU（完全並べ替え）,5,9,"15［12, 18］","15［12, 19］",12、14、15、15、18,12、12、14、15、15、16、16、17、19,19.5,0.7192807192807192,-0.133,0.433,589,11,0.001,,1.0,1.0,初回 MMSE［時間見当識＋場所見当識＋注意計算＋遅延再生＋読字理解＋書字］
M_MMSE部分集合(k=4),初回 MMSE［時間見当識＋物品呼称＋記銘＋図形模写］,MWU（完全並べ替え）,5,9,"10［9, 11］","10［7, 11］",9、9、10、11、11,7、8、9、9、10、10、11、11、11,26.0,0.7202797202797203,0.156,0.578,433,12,0.0005,,1.0,1.0,初回 MMSE［時間見当識＋記銘＋読字理解＋書字＋図形模写］
M_MMSE部分集合(k=5),初回 MMSE［時間見当識＋物品呼称＋記銘＋読字理解＋図形模写］,MWU（完全並べ替え）,5,9,"11［10, 12］","11［8, 12］",10、10、11、12、12,8、9、10、10、11、11、12、12、12,26.0,0.7202797202797203,0.156,0.578,433,12,0.0005,,1.0,1.0,初回 MMSE［時間見当識＋物品呼称＋記銘＋書字＋図形模写］
M_MMSE部分集合(k=6),初回 MMSE［時間見当識＋物品呼称＋記銘＋読字理解＋書字＋図形模写］,MWU（完全並べ替え）,5,9,"12［11, 13］","12［9, 13］",11、11、12、13、13,9、10、11、11、12、12、13、13、13,26.0,0.7202797202797203,0.156,0.578,433,12,0.0005,,1.0,1.0,
M_MMSE部分集合(k=5),初回 MMSE［時間見当識＋物品呼称＋記銘＋読字理解＋書字］,MWU（完全並べ替え）,5,9,"11［10, 12］","11［9, 12］",10、10、11、12、12,9、9、10、10、11、11、12、12、12,26.0,0.7202797202797203,0.156,0.578,433,14,0.0005,,1.0,1.0,
M_MMSE部分集合(k=4),初回 MMSE［時間見当識＋物品呼称＋記銘＋読字理解］,MWU（完全並べ替え）,5,9,"10［9, 11］","10［8, 11］",9、9、10、11、11,8、8、9、9、10、10、11、11、11,26.0,0.7202797202797203,0.156,0.578,433,14,0.0005,,1.0,1.0,初回 MMSE［時間見当識＋物品呼称＋記銘＋書字］
M_MMSE部分集合(k=3),初回 MMSE［時間見当識＋物品呼称＋記銘］,MWU（完全並べ替え）,5,9,"9［8, 10］","9［7, 10］",8、8、9、10、10,7、7、8、8、9、9、10、10、10,26.0,0.7202797202797203,0.156,0.578,433,14,0.0005,,1.0,1.0,初回 MMSE［時間見当識＋記銘＋読字理解＋書字］
M_MMSE部分集合(k=3),初回 MMSE［時間見当識＋記銘＋図形模写］,MWU（完全並べ替え）,5,9,"8［7, 9］","8［5, 9］",7、7、8、9、9,5、6、7、7、8、8、9、9、9,26.0,0.7202797202797203,0.156,0.578,433,12,0.0005,,1.0,1.0,
M_MMSE部分集合(k=4),初回 MMSE［時間見当識＋記銘＋読字理解＋図形模写］,MWU（完全並べ替え）,5,9,"9［8, 10］","9［6, 10］",8、8、9、10、10,6、7、8、8、9、9、10、10、10,26.0,0.7202797202797203,0.156,0.578,433,12,0.0005,,1.0,1.0,初回 MMSE［時間見当識＋記銘＋書字＋図形模写］
M_MMSE部分集合(k=3),初回 MMSE［時間見当識＋記銘＋読字理解］,MWU（完全並べ替え）,5,9,"8［7, 9］","8［6, 9］",7、7、8、9、9,6、6、7、7、8、8、9、9、9,26.0,0.7202797202797203,0.156,0.578,433,14,0.0005,,1.0,1.0,初回 MMSE［時間見当識＋記銘＋書字］
M_MMSE部分集合(k=2),初回 MMSE［時間見当識＋記銘］,MWU（完全並べ替え）,5,9,"7［6, 8］","7［5, 8］",6、6、7、8、8,5、5、6、6、7、7、8、8、8,26.0,0.7202797202797203,0.156,0.578,433,14,0.0005,,1.0,1.0,
M_CDR部分集合(k=5),追跡時 CDR［記憶＋見当識＋判断力・問題解決＋家庭・趣味＋身の回りの世話］,MWU（完全並べ替え）,5,9,"2［1, 3.5］","2［1.5, 3.5］",1、1.5、2、2、3.5,1.5、1.5、1.5、1.5、2、2.5、2.5、3、3.5,19.5,0.7207792207792207,-0.133,0.433,589,12,0.0005,,1.0,1.0,
M_MMSE部分集合(k=7),初回 MMSE［時間見当識＋場所見当識＋物品呼称＋記銘＋注意計算＋遅延再生＋3段階命令］,MWU（完全並べ替え）,5,9,"20［18, 24］","21［18, 25］",18、20、20、21、24,18、18、20、21、21、21、21、23、25,19.0,0.7222777222777222,-0.156,0.422,433,11,0.0015,,1.0,1.0,初回 MMSE［時間見当識＋場所見当識＋記銘＋注意計算＋遅延再生＋読字理解＋3段階命令＋書字］
M_MMSE部分集合(k=9),初回 MMSE［時間見当識＋場所見当識＋物品呼称＋記銘＋注意計算＋遅延再生＋読字理解＋3段階命令＋書字］,MWU（完全並べ替え）,5,9,"22［20, 26］","23［20, 27］",20、22、22、23、26,20、20、22、23、23、23、23、25、27,19.0,0.7222777222777222,-0.156,0.422,433,11,0.0015,,1.0,1.0,
M_MMSE部分集合(k=8),初回 MMSE［時間見当識＋場所見当識＋物品呼称＋記銘＋注意計算＋遅延再生＋読字理解＋3段階命令］,MWU（完全並べ替え）,5,9,"21［19, 25］","22［19, 26］",19、21、21、22、25,19、19、21、22、22、22、22、24、26,19.0,0.7222777222777222,-0.156,0.422,433,11,0.0015,,1.0,1.0,初回 MMSE［時間見当識＋場所見当識＋物品呼称＋記銘＋注意計算＋遅延再生＋3段階命令＋書字］
M_MMSE部分集合(k=6),初回 MMSE［時間見当識＋場所見当識＋記銘＋注意計算＋遅延再生＋3段階命令］,MWU（完全並べ替え）,5,9,"18［16, 22］","19［16, 23］",16、18、18、19、22,16、16、18、19、19、19、19、21、23,19.0,0.7222777222777222,-0.156,0.422,433,11,0.0015,,1.0,1.0,
M_MMSE部分集合(k=7),初回 MMSE［時間見当識＋場所見当識＋記銘＋注意計算＋遅延再生＋読字理解＋3段階命令］,MWU（完全並べ替え）,5,9,"19［17, 23］","20［17, 24］",17、19、19、20、23,17、17、19、20、20、20、20、22、24,19.0,0.7222777222777222,-0.156,0.422,433,11,0.0015,,1.0,1.0,初回 MMSE［時間見当識＋場所見当識＋記銘＋注意計算＋遅延再生＋3段階命令＋書字］
M_MMSE部分集合(k=5),Δ MMSE［時間見当識＋場所見当識＋遅延再生＋復唱＋図形模写］,MWU（完全並べ替え）,5,9,"-1［-2, 0］","-1［-2, 2］",-2、-1、-1、0、0,-2、-2、-1、-1、-1、0、1、2、2,19.0,0.7227772227772228,-0.156,0.422,433,13,0.0015,,1.0,1.0,Δ MMSE［時間見当識＋場所見当識＋物品呼称＋遅延再生＋復唱＋図形模写］ ほか14件
M_MMSE部分集合(k=5),初回 MMSE［場所見当識＋物品呼称＋記銘＋3段階命令＋図形模写］,MWU（完全並べ替え）,5,9,"13［12, 14］","13［12, 14］",12、12、13、14、14,12、13、13、13、13、13、14、14、14,19.5,0.7227772227772228,-0.133,0.433,589,14,0.0005,,1.0,1.0,初回 MMSE［場所見当識＋記銘＋読字理解＋3段階命令＋書字＋図形模写］
M_MMSE部分集合(k=6),初回 MMSE［場所見当識＋物品呼称＋記銘＋読字理解＋3段階命令＋図形模写］,MWU（完全並べ替え）,5,9,"14［13, 15］","14［13, 15］",13、13、14、15、15,13、14、14、14、14、14、15、15、15,19.5,0.7227772227772228,-0.133,0.433,589,14,0.0005,,1.0,1.0,初回 MMSE［場所見当識＋物品呼称＋記銘＋3段階命令＋書字＋図形模写］
M_MMSE部分集合(k=7),初回 MMSE［場所見当識＋物品呼称＋記銘＋読字理解＋3段階命令＋書字＋図形模写］,MWU（完全並べ替え）,5,9,"15［14, 16］","15［14, 16］",14、14、15、16、16,14、15、15、15、15、15、16、16、16,19.5,0.7227772227772228,-0.133,0.433,589,14,0.0005,,1.0,1.0,
M_MMSE部分集合(k=4),初回 MMSE［場所見当識＋記銘＋3段階命令＋図形模写］,MWU（完全並べ替え）,5,9,"11［10, 12］","11［10, 12］",10、10、11、12、12,10、11、11、11、11、11、12、12、12,19.5,0.7227772227772228,-0.133,0.433,589,14,0.0005,,1.0,1.0,
M_MMSE部分集合(k=5),初回 MMSE［場所見当識＋記銘＋読字理解＋3段階命令＋図形模写］,MWU（完全並べ替え）,5,9,"12［11, 13］","12［11, 13］",11、11、12、13、13,11、12、12、12、12、12、13、13、13,19.5,0.7227772227772228,-0.133,0.433,589,14,0.0005,,1.0,1.0,初回 MMSE［場所見当識＋記銘＋3段階命令＋書字＋図形模写］
M_CDR部分集合(k=3),Δ CDR［見当識＋判断力・問題解決＋家庭・趣味］,MWU（完全並べ替え）,5,9,"0.5［0, 1.5］","0.5［0, 1］",0、0.5、0.5、0.5、1.5,0、0、0、0.5、0.5、0.5、0.5、1、1,25.5,0.7237762237762237,0.133,0.567,589,13,0.0035,,1.0,1.0,
M_CDR部分集合(k=3),Δ CDR［見当識＋家庭・趣味＋身の回りの世話］,MWU（完全並べ替え）,5,9,"0.5［0, 1.5］","0.5［0, 1］",0、0.5、0.5、0.5、1.5,0、0、0、0.5、0.5、0.5、0.5、1、1,25.5,0.7237762237762237,0.133,0.567,589,13,0.0035,,1.0,1.0,
M_MMSE部分集合(k=4),初回 MMSE［時間見当識＋場所見当識＋注意計算＋読字理解］,MWU（完全並べ替え）,5,9,"13［11, 16］","14［10, 16］",11、12、13、14、16,10、11、13、13、14、15、15、15、16,19.5,0.7247752247752248,-0.133,0.433,589,12,0.0005,,1.0,1.0,初回 MMSE［時間見当識＋場所見当識＋注意計算＋書字］
M_MMSE部分集合(k=3),初回 MMSE［時間見当識＋場所見当識＋注意計算］,MWU（完全並べ替え）,5,9,"12［10, 15］","13［9, 15］",10、11、12、13、15,9、10、12、12、13、14、14、14、15,19.5,0.7247752247752248,-0.133,0.433,589,12,0.0005,,1.0,1.0,
M_MMSE部分集合(k=6),初回 MMSE［時間見当識＋場所見当識＋物品呼称＋注意計算＋読字理解＋書字］,MWU（完全並べ替え）,5,9,"16［14, 19］","17［13, 19］",14、15、16、17、19,13、14、16、16、17、18、18、18、19,19.5,0.7247752247752248,-0.133,0.433,589,12,0.0005,,1.0,1.0,
M_MMSE部分集合(k=5),初回 MMSE［時間見当識＋場所見当識＋物品呼称＋注意計算＋読字理解］,MWU（完全並べ替え）,5,9,"15［13, 18］","16［12, 18］",13、14、15、16、18,12、13、15、15、16、17、17、17、18,19.5,0.7247752247752248,-0.133,0.433,589,12,0.0005,,1.0,1.0,初回 MMSE［時間見当識＋場所見当識＋物品呼称＋注意計算＋書字］
M_MMSE部分集合(k=4),初回 MMSE［時間見当識＋場所見当識＋物品呼称＋注意計算］,MWU（完全並べ替え）,5,9,"14［12, 17］","15［11, 17］",12、13、14、15、17,11、12、14、14、15、16、16、16、17,19.5,0.7247752247752248,-0.133,0.433,589,12,0.0005,,1.0,1.0,初回 MMSE［時間見当識＋場所見当識＋注意計算＋読字理解＋書字］
C_変化量,Δ MMSE合計,MWU（完全並べ替え）,5,9,"0［-2, 3］","0［-4, 3］",-2、-1、0、1、3,-4、-2、-2、-1、0、0、1、1、3,26.0,0.7252747252747253,0.156,0.578,433,13,0.0005,,1.0,1.0,Δ MMSE［時間見当識＋場所見当識＋記銘＋注意計算＋遅延再生＋復唱＋図形模写］ ほか15件
M_MMSE部分集合(k=5),初回 MMSE［時間見当識＋注意計算＋復唱＋3段階命令＋図形模写］,MWU（完全並べ替え）,5,9,"13［11, 15］","13［10, 15］",11、12、13、14、15,10、11、11、12、13、13、14、14、15,26.0,0.7252747252747253,0.156,0.578,433,13,0.0005,,1.0,1.0,
M_MMSE部分集合(k=6),初回 MMSE［時間見当識＋注意計算＋復唱＋読字理解＋3段階命令＋図形模写］,MWU（完全並べ替え）,5,9,"14［12, 16］","14［11, 16］",12、13、14、15、16,11、12、12、13、14、14、15、15、16,26.0,0.7252747252747253,0.156,0.578,433,13,0.0005,,1.0,1.0,初回 MMSE［時間見当識＋注意計算＋復唱＋3段階命令＋書字＋図形模写］
M_MMSE部分集合(k=6),初回 MMSE［時間見当識＋物品呼称＋注意計算＋復唱＋3段階命令＋図形模写］,MWU（完全並べ替え）,5,9,"15［13, 17］","15［12, 17］",13、14、15、16、17,12、13、13、14、15、15、16、16、17,26.0,0.7252747252747253,0.156,0.578,433,13,0.0005,,1.0,1.0,初回 MMSE［時間見当識＋注意計算＋復唱＋読字理解＋3段階命令＋書字＋図形模写］
M_MMSE部分集合(k=7),初回 MMSE［時間見当識＋物品呼称＋注意計算＋復唱＋読字理解＋3段階命令＋図形模写］,MWU（完全並べ替え）,5,9,"16［14, 18］","16［13, 18］",14、15、16、17、18,13、14、14、15、16、16、17、17、18,26.0,0.7252747252747253,0.156,0.578,433,13,0.0005,,1.0,1.0,初回 MMSE［時間見当識＋物品呼称＋注意計算＋復唱＋3段階命令＋書字＋図形模写］
M_MMSE部分集合(k=8),初回 MMSE［時間見当識＋物品呼称＋注意計算＋復唱＋読字理解＋3段階命令＋書字＋図形模写］,MWU（完全並べ替え）,5,9,"17［15, 19］","17［14, 19］",15、16、17、18、19,14、15、15、16、17、17、18、18、19,26.0,0.7252747252747253,0.156,0.578,433,13,0.0005,,1.0,1.0,
M_MMSE部分集合(k=7),初回 MMSE［時間見当識＋場所見当識＋物品呼称＋記銘＋注意計算＋3段階命令＋図形模写］,MWU（完全並べ替え）,5,9,"21［19, 24］","22［18, 24］",19、20、21、21、24,18、19、20、21、22、22、22、23、24,19.5,0.7262737262737263,-0.133,0.433,589,12,0.0005,,1.0,1.0,初回 MMSE［時間見当識＋場所見当識＋記銘＋注意計算＋読字理解＋3段階命令＋書字＋図形模写］
M_MMSE部分集合(k=8),初回 MMSE［時間見当識＋場所見当識＋物品呼称＋記銘＋注意計算＋読字理解＋3段階命令＋図形模写］,MWU（完全並べ替え）,5,9,"22［20, 25］","23［19, 25］",20、21、22、22、25,19、20、21、22、23、23、23、24、25,19.5,0.7262737262737263,-0.133,0.433,589,12,0.0005,,1.0,1.0,初回 MMSE［時間見当識＋場所見当識＋物品呼称＋記銘＋注意計算＋3段階命令＋書字＋図形模写］
M_MMSE部分集合(k=9),初回 MMSE［時間見当識＋場所見当識＋物品呼称＋記銘＋注意計算＋読字理解＋3段階命令＋書字＋図形模写］,MWU（完全並べ替え）,5,9,"23［21, 26］","24［20, 26］",21、22、23、23、26,20、21、22、23、24、24、24、25、26,19.5,0.7262737262737263,-0.133,0.433,589,12,0.0005,,1.0,1.0,
M_MMSE部分集合(k=6),初回 MMSE［時間見当識＋場所見当識＋記銘＋注意計算＋3段階命令＋図形模写］,MWU（完全並べ替え）,5,9,"19［17, 22］","20［16, 22］",17、18、19、19、22,16、17、18、19、20、20、20、21、22,19.5,0.7262737262737263,-0.133,0.433,589,12,0.0005,,1.0,1.0,
M_MMSE部分集合(k=7),初回 MMSE［時間見当識＋場所見当識＋記銘＋注意計算＋読字理解＋3段階命令＋図形模写］,MWU（完全並べ替え）,5,9,"20［18, 23］","21［17, 23］",18、19、20、20、23,17、18、19、20、21、21、21、22、23,19.5,0.7262737262737263,-0.133,0.433,589,12,0.0005,,1.0,1.0,初回 MMSE［時間見当識＋場所見当識＋記銘＋注意計算＋3段階命令＋書字＋図形模写］
E_合成指標,Δ CDR 生活3領域計（地域社会＋家庭・趣味＋身の回り）,MWU（完全並べ替え）,5,9,"0［0, 1.5］","0.5［0, 1.5］",0、0、0、0.5、1.5,0、0、0、0、0.5、0.5、1、1、1.5,19.5,0.7272727272727273,-0.133,0.433,589,14,0.0015,,1.0,1.0,Δ CDR［地域社会の活動＋家庭・趣味＋身の回りの世話］
M_CDR部分集合(k=3),Δ CDR［判断力・問題解決＋地域社会の活動＋家庭・趣味］,MWU（完全並べ替え）,5,9,"0［0, 1.5］","0.5［0, 1.5］",0、0、0、0.5、1.5,0、0、0、0、0.5、0.5、1、1、1.5,19.5,0.7272727272727273,-0.133,0.433,589,14,0.0015,,1.0,1.0,
L_固定時点(6か月),6か月 ΔCDR-SB,MWU（完全並べ替え）,5,9,"0.5［0, 1.5］","0.5［0, 1］",0、0、0.5、0.5、1.5,0、0、0、0、0.5、0.5、0.5、0.5、1,25.0,0.7277722277722277,0.111,0.556,848,12,0.003,,1.0,1.0,
M_MMSE部分集合(k=4),Δ MMSE［記銘＋遅延再生＋復唱＋図形模写］,MWU（完全並べ替え）,5,9,"0［-1, 1］","0［-1, 1］",-1、-1、0、0、1,-1、-1、0、0、0、0、1、1、1,17.5,0.7292707292707292,-0.222,0.389,212,14,0.00599,,1.0,1.0,Δ MMSE［物品呼称＋記銘＋遅延再生＋復唱＋図形模写］ ほか14件
M_MMSE部分集合(k=8),初回 MMSE［時間見当識＋場所見当識＋物品呼称＋記銘＋遅延再生＋復唱＋読字理解＋書字］,MWU（完全並べ替え）,5,9,"16［14, 19］","16［15, 19］",14、16、16、19、19,15、15、15、16、16、17、18、18、19,25.0,0.7322677322677322,0.111,0.556,848,12,0.0005,,1.0,1.0,
M_MMSE部分集合(k=7),初回 MMSE［時間見当識＋場所見当識＋物品呼称＋記銘＋遅延再生＋復唱＋読字理解］,MWU（完全並べ替え）,5,9,"15［13, 18］","15［14, 18］",13、15、15、18、18,14、14、14、15、15、16、17、17、18,25.0,0.7322677322677322,0.111,0.556,848,12,0.0005,,1.0,1.0,初回 MMSE［時間見当識＋場所見当識＋物品呼称＋記銘＋遅延再生＋復唱＋書字］
M_MMSE部分集合(k=6),初回 MMSE［時間見当識＋場所見当識＋物品呼称＋記銘＋遅延再生＋復唱］,MWU（完全並べ替え）,5,9,"14［12, 17］","14［13, 17］",12、14、14、17、17,13、13、13、14、14、15、16、16、17,25.0,0.7322677322677322,0.111,0.556,848,12,0.0005,,1.0,1.0,初回 MMSE［時間見当識＋場所見当識＋記銘＋遅延再生＋復唱＋読字理解＋書字］
M_MMSE部分集合(k=6),初回 MMSE［時間見当識＋場所見当識＋記銘＋遅延再生＋復唱＋読字理解］,MWU（完全並べ替え）,5,9,"13［11, 16］","13［12, 16］",11、13、13、16、16,12、12、12、13、13、14、15、15、16,25.0,0.7322677322677322,0.111,0.556,848,12,0.0005,,1.0,1.0,初回 MMSE［時間見当識＋場所見当識＋記銘＋遅延再生＋復唱＋書字］
M_MMSE部分集合(k=5),初回 MMSE［時間見当識＋場所見当識＋記銘＋遅延再生＋復唱］,MWU（完全並べ替え）,5,9,"12［10, 15］","12［11, 15］",10、12、12、15、15,11、11、11、12、12、13、14、14、15,25.0,0.7322677322677322,0.111,0.556,848,12,0.0005,,1.0,1.0,
M_MMSE部分集合(k=4),Δ MMSE［時間見当識＋注意計算＋遅延再生＋図形模写］,MWU（完全並べ替え）,5,9,"-2［-2, 3］","-1［-4, 2］",-2、-2、-2、0、3,-4、-2、-1、-1、-1、0、0、1、2,19.5,0.7337662337662337,-0.133,0.433,589,10,0.0005,,1.0,1.0,Δ MMSE［時間見当識＋物品呼称＋注意計算＋遅延再生＋図形模写］ ほか14件
M_MMSE部分集合(k=4),追跡時 MMSE［時間見当識＋場所見当識＋復唱＋読字理解］,MWU（完全並べ替え）,5,9,"11［7, 12］","10［8, 11］",7、9、11、11、12,8、9、10、10、10、10、11、11、11,25.5,0.7362637362637363,0.133,0.567,589,11,0.002,,1.0,1.0,追跡時 MMSE［時間見当識＋場所見当識＋復唱＋書字］、追跡時 MMSE［時間見当識＋場所見当識＋復唱＋図形模写］
M_MMSE部分集合(k=3),追跡時 MMSE［時間見当識＋場所見当識＋復唱］,MWU（完全並べ替え）,5,9,"10［6, 11］","9［7, 10］",6、8、10、10、11,7、8、9、9、9、9、10、10、10,25.5,0.7362637362637363,0.133,0.567,589,11,0.002,,1.0,1.0,
M_MMSE部分集合(k=4),追跡時 MMSE［時間見当識＋場所見当識＋物品呼称＋復唱］,MWU（完全並べ替え）,5,9,"12［8, 13］","11［9, 12］",8、10、12、12、13,9、10、11、11、11、11、12、12、12,25.5,0.7362637362637363,0.133,0.567,589,11,0.002,,1.0,1.0,追跡時 MMSE［時間見当識＋場所見当識＋復唱＋読字理解＋書字］、追跡時 MMSE［時間見当識＋場所見当識＋復唱＋読字理解＋図形模写］、追跡時 MMSE［時間見当識＋場所見当識＋復唱＋書字＋図形模写］
M_MMSE部分集合(k=8),追跡時 MMSE［時間見当識＋場所見当識＋物品呼称＋記銘＋復唱＋読字理解＋書字＋図形模写］,MWU（完全並べ替え）,5,9,"18［14, 19］","17［15, 18］",14、16、18、18、19,15、16、17、17、17、17、18、18、18,25.5,0.7362637362637363,0.133,0.567,589,11,0.002,,1.0,1.0,
M_MMSE部分集合(k=7),追跡時 MMSE［時間見当識＋場所見当識＋物品呼称＋記銘＋復唱＋読字理解＋書字］,MWU（完全並べ替え）,5,9,"17［13, 18］","16［14, 17］",13、15、17、17、18,14、15、16、16、16、16、17、17、17,25.5,0.7362637362637363,0.133,0.567,589,11,0.002,,1.0,1.0,追跡時 MMSE［時間見当識＋場所見当識＋物品呼称＋記銘＋復唱＋読字理解＋図形模写］、追跡時 MMSE［時間見当識＋場所見当識＋物品呼称＋記銘＋復唱＋書字＋図形模写］
M_MMSE部分集合(k=6),追跡時 MMSE［時間見当識＋場所見当識＋物品呼称＋記銘＋復唱＋読字理解］,MWU（完全並べ替え）,5,9,"16［12, 17］","15［13, 16］",12、14、16、16、17,13、14、15、15、15、15、16、16、16,25.5,0.7362637362637363,0.133,0.567,589,11,0.002,,1.0,1.0,追跡時 MMSE［時間見当識＋場所見当識＋物品呼称＋記銘＋復唱＋書字］、追跡時 MMSE［時間見当識＋場所見当識＋物品呼称＋記銘＋復唱＋図形模写］、追跡時 MMSE［時間見当識＋場所見当識＋記銘＋復唱＋読字理解＋書字＋図形模写］
M_MMSE部分集合(k=5),追跡時 MMSE［時間見当識＋場所見当識＋物品呼称＋記銘＋復唱］,MWU（完全並べ替え）,5,9,"15［11, 16］","14［12, 15］",11、13、15、15、16,12、13、14、14、14、14、15、15、15,25.5,0.7362637362637363,0.133,0.567,589,11,0.002,,1.0,1.0,追跡時 MMSE［時間見当識＋場所見当識＋記銘＋復唱＋読字理解＋書字］、追跡時 MMSE［時間見当識＋場所見当識＋記銘＋復唱＋読字理解＋図形模写］、追跡時 MMSE［時間見当識＋場所見当識＋記銘＋復唱＋書字＋図形模写］、追跡時 MMSE［時間見当識＋場所見当識＋物品呼称＋復唱＋読字理解＋書字＋図形模写］
M_MMSE部分集合(k=5),追跡時 MMSE［時間見当識＋場所見当識＋記銘＋復唱＋読字理解］,MWU（完全並べ替え）,5,9,"14［10, 15］","13［11, 14］",10、12、14、14、15,11、12、13、13、13、13、14、14、14,25.5,0.7362637362637363,0.133,0.567,589,11,0.002,,1.0,1.0,追跡時 MMSE［時間見当識＋場所見当識＋記銘＋復唱＋書字］ ほか4件
M_MMSE部分集合(k=4),追跡時 MMSE［時間見当識＋場所見当識＋記銘＋復唱］,MWU（完全並べ替え）,5,9,"13［9, 14］","12［10, 13］",9、11、13、13、14,10、11、12、12、12、12、13、13、13,25.5,0.7362637362637363,0.133,0.567,589,11,0.002,,1.0,1.0,追跡時 MMSE［時間見当識＋場所見当識＋物品呼称＋復唱＋読字理解］、追跡時 MMSE［時間見当識＋場所見当識＋物品呼称＋復唱＋書字］、追跡時 MMSE［時間見当識＋場所見当識＋物品呼称＋復唱＋図形模写］、追跡時 MMSE［時間見当識＋場所見当識＋復唱＋読字理解＋書字＋図形模写］
M2_下位項目の差,初回 MMSE［場所見当識−記銘］,MWU（完全並べ替え）,5,9,"2［0, 2］","2［1, 3］",0、1、2、2、2,1、1、1、1、2、2、2、2、3,20.0,0.7377622377622378,-0.111,0.444,848,12,0.0025,,1.0,1.0,
M_CDR部分集合(k=3),追跡時 CDR［記憶＋見当識＋地域社会の活動］,MWU（完全並べ替え）,5,9,"1.5［0.5, 3］","1.5［0.5, 2.5］",0.5、1、1.5、1.5、3,0.5、1、1、1.5、1.5、2、2、2、2.5,19.5,0.7432567432567433,-0.133,0.433,589,12,0.001,,1.0,1.0,
M_MMSE部分集合(k=3),追跡時 MMSE［時間見当識＋場所見当識＋3段階命令］,MWU（完全並べ替え）,5,9,"12［8, 13］","11［9, 12］",8、10、12、12、13,9、10、10、11、11、12、12、12、12,25.0,0.7447552447552448,0.111,0.556,848,11,0.0005,,1.0,1.0,
M_MMSE部分集合(k=4),追跡時 MMSE［時間見当識＋場所見当識＋物品呼称＋3段階命令］,MWU（完全並べ替え）,5,9,"14［10, 15］","13［11, 14］",10、12、14、14、15,11、12、12、13、13、14、14、14、14,25.0,0.7447552447552448,0.111,0.556,848,11,0.0005,,1.0,1.0,追跡時 MMSE［時間見当識＋場所見当識＋読字理解＋3段階命令＋書字］、追跡時 MMSE［時間見当識＋場所見当識＋読字理解＋3段階命令＋図形模写］、追跡時 MMSE［時間見当識＋場所見当識＋3段階命令＋書字＋図形模写］
M_MMSE部分集合(k=5),追跡時 MMSE［時間見当識＋場所見当識＋物品呼称＋記銘＋3段階命令］,MWU（完全並べ替え）,5,9,"17［13, 18］","16［14, 17］",13、15、17、17、18,14、15、15、16、16、17、17、17、17,25.0,0.7447552447552448,0.111,0.556,848,11,0.0005,,1.0,1.0,追跡時 MMSE［時間見当識＋場所見当識＋記銘＋読字理解＋3段階命令＋書字］、追跡時 MMSE［時間見当識＋場所見当識＋記銘＋読字理解＋3段階命令＋図形模写］、追跡時 MMSE［時間見当識＋場所見当識＋記銘＋3段階命令＋書字＋図形模写］、追跡時 MMSE［時間見当識＋場所見当識＋物品呼称＋読字理解＋3段階命令＋書字＋図形模写］
M_MMSE部分集合(k=8),追跡時 MMSE［時間見当識＋場所見当識＋物品呼称＋記銘＋読字理解＋3段階命令＋書字＋図形模写］,MWU（完全並べ替え）,5,9,"20［16, 21］","19［17, 20］",16、18、20、20、21,17、18、18、19、19、20、20、20、20,25.0,0.7447552447552448,0.111,0.556,848,11,0.0005,,1.0,1.0,
M_MMSE部分集合(k=7),追跡時 MMSE［時間見当識＋場所見当識＋物品呼称＋記銘＋読字理解＋3段階命令＋書字］,MWU（完全並べ替え）,5,9,"19［15, 20］","18［16, 19］",15、17、19、19、20,16、17、17、18、18、19、19、19、19,25.0,0.7447552447552448,0.111,0.556,848,11,0.0005,,1.0,1.0,追跡時 MMSE［時間見当識＋場所見当識＋物品呼称＋記銘＋読字理解＋3段階命令＋図形模写］、追跡時 MMSE［時間見当識＋場所見当識＋物品呼称＋記銘＋3段階命令＋書字＋図形模写］
M_MMSE部分集合(k=6),追跡時 MMSE［時間見当識＋場所見当識＋物品呼称＋記銘＋読字理解＋3段階命令］,MWU（完全並べ替え）,5,9,"18［14, 19］","17［15, 18］",14、16、18、18、19,15、16、16、17、17、18、18、18、18,25.0,0.7447552447552448,0.111,0.556,848,11,0.0005,,1.0,1.0,追跡時 MMSE［時間見当識＋場所見当識＋物品呼称＋記銘＋3段階命令＋書字］、追跡時 MMSE［時間見当識＋場所見当識＋物品呼称＋記銘＋3段階命令＋図形模写］、追跡時 MMSE［時間見当識＋場所見当識＋記銘＋読字理解＋3段階命令＋書字＋図形模写］
M_MMSE部分集合(k=4),追跡時 MMSE［時間見当識＋場所見当識＋記銘＋3段階命令］,MWU（完全並べ替え）,5,9,"15［11, 16］","14［12, 15］",11、13、15、15、16,12、13、13、14、14、15、15、15、15,25.0,0.7447552447552448,0.111,0.556,848,11,0.0005,,1.0,1.0,追跡時 MMSE［時間見当識＋場所見当識＋物品呼称＋読字理解＋3段階命令］、追跡時 MMSE［時間見当識＋場所見当識＋物品呼称＋3段階命令＋書字］、追跡時 MMSE［時間見当識＋場所見当識＋物品呼称＋3段階命令＋図形模写］、追跡時 MMSE［時間見当識＋場所見当識＋読字理解＋3段階命令＋書字＋図形模写］
M_MMSE部分集合(k=5),追跡時 MMSE［時間見当識＋場所見当識＋記銘＋読字理解＋3段階命令］,MWU（完全並べ替え）,5,9,"16［12, 17］","15［13, 16］",12、14、16、16、17,13、14、14、15、15、16、16、16、16,25.0,0.7447552447552448,0.111,0.556,848,11,0.0005,,1.0,1.0,追跡時 MMSE［時間見当識＋場所見当識＋記銘＋3段階命令＋書字］ ほか4件
M_MMSE部分集合(k=4),追跡時 MMSE［時間見当識＋場所見当識＋読字理解＋3段階命令］,MWU（完全並べ替え）,5,9,"13［9, 14］","12［10, 13］",9、11、13、13、14,10、11、11、12、12、13、13、13、13,25.0,0.7447552447552448,0.111,0.556,848,11,0.0005,,1.0,1.0,追跡時 MMSE［時間見当識＋場所見当識＋3段階命令＋書字］、追跡時 MMSE［時間見当識＋場所見当識＋3段階命令＋図形模写］
C_変化量,Δ CDR 家庭・趣味,MWU（完全並べ替え）,5,9,"0［0, 1］","0［0, 0.5］",0、0、0、0.5、1,0、0、0、0、0、0、0.5、0.5、0.5,25.5,0.7482517482517482,0.133,0.567,589,13,0.0005,,1.0,1.0,Δ CDR［家庭・趣味］
M_MMSE部分集合(k=3),初回 MMSE［注意計算＋復唱＋3段階命令］,MWU（完全並べ替え）,5,9,"8［5, 9］","8［7, 9］",5、8、8、9、9,7、7、7、7、8、8、9、9、9,25.0,0.7502497502497503,0.111,0.556,848,13,0.001,,1.0,1.0,
M_MMSE部分集合(k=3),初回 MMSE［注意計算＋復唱＋図形模写］,MWU（完全並べ替え）,5,9,"6［3, 7］","6［5, 7］",3、6、6、7、7,5、5、5、5、6、6、7、7、7,25.0,0.7502497502497503,0.111,0.556,848,13,0.001,,1.0,1.0,
M_MMSE部分集合(k=4),初回 MMSE［注意計算＋復唱＋読字理解＋3段階命令］,MWU（完全並べ替え）,5,9,"9［6, 10］","9［8, 10］",6、9、9、10、10,8、8、8、8、9、9、10、10、10,25.0,0.7502497502497503,0.111,0.556,848,13,0.001,,1.0,1.0,初回 MMSE［注意計算＋復唱＋3段階命令＋書字］
M_MMSE部分集合(k=4),初回 MMSE［注意計算＋復唱＋読字理解＋図形模写］,MWU（完全並べ替え）,5,9,"7［4, 8］","7［6, 8］",4、7、7、8、8,6、6、6、6、7、7、8、8、8,25.0,0.7502497502497503,0.111,0.556,848,13,0.001,,1.0,1.0,初回 MMSE［注意計算＋復唱＋書字＋図形模写］
M_MMSE部分集合(k=4),初回 MMSE［物品呼称＋注意計算＋復唱＋3段階命令］,MWU（完全並べ替え）,5,9,"10［7, 11］","10［9, 11］",7、10、10、11、11,9、9、9、9、10、10、11、11、11,25.0,0.7502497502497503,0.111,0.556,848,13,0.001,,1.0,1.0,初回 MMSE［注意計算＋復唱＋読字理解＋3段階命令＋書字］
M_MMSE部分集合(k=4),初回 MMSE［物品呼称＋注意計算＋復唱＋図形模写］,MWU（完全並べ替え）,5,9,"8［5, 9］","8［7, 9］",5、8、8、9、9,7、7、7、7、8、8、9、9、9,25.0,0.7502497502497503,0.111,0.556,848,13,0.001,,1.0,1.0,初回 MMSE［注意計算＋復唱＋読字理解＋書字＋図形模写］
M_MMSE部分集合(k=6),初回 MMSE［物品呼称＋注意計算＋復唱＋読字理解＋3段階命令＋書字］,MWU（完全並べ替え）,5,9,"12［9, 13］","12［11, 13］",9、12、12、13、13,11、11、11、11、12、12、13、13、13,25.0,0.7502497502497503,0.111,0.556,848,13,0.001,,1.0,1.0,
M_MMSE部分集合(k=5),初回 MMSE［物品呼称＋注意計算＋復唱＋読字理解＋3段階命令］,MWU（完全並べ替え）,5,9,"11［8, 12］","11［10, 12］",8、11、11、12、12,10、10、10、10、11、11、12、12、12,25.0,0.7502497502497503,0.111,0.556,848,13,0.001,,1.0,1.0,初回 MMSE［物品呼称＋注意計算＋復唱＋3段階命令＋書字］
M_MMSE部分集合(k=5),初回 MMSE［物品呼称＋注意計算＋復唱＋読字理解＋図形模写］,MWU（完全並べ替え）,5,9,"9［6, 10］","9［8, 10］",6、9、9、10、10,8、8、8、8、9、9、10、10、10,25.0,0.7502497502497503,0.111,0.556,848,13,0.001,,1.0,1.0,初回 MMSE［物品呼称＋注意計算＋復唱＋書字＋図形模写］
M_MMSE部分集合(k=6),初回 MMSE［物品呼称＋注意計算＋復唱＋読字理解＋書字＋図形模写］,MWU（完全並べ替え）,5,9,"10［7, 11］","10［9, 11］",7、10、10、11、11,9、9、9、9、10、10、11、11、11,25.0,0.7502497502497503,0.111,0.556,848,13,0.001,,1.0,1.0,
M_CDR部分集合(k=5),Δ CDR［記憶＋見当識＋判断力・問題解決＋地域社会の活動＋身の回りの世話］,MWU（完全並べ替え）,5,9,"0.5［0, 1.5］","0.5［0, 2］",0、0、0.5、1、1.5,0、0、0、0.5、0.5、1、1.5、1.5、2,19.5,0.7522477522477522,-0.133,0.433,589,13,0.0005,,1.0,1.0,
M_MMSE部分集合(k=6),初回 MMSE［場所見当識＋物品呼称＋記銘＋遅延再生＋読字理解＋書字］,MWU（完全並べ替え）,5,9,"12［10, 13］","12［11, 14］",10、10、12、13、13,11、11、11、12、12、12、12、13、14,20.0,0.7527472527472527,-0.111,0.444,848,13,0.0005,,1.0,1.0,
M_MMSE部分集合(k=5),初回 MMSE［場所見当識＋物品呼称＋記銘＋遅延再生＋読字理解］,MWU（完全並べ替え）,5,9,"11［9, 12］","11［10, 13］",9、9、11、12、12,10、10、10、11、11、11、11、12、13,20.0,0.7527472527472527,-0.111,0.444,848,13,0.0005,,1.0,1.0,初回 MMSE［場所見当識＋物品呼称＋記銘＋遅延再生＋書字］
M_MMSE部分集合(k=4),初回 MMSE［場所見当識＋物品呼称＋記銘＋遅延再生］,MWU（完全並べ替え）,5,9,"10［8, 11］","10［9, 12］",8、8、10、11、11,9、9、9、10、10、10、10、11、12,20.0,0.7527472527472527,-0.111,0.444,848,13,0.0005,,1.0,1.0,初回 MMSE［場所見当識＋記銘＋遅延再生＋読字理解＋書字］
M_MMSE部分集合(k=4),初回 MMSE［場所見当識＋記銘＋遅延再生＋読字理解］,MWU（完全並べ替え）,5,9,"9［7, 10］","9［8, 11］",7、7、9、10、10,8、8、8、9、9、9、9、10、11,20.0,0.7527472527472527,-0.111,0.444,848,13,0.0005,,1.0,1.0,初回 MMSE［場所見当識＋記銘＋遅延再生＋書字］
M_MMSE部分集合(k=3),初回 MMSE［場所見当識＋記銘＋遅延再生］,MWU（完全並べ替え）,5,9,"8［6, 9］","8［7, 10］",6、6、8、9、9,7、7、7、8、8、8、8、9、10,20.0,0.7527472527472527,-0.111,0.444,848,13,0.0005,,1.0,1.0,
M_MMSE部分集合(k=3),Δ MMSE［時間見当識＋注意計算＋遅延再生］,MWU（完全並べ替え）,5,9,"-2［-2, 3］","-1［-4, 2］",-2、-2、-2、0、3,-4、-2、-1、-1、-1、-1、0、1、2,20.0,0.7532467532467533,-0.111,0.444,848,10,0.001,,1.0,1.0,Δ MMSE［時間見当識＋物品呼称＋注意計算＋遅延再生］ ほか14件
M_MMSE部分集合(k=5),Δ MMSE［場所見当識＋記銘＋遅延再生＋復唱＋図形模写］,MWU（完全並べ替え）,5,9,"0［-1, 2］","0［-1, 1］",-1、0、0、1、2,-1、-1、0、0、0、0、1、1、1,25.5,0.7557442557442557,0.133,0.567,589,13,0.0005,,1.0,1.0,Δ MMSE［場所見当識＋物品呼称＋記銘＋遅延再生＋復唱＋図形模写］ ほか14件
M_MMSE部分集合(k=4),Δ MMSE［時間見当識＋場所見当識＋記銘＋遅延再生］,MWU（完全並べ替え）,5,9,"-1［-2, 1］","0［-2, 2］",-2、-1、-1、0、1,-2、-2、-1、-1、0、0、0、1、2,20.0,0.7557442557442557,-0.111,0.444,848,13,0.00599,,1.0,1.0,Δ MMSE［時間見当識＋場所見当識＋物品呼称＋記銘＋遅延再生］ ほか14件
M_MMSE部分集合(k=6),初回 MMSE［場所見当識＋物品呼称＋記銘＋復唱＋読字理解＋書字］,MWU（完全並べ替え）,5,9,"12［11, 13］","12［11, 13］",11、11、12、13、13,11、11、12、12、12、13、13、13、13,19.5,0.7572427572427572,-0.133,0.433,589,14,0.002,,1.0,1.0,
M_MMSE部分集合(k=5),初回 MMSE［場所見当識＋物品呼称＋記銘＋復唱＋読字理解］,MWU（完全並べ替え）,5,9,"11［10, 12］","11［10, 12］",10、10、11、12、12,10、10、11、11、11、12、12、12、12,19.5,0.7572427572427572,-0.133,0.433,589,14,0.002,,1.0,1.0,初回 MMSE［場所見当識＋物品呼称＋記銘＋復唱＋書字］
M_MMSE部分集合(k=4),初回 MMSE［場所見当識＋物品呼称＋記銘＋復唱］,MWU（完全並べ替え）,5,9,"10［9, 11］","10［9, 11］",9、9、10、11、11,9、9、10、10、10、11、11、11、11,19.5,0.7572427572427572,-0.133,0.433,589,14,0.002,,1.0,1.0,初回 MMSE［場所見当識＋記銘＋復唱＋読字理解＋書字］
M_MMSE部分集合(k=4),初回 MMSE［場所見当識＋記銘＋復唱＋読字理解］,MWU（完全並べ替え）,5,9,"9［8, 10］","9［8, 10］",8、8、9、10、10,8、8、9、9、9、10、10、10、10,19.5,0.7572427572427572,-0.133,0.433,589,14,0.002,,1.0,1.0,初回 MMSE［場所見当識＋記銘＋復唱＋書字］
M_MMSE部分集合(k=3),初回 MMSE［場所見当識＋記銘＋復唱］,MWU（完全並べ替え）,5,9,"8［7, 9］","8［7, 9］",7、7、8、9、9,7、7、8、8、8、9、9、9、9,19.5,0.7572427572427572,-0.133,0.433,589,14,0.002,,1.0,1.0,
M_MMSE部分集合(k=5),初回 MMSE［時間見当識＋注意計算＋遅延再生＋復唱＋読字理解］,MWU（完全並べ替え）,5,9,"11［9, 13］","10［8, 14］",9、9、11、11、13,8、8、9、10、10、10、12、12、14,25.0,0.7597402597402597,0.111,0.556,848,12,0.0005,,1.0,1.0,初回 MMSE［時間見当識＋注意計算＋遅延再生＋復唱＋書字］
M_MMSE部分集合(k=4),初回 MMSE［時間見当識＋注意計算＋遅延再生＋復唱］,MWU（完全並べ替え）,5,9,"10［8, 12］","9［7, 13］",8、8、10、10、12,7、7、8、9、9、9、11、11、13,25.0,0.7597402597402597,0.111,0.556,848,12,0.0005,,1.0,1.0,
M_MMSE部分集合(k=7),初回 MMSE［時間見当識＋物品呼称＋注意計算＋遅延再生＋復唱＋読字理解＋書字］,MWU（完全並べ替え）,5,9,"14［12, 16］","13［11, 17］",12、12、14、14、16,11、11、12、13、13、13、15、15、17,25.0,0.7597402597402597,0.111,0.556,848,12,0.0005,,1.0,1.0,
M_MMSE部分集合(k=6),初回 MMSE［時間見当識＋物品呼称＋注意計算＋遅延再生＋復唱＋読字理解］,MWU（完全並べ替え）,5,9,"13［11, 15］","12［10, 16］",11、11、13、13、15,10、10、11、12、12、12、14、14、16,25.0,0.7597402597402597,0.111,0.556,848,12,0.0005,,1.0,1.0,初回 MMSE［時間見当識＋物品呼称＋注意計算＋遅延再生＋復唱＋書字］
M_MMSE部分集合(k=5),初回 MMSE［時間見当識＋物品呼称＋注意計算＋遅延再生＋復唱］,MWU（完全並べ替え）,5,9,"12［10, 14］","11［9, 15］",10、10、12、12、14,9、9、10、11、11、11、13、13、15,25.0,0.7597402597402597,0.111,0.556,848,12,0.0005,,1.0,1.0,初回 MMSE［時間見当識＋注意計算＋遅延再生＋復唱＋読字理解＋書字］
M_CDR部分集合(k=3),Δ CDR［見当識＋判断力・問題解決＋地域社会の活動］,MWU（完全並べ替え）,5,9,"0.5［0, 1］","0.5［0, 1］",0、0、0.5、0.5、1,0、0、0、0、0.5、1、1、1、1,20.0,0.7602397602397603,-0.111,0.444,848,14,0.0005,,1.0,1.0,
M_MMSE部分集合(k=8),初回 MMSE［時間見当識＋物品呼称＋記銘＋注意計算＋遅延再生＋復唱＋読字理解＋書字］,MWU（完全並べ替え）,5,9,"16［15, 19］","16［14, 20］",15、15、16、17、19,14、14、15、15、16、16、18、18、20,25.0,0.7607392607392608,0.111,0.556,848,11,0.0005,,1.0,1.0,
M_MMSE部分集合(k=7),初回 MMSE［時間見当識＋物品呼称＋記銘＋注意計算＋遅延再生＋復唱＋読字理解］,MWU（完全並べ替え）,5,9,"15［14, 18］","15［13, 19］",14、14、15、16、18,13、13、14、14、15、15、17、17、19,25.0,0.7607392607392608,0.111,0.556,848,11,0.0005,,1.0,1.0,初回 MMSE［時間見当識＋物品呼称＋記銘＋注意計算＋遅延再生＋復唱＋書字］
M_MMSE部分集合(k=6),初回 MMSE［時間見当識＋物品呼称＋記銘＋注意計算＋遅延再生＋復唱］,MWU（完全並べ替え）,5,9,"14［13, 17］","14［12, 18］",13、13、14、15、17,12、12、13、13、14、14、16、16、18,25.0,0.7607392607392608,0.111,0.556,848,11,0.0005,,1.0,1.0,初回 MMSE［時間見当識＋記銘＋注意計算＋遅延再生＋復唱＋読字理解＋書字］
M_MMSE部分集合(k=6),初回 MMSE［時間見当識＋記銘＋注意計算＋遅延再生＋復唱＋読字理解］,MWU（完全並べ替え）,5,9,"13［12, 16］","13［11, 17］",12、12、13、14、16,11、11、12、12、13、13、15、15、17,25.0,0.7607392607392608,0.111,0.556,848,11,0.0005,,1.0,1.0,初回 MMSE［時間見当識＋記銘＋注意計算＋遅延再生＋復唱＋書字］
M_MMSE部分集合(k=5),初回 MMSE［時間見当識＋記銘＋注意計算＋遅延再生＋復唱］,MWU（完全並べ替え）,5,9,"12［11, 15］","12［10, 16］",11、11、12、13、15,10、10、11、11、12、12、14、14、16,25.0,0.7607392607392608,0.111,0.556,848,11,0.0005,,1.0,1.0,
M_MMSE部分集合(k=4),初回 MMSE［時間見当識＋注意計算＋遅延再生＋3段階命令］,MWU（完全並べ替え）,5,9,"12［10, 14］","11［9, 16］",10、10、12、12、14,9、9、10、11、11、12、12、13、16,25.0,0.7627372627372627,0.111,0.556,848,11,0.0005,,1.0,1.0,
M_MMSE部分集合(k=5),初回 MMSE［時間見当識＋注意計算＋遅延再生＋読字理解＋3段階命令］,MWU（完全並べ替え）,5,9,"13［11, 15］","12［10, 17］",11、11、13、13、15,10、10、11、12、12、13、13、14、17,25.0,0.7627372627372627,0.111,0.556,848,11,0.0005,,1.0,1.0,初回 MMSE［時間見当識＋注意計算＋遅延再生＋3段階命令＋書字］
M_MMSE部分集合(k=5),初回 MMSE［時間見当識＋物品呼称＋注意計算＋遅延再生＋3段階命令］,MWU（完全並べ替え）,5,9,"14［12, 16］","13［11, 18］",12、12、14、14、16,11、11、12、13、13、14、14、15、18,25.0,0.7627372627372627,0.111,0.556,848,11,0.0005,,1.0,1.0,初回 MMSE［時間見当識＋注意計算＋遅延再生＋読字理解＋3段階命令＋書字］
M_MMSE部分集合(k=7),初回 MMSE［時間見当識＋物品呼称＋注意計算＋遅延再生＋読字理解＋3段階命令＋書字］,MWU（完全並べ替え）,5,9,"16［14, 18］","15［13, 20］",14、14、16、16、18,13、13、14、15、15、16、16、17、20,25.0,0.7627372627372627,0.111,0.556,848,11,0.0005,,1.0,1.0,
M_MMSE部分集合(k=6),初回 MMSE［時間見当識＋物品呼称＋注意計算＋遅延再生＋読字理解＋3段階命令］,MWU（完全並べ替え）,5,9,"15［13, 17］","14［12, 19］",13、13、15、15、17,12、12、13、14、14、15、15、16、19,25.0,0.7627372627372627,0.111,0.556,848,11,0.0005,,1.0,1.0,初回 MMSE［時間見当識＋物品呼称＋注意計算＋遅延再生＋3段階命令＋書字］
M_MMSE部分集合(k=5),初回 MMSE［時間見当識＋場所見当識＋物品呼称＋遅延再生＋3段階命令］,MWU（完全並べ替え）,5,9,"14［11, 16］","13［12, 17］",11、13、14、16、16,12、12、12、13、13、15、15、15、17,25.0,0.7652347652347652,0.111,0.556,848,11,0.003,,1.0,1.0,初回 MMSE［時間見当識＋場所見当識＋遅延再生＋読字理解＋3段階命令＋書字］
M_MMSE部分集合(k=7),初回 MMSE［時間見当識＋場所見当識＋物品呼称＋遅延再生＋読字理解＋3段階命令＋書字］,MWU（完全並べ替え）,5,9,"16［13, 18］","15［14, 19］",13、15、16、18、18,14、14、14、15、15、17、17、17、19,25.0,0.7652347652347652,0.111,0.556,848,11,0.003,,1.0,1.0,
M_MMSE部分集合(k=6),初回 MMSE［時間見当識＋場所見当識＋物品呼称＋遅延再生＋読字理解＋3段階命令］,MWU（完全並べ替え）,5,9,"15［12, 17］","14［13, 18］",12、14、15、17、17,13、13、13、14、14、16、16、16、18,25.0,0.7652347652347652,0.111,0.556,848,11,0.003,,1.0,1.0,初回 MMSE［時間見当識＋場所見当識＋物品呼称＋遅延再生＋3段階命令＋書字］
M_MMSE部分集合(k=4),初回 MMSE［時間見当識＋場所見当識＋遅延再生＋3段階命令］,MWU（完全並べ替え）,5,9,"12［9, 14］","11［10, 15］",9、11、12、14、14,10、10、10、11、11、13、13、13、15,25.0,0.7652347652347652,0.111,0.556,848,11,0.003,,1.0,1.0,
M_MMSE部分集合(k=5),初回 MMSE［時間見当識＋場所見当識＋遅延再生＋読字理解＋3段階命令］,MWU（完全並べ替え）,5,9,"13［10, 15］","12［11, 16］",10、12、13、15、15,11、11、11、12、12、14、14、14、16,25.0,0.7652347652347652,0.111,0.556,848,11,0.003,,1.0,1.0,初回 MMSE［時間見当識＋場所見当識＋遅延再生＋3段階命令＋書字］
M_MMSE部分集合(k=8),初回 MMSE［時間見当識＋場所見当識＋物品呼称＋記銘＋注意計算＋遅延再生＋3段階命令＋図形模写］,MWU（完全並べ替え）,5,9,"21［19, 25］","22［19, 26］",19、21、21、22、25,19、19、20、22、22、22、22、24、26,20.0,0.7697302697302697,-0.111,0.444,848,10,0.001,,1.0,1.0,初回 MMSE［時間見当識＋場所見当識＋記銘＋注意計算＋遅延再生＋読字理解＋3段階命令＋書字＋図形模写］
M_MMSE部分集合(k=9),初回 MMSE［時間見当識＋場所見当識＋物品呼称＋記銘＋注意計算＋遅延再生＋読字理解＋3段階命令＋図形模写］,MWU（完全並べ替え）,5,9,"22［20, 26］","23［20, 27］",20、22、22、23、26,20、20、21、23、23、23、23、25、27,20.0,0.7697302697302697,-0.111,0.444,848,10,0.001,,1.0,1.0,初回 MMSE［時間見当識＋場所見当識＋物品呼称＋記銘＋注意計算＋遅延再生＋3段階命令＋書字＋図形模写］
M_MMSE部分集合(k=10),初回 MMSE［時間見当識＋場所見当識＋物品呼称＋記銘＋注意計算＋遅延再生＋読字理解＋3段階命令＋書字＋図形模写］,MWU（完全並べ替え）,5,9,"23［21, 27］","24［21, 28］",21、23、23、24、27,21、21、22、24、24、24、24、26、28,20.0,0.7697302697302697,-0.111,0.444,848,10,0.001,,1.0,1.0,
M_MMSE部分集合(k=7),初回 MMSE［時間見当識＋場所見当識＋記銘＋注意計算＋遅延再生＋3段階命令＋図形模写］,MWU（完全並べ替え）,5,9,"19［17, 23］","20［17, 24］",17、19、19、20、23,17、17、18、20、20、20、20、22、24,20.0,0.7697302697302697,-0.111,0.444,848,10,0.001,,1.0,1.0,
M_MMSE部分集合(k=8),初回 MMSE［時間見当識＋場所見当識＋記銘＋注意計算＋遅延再生＋読字理解＋3段階命令＋図形模写］,MWU（完全並べ替え）,5,9,"20［18, 24］","21［18, 25］",18、20、20、21、24,18、18、19、21、21、21、21、23、25,20.0,0.7697302697302697,-0.111,0.444,848,10,0.001,,1.0,1.0,初回 MMSE［時間見当識＋場所見当識＋記銘＋注意計算＋遅延再生＋3段階命令＋書字＋図形模写］
M_MMSE部分集合(k=4),初回 MMSE［時間見当識＋場所見当識＋3段階命令＋図形模写］,MWU（完全並べ替え）,5,9,"13［10, 14］","12［10, 14］",10、11、13、14、14,10、10、11、12、12、13、13、14、14,25.5,0.7722277722277723,0.133,0.567,589,14,0.0005,,1.0,1.0,
M_MMSE部分集合(k=5),初回 MMSE［時間見当識＋場所見当識＋物品呼称＋3段階命令＋図形模写］,MWU（完全並べ替え）,5,9,"15［12, 16］","14［12, 16］",12、13、15、16、16,12、12、13、14、14、15、15、16、16,25.5,0.7722277722277723,0.133,0.567,589,14,0.0005,,1.0,1.0,初回 MMSE［時間見当識＋場所見当識＋読字理解＋3段階命令＋書字＋図形模写］
M_MMSE部分集合(k=6),初回 MMSE［時間見当識＋場所見当識＋物品呼称＋読字理解＋3段階命令＋図形模写］,MWU（完全並べ替え）,5,9,"16［13, 17］","15［13, 17］",13、14、16、17、17,13、13、14、15、15、16、16、17、17,25.5,0.7722277722277723,0.133,0.567,589,14,0.0005,,1.0,1.0,初回 MMSE［時間見当識＋場所見当識＋物品呼称＋3段階命令＋書字＋図形模写］
M_MMSE部分集合(k=7),初回 MMSE［時間見当識＋場所見当識＋物品呼称＋読字理解＋3段階命令＋書字＋図形模写］,MWU（完全並べ替え）,5,9,"17［14, 18］","16［14, 18］",14、15、17、18、18,14、14、15、16、16、17、17、18、18,25.5,0.7722277722277723,0.133,0.567,589,14,0.0005,,1.0,1.0,
M_MMSE部分集合(k=5),初回 MMSE［時間見当識＋場所見当識＋読字理解＋3段階命令＋図形模写］,MWU（完全並べ替え）,5,9,"14［11, 15］","13［11, 15］",11、12、14、15、15,11、11、12、13、13、14、14、15、15,25.5,0.7722277722277723,0.133,0.567,589,14,0.0005,,1.0,1.0,初回 MMSE［時間見当識＋場所見当識＋3段階命令＋書字＋図形模写］
M_MMSE部分集合(k=5),初回 MMSE［時間見当識＋場所見当識＋注意計算＋遅延再生＋図形模写］,MWU（完全並べ替え）,5,9,"14［11, 17］","14［11, 18］",11、13、14、14、17,11、11、12、14、14、15、15、16、18,20.0,0.7732267732267732,-0.111,0.444,848,9,0.001,,1.0,1.0,
M_MMSE部分集合(k=6),初回 MMSE［時間見当識＋場所見当識＋注意計算＋遅延再生＋読字理解＋図形模写］,MWU（完全並べ替え）,5,9,"15［12, 18］","15［12, 19］",12、14、15、15、18,12、12、13、15、15、16、16、17、19,20.0,0.7732267732267732,-0.111,0.444,848,9,0.001,,1.0,1.0,初回 MMSE［時間見当識＋場所見当識＋注意計算＋遅延再生＋書字＋図形模写］
M_MMSE部分集合(k=6),初回 MMSE［時間見当識＋場所見当識＋物品呼称＋注意計算＋遅延再生＋図形模写］,MWU（完全並べ替え）,5,9,"16［13, 19］","16［13, 20］",13、15、16、16、19,13、13、14、16、16、17、17、18、20,20.0,0.7732267732267732,-0.111,0.444,848,9,0.001,,1.0,1.0,初回 MMSE［時間見当識＋場所見当識＋注意計算＋遅延再生＋読字理解＋書字＋図形模写］
M_MMSE部分集合(k=7),初回 MMSE［時間見当識＋場所見当識＋物品呼称＋注意計算＋遅延再生＋読字理解＋図形模写］,MWU（完全並べ替え）,5,9,"17［14, 20］","17［14, 21］",14、16、17、17、20,14、14、15、17、17、18、18、19、21,20.0,0.7732267732267732,-0.111,0.444,848,9,0.001,,1.0,1.0,初回 MMSE［時間見当識＋場所見当識＋物品呼称＋注意計算＋遅延再生＋書字＋図形模写］
M_MMSE部分集合(k=8),初回 MMSE［時間見当識＋場所見当識＋物品呼称＋注意計算＋遅延再生＋読字理解＋書字＋図形模写］,MWU（完全並べ替え）,5,9,"18［15, 21］","18［15, 22］",15、17、18、18、21,15、15、16、18、18、19、19、20、22,20.0,0.7732267732267732,-0.111,0.444,848,9,0.001,,1.0,1.0,
M_MMSE部分集合(k=7),初回 MMSE［時間見当識＋物品呼称＋記銘＋注意計算＋遅延再生＋3段階命令＋図形模写］,MWU（完全並べ替え）,5,9,"17［16, 20］","17［15, 22］",16、16、17、18、20,15、15、15、17、17、17、18、19、22,25.0,0.7752247752247752,0.111,0.556,848,11,0.001,,1.0,1.0,初回 MMSE［時間見当識＋記銘＋注意計算＋遅延再生＋読字理解＋3段階命令＋書字＋図形模写］
M_MMSE部分集合(k=8),初回 MMSE［時間見当識＋物品呼称＋記銘＋注意計算＋遅延再生＋読字理解＋3段階命令＋図形模写］,MWU（完全並べ替え）,5,9,"18［17, 21］","18［16, 23］",17、17、18、19、21,16、16、16、18、18、18、19、20、23,25.0,0.7752247752247752,0.111,0.556,848,11,0.001,,1.0,1.0,初回 MMSE［時間見当識＋物品呼称＋記銘＋注意計算＋遅延再生＋3段階命令＋書字＋図形模写］
M_MMSE部分集合(k=9),初回 MMSE［時間見当識＋物品呼称＋記銘＋注意計算＋遅延再生＋読字理解＋3段階命令＋書字＋図形模写］,MWU（完全並べ替え）,5,9,"19［18, 22］","19［17, 24］",18、18、19、20、22,17、17、17、19、19、19、20、21、24,25.0,0.7752247752247752,0.111,0.556,848,11,0.001,,1.0,1.0,
M_MMSE部分集合(k=6),初回 MMSE［時間見当識＋記銘＋注意計算＋遅延再生＋3段階命令＋図形模写］,MWU（完全並べ替え）,5,9,"15［14, 18］","15［13, 20］",14、14、15、16、18,13、13、13、15、15、15、16、17、20,25.0,0.7752247752247752,0.111,0.556,848,11,0.001,,1.0,1.0,
M_MMSE部分集合(k=7),初回 MMSE［時間見当識＋記銘＋注意計算＋遅延再生＋読字理解＋3段階命令＋図形模写］,MWU（完全並べ替え）,5,9,"16［15, 19］","16［14, 21］",15、15、16、17、19,14、14、14、16、16、16、17、18、21,25.0,0.7752247752247752,0.111,0.556,848,11,0.001,,1.0,1.0,初回 MMSE［時間見当識＋記銘＋注意計算＋遅延再生＋3段階命令＋書字＋図形模写］
M2_下位項目の差,初回 MMSE［時間見当識−3段階命令］,MWU（完全並べ替え）,5,9,"2［0, 2］","1［-1, 3］",0、0、2、2、2,-1、-1、0、0、1、2、2、2、3,25.5,0.7757242757242757,0.133,0.567,589,12,0.002,,1.0,1.0,
M_CDR部分集合(k=3),Δ CDR［記憶＋判断力・問題解決＋身の回りの世話］,MWU（完全並べ替え）,5,9,"0［0, 0.5］","0［0, 1.5］",0、0、0、0.5、0.5,0、0、0、0、0、0.5、0.5、1、1.5,19.5,0.7762237762237763,-0.133,0.433,589,12,0.002,,1.0,1.0,
R_初回値調整残差,Δ MMSE 遅延再生（初回値調整残差）,MWU（完全並べ替え）,5,9,"0.18182［-0.63636, 0.36364］","0.18182［-0.63636, 0.72727］",-0.63636、-0.63636、0.18182、0.18182、0.36364,-0.63636、-0.63636、0.18182、0.18182、0.18182、0.18182、0.18182、0.18182、0.72727,20.0,0.7762237762237763,-0.111,0.444,848,12,0.004,,1.0,1.0,
M_MMSE部分集合(k=4),初回 MMSE［時間見当識＋注意計算＋遅延再生＋図形模写］,MWU（完全並べ替え）,5,9,"10［8, 12］","9［7, 14］",8、8、10、10、12,7、7、7、9、9、10、11、11、14,25.0,0.7772227772227772,0.111,0.556,848,12,0.0005,,1.0,1.0,
M_MMSE部分集合(k=5),初回 MMSE［時間見当識＋注意計算＋遅延再生＋読字理解＋図形模写］,MWU（完全並べ替え）,5,9,"11［9, 13］","10［8, 15］",9、9、11、11、13,8、8、8、10、10、11、12、12、15,25.0,0.7772227772227772,0.111,0.556,848,12,0.0005,,1.0,1.0,初回 MMSE［時間見当識＋注意計算＋遅延再生＋書字＋図形模写］
M_MMSE部分集合(k=5),初回 MMSE［時間見当識＋物品呼称＋注意計算＋遅延再生＋図形模写］,MWU（完全並べ替え）,5,9,"12［10, 14］","11［9, 16］",10、10、12、12、14,9、9、9、11、11、12、13、13、16,25.0,0.7772227772227772,0.111,0.556,848,12,0.0005,,1.0,1.0,初回 MMSE［時間見当識＋注意計算＋遅延再生＋読字理解＋書字＋図形模写］
M_MMSE部分集合(k=6),初回 MMSE［時間見当識＋物品呼称＋注意計算＋遅延再生＋読字理解＋図形模写］,MWU（完全並べ替え）,5,9,"13［11, 15］","12［10, 17］",11、11、13、13、15,10、10、10、12、12、13、14、14、17,25.0,0.7772227772227772,0.111,0.556,848,12,0.0005,,1.0,1.0,初回 MMSE［時間見当識＋物品呼称＋注意計算＋遅延再生＋書字＋図形模写］
M_MMSE部分集合(k=7),初回 MMSE［時間見当識＋物品呼称＋注意計算＋遅延再生＋読字理解＋書字＋図形模写］,MWU（完全並べ替え）,5,9,"14［12, 16］","13［11, 18］",12、12、14、14、16,11、11、11、13、13、14、15、15、18,25.0,0.7772227772227772,0.111,0.556,848,12,0.0005,,1.0,1.0,
M_MMSE部分集合(k=4),初回 MMSE［時間見当識＋場所見当識＋注意計算＋3段階命令］,MWU（完全並べ替え）,5,9,"15［13, 18］","16［12, 18］",13、14、15、16、18,12、13、15、15、16、16、17、17、18,20.0,0.7787212787212787,-0.111,0.444,848,12,0.003,,1.0,1.0,
M_MMSE部分集合(k=5),初回 MMSE［時間見当識＋場所見当識＋注意計算＋読字理解＋3段階命令］,MWU（完全並べ替え）,5,9,"16［14, 19］","17［13, 19］",14、15、16、17、19,13、14、16、16、17、17、18、18、19,20.0,0.7787212787212787,-0.111,0.444,848,12,0.003,,1.0,1.0,初回 MMSE［時間見当識＋場所見当識＋注意計算＋3段階命令＋書字］
M_MMSE部分集合(k=5),初回 MMSE［時間見当識＋場所見当識＋物品呼称＋注意計算＋3段階命令］,MWU（完全並べ替え）,5,9,"17［15, 20］","18［14, 20］",15、16、17、18、20,14、15、17、17、18、18、19、19、20,20.0,0.7787212787212787,-0.111,0.444,848,12,0.003,,1.0,1.0,初回 MMSE［時間見当識＋場所見当識＋注意計算＋読字理解＋3段階命令＋書字］
M_MMSE部分集合(k=7),初回 MMSE［時間見当識＋場所見当識＋物品呼称＋注意計算＋読字理解＋3段階命令＋書字］,MWU（完全並べ替え）,5,9,"19［17, 22］","20［16, 22］",17、18、19、20、22,16、17、19、19、20、20、21、21、22,20.0,0.7787212787212787,-0.111,0.444,848,12,0.003,,1.0,1.0,
M_MMSE部分集合(k=6),初回 MMSE［時間見当識＋場所見当識＋物品呼称＋注意計算＋読字理解＋3段階命令］,MWU（完全並べ替え）,5,9,"18［16, 21］","19［15, 21］",16、17、18、19、21,15、16、18、18、19、19、20、20、21,20.0,0.7787212787212787,-0.111,0.444,848,12,0.003,,1.0,1.0,初回 MMSE［時間見当識＋場所見当識＋物品呼称＋注意計算＋3段階命令＋書字］
M_CDR部分集合(k=4),Δ CDR［記憶＋見当識＋家庭・趣味＋身の回りの世話］,MWU（完全並べ替え）,5,9,"0.5［0, 2］","0.5［0, 1.5］",0、0.5、0.5、1、2,0、0、0、0.5、0.5、1、1、1、1.5,25.0,0.7797202797202797,0.111,0.556,848,12,0.004,,1.0,1.0,
M_MMSE部分集合(k=4),Δ MMSE［場所見当識＋遅延再生＋復唱＋図形模写］,MWU（完全並べ替え）,5,9,"0［-1, 2］","0［-1, 1］",-1、0、0、0、2,-1、-1、0、0、0、0、0、1、1,23.5,0.7802197802197802,0.044,0.522,5298,13,0.02797,,1.0,1.0,Δ MMSE［場所見当識＋物品呼称＋遅延再生＋復唱＋図形模写］ ほか14件
D_年換算変化量,Δ Global CDR／年,MWU（完全並べ替え）,3,8,"0［0, 0.3429］","0［0, 0.339］",0、0、0.3429,0、0、0、0、0、0、0、0.339,15.0,0.7818181818181819,0.25,0.625,168,9,0.01818,,1.0,1.0,
O_月あたり変化量,Δ Global CDR／月,MWU（完全並べ替え）,3,8,"0［0, 0.02857］","0［0, 0.02825］",0、0、0.02857,0、0、0、0、0、0、0、0.02825,15.0,0.7818181818181819,0.25,0.625,168,9,0.01818,,1.0,1.0,
M_MMSE部分集合(k=4),Δ MMSE［時間見当識＋場所見当識＋遅延再生＋図形模写］,MWU（完全並べ替え）,5,9,"-1［-2, 0］","-1［-2, 2］",-2、-1、-1、0、0,-2、-2、-1、-1、-1、0、0、2、2,20.0,0.7837162837162838,-0.111,0.444,848,14,0.002,,1.0,1.0,Δ MMSE［時間見当識＋場所見当識＋物品呼称＋遅延再生＋図形模写］ ほか14件
M_MMSE部分集合(k=3),Δ MMSE［時間見当識＋場所見当識＋遅延再生］,MWU（完全並べ替え）,5,9,"-1［-2, 0］","-1［-2, 2］",-2、-1、-1、0、0,-2、-2、-1、-1、-1、0、0、1、2,20.0,0.7837162837162838,-0.111,0.444,848,12,0.002,,1.0,1.0,Δ MMSE［時間見当識＋場所見当識＋物品呼称＋遅延再生］ ほか14件
M_MMSE部分集合(k=5),初回 MMSE［場所見当識＋注意計算＋復唱＋3段階命令＋図形模写］,MWU（完全並べ替え）,5,9,"13［11, 15］","13［12, 15］",11、12、13、14、15,12、12、13、13、13、13、14、15、15,19.5,0.7842157842157842,-0.133,0.433,589,13,0.0005,,1.0,1.0,
M_MMSE部分集合(k=6),初回 MMSE［場所見当識＋注意計算＋復唱＋読字理解＋3段階命令＋図形模写］,MWU（完全並べ替え）,5,9,"14［12, 16］","14［13, 16］",12、13、14、15、16,13、13、14、14、14、14、15、16、16,19.5,0.7842157842157842,-0.133,0.433,589,13,0.0005,,1.0,1.0,初回 MMSE［場所見当識＋注意計算＋復唱＋3段階命令＋書字＋図形模写］
M_MMSE部分集合(k=6),初回 MMSE［場所見当識＋物品呼称＋注意計算＋復唱＋3段階命令＋図形模写］,MWU（完全並べ替え）,5,9,"15［13, 17］","15［14, 17］",13、14、15、16、17,14、14、15、15、15、15、16、17、17,19.5,0.7842157842157842,-0.133,0.433,589,13,0.0005,,1.0,1.0,初回 MMSE［場所見当識＋注意計算＋復唱＋読字理解＋3段階命令＋書字＋図形模写］
M_MMSE部分集合(k=7),初回 MMSE［場所見当識＋物品呼称＋注意計算＋復唱＋読字理解＋3段階命令＋図形模写］,MWU（完全並べ替え）,5,9,"16［14, 18］","16［15, 18］",14、15、16、17、18,15、15、16、16、16、16、17、18、18,19.5,0.7842157842157842,-0.133,0.433,589,13,0.0005,,1.0,1.0,初回 MMSE［場所見当識＋物品呼称＋注意計算＋復唱＋3段階命令＋書字＋図形模写］
M_MMSE部分集合(k=8),初回 MMSE［場所見当識＋物品呼称＋注意計算＋復唱＋読字理解＋3段階命令＋書字＋図形模写］,MWU（完全並べ替え）,5,9,"17［15, 19］","17［16, 19］",15、16、17、18、19,16、16、17、17、17、17、18、19、19,19.5,0.7842157842157842,-0.133,0.433,589,13,0.0005,,1.0,1.0,
M_MMSE部分集合(k=6),初回 MMSE［時間見当識＋場所見当識＋物品呼称＋記銘＋3段階命令＋図形模写］,MWU（完全並べ替え）,5,9,"17［15, 19］","17［15, 19］",15、16、17、19、19,15、15、16、17、17、18、18、18、19,24.5,0.7867132867132867,0.089,0.544,1325,14,0.0005,,1.0,1.0,初回 MMSE［時間見当識＋場所見当識＋記銘＋読字理解＋3段階命令＋書字＋図形模写］
M_MMSE部分集合(k=7),初回 MMSE［時間見当識＋場所見当識＋物品呼称＋記銘＋読字理解＋3段階命令＋図形模写］,MWU（完全並べ替え）,5,9,"18［16, 20］","18［16, 20］",16、17、18、20、20,16、16、17、18、18、19、19、19、20,24.5,0.7867132867132867,0.089,0.544,1325,14,0.0005,,1.0,1.0,初回 MMSE［時間見当識＋場所見当識＋物品呼称＋記銘＋3段階命令＋書字＋図形模写］
M_MMSE部分集合(k=8),初回 MMSE［時間見当識＋場所見当識＋物品呼称＋記銘＋読字理解＋3段階命令＋書字＋図形模写］,MWU（完全並べ替え）,5,9,"19［17, 21］","19［17, 21］",17、18、19、21、21,17、17、18、19、19、20、20、20、21,24.5,0.7867132867132867,0.089,0.544,1325,14,0.0005,,1.0,1.0,
M_MMSE部分集合(k=5),初回 MMSE［時間見当識＋場所見当識＋記銘＋3段階命令＋図形模写］,MWU（完全並べ替え）,5,9,"15［13, 17］","15［13, 17］",13、14、15、17、17,13、13、14、15、15、16、16、16、17,24.5,0.7867132867132867,0.089,0.544,1325,14,0.0005,,1.0,1.0,
M_MMSE部分集合(k=6),初回 MMSE［時間見当識＋場所見当識＋記銘＋読字理解＋3段階命令＋図形模写］,MWU（完全並べ替え）,5,9,"16［14, 18］","16［14, 18］",14、15、16、18、18,14、14、15、16、16、17、17、17、18,24.5,0.7867132867132867,0.089,0.544,1325,14,0.0005,,1.0,1.0,初回 MMSE［時間見当識＋場所見当識＋記銘＋3段階命令＋書字＋図形模写］
M_MMSE部分集合(k=6),初回 MMSE［物品呼称＋記銘＋注意計算＋遅延再生＋読字理解＋書字］,MWU（完全並べ替え）,5,9,"11［9, 13］","12［10, 15］",9、10、11、13、13,10、10、11、11、12、12、12、12、15,20.0,0.7887112887112887,-0.111,0.444,848,12,0.0015,,1.0,1.0,
M_MMSE部分集合(k=5),初回 MMSE［物品呼称＋記銘＋注意計算＋遅延再生＋読字理解］,MWU（完全並べ替え）,5,9,"10［8, 12］","11［9, 14］",8、9、10、12、12,9、9、10、10、11、11、11、11、14,20.0,0.7887112887112887,-0.111,0.444,848,12,0.0015,,1.0,1.0,初回 MMSE［物品呼称＋記銘＋注意計算＋遅延再生＋書字］
M_MMSE部分集合(k=4),初回 MMSE［物品呼称＋記銘＋注意計算＋遅延再生］,MWU（完全並べ替え）,5,9,"9［7, 11］","10［8, 13］",7、8、9、11、11,8、8、9、9、10、10、10、10、13,20.0,0.7887112887112887,-0.111,0.444,848,12,0.0015,,1.0,1.0,初回 MMSE［記銘＋注意計算＋遅延再生＋読字理解＋書字］
M_MMSE部分集合(k=4),初回 MMSE［記銘＋注意計算＋遅延再生＋読字理解］,MWU（完全並べ替え）,5,9,"8［6, 10］","9［7, 12］",6、7、8、10、10,7、7、8、8、9、9、9、9、12,20.0,0.7887112887112887,-0.111,0.444,848,12,0.0015,,1.0,1.0,初回 MMSE［記銘＋注意計算＋遅延再生＋書字］
M_MMSE部分集合(k=3),初回 MMSE［記銘＋注意計算＋遅延再生］,MWU（完全並べ替え）,5,9,"7［5, 9］","8［6, 11］",5、6、7、9、9,6、6、7、7、8、8、8、8、11,20.0,0.7887112887112887,-0.111,0.444,848,12,0.0015,,1.0,1.0,
M_CDR部分集合(k=4),Δ CDR［見当識＋判断力・問題解決＋地域社会の活動＋身の回りの世話］,MWU（完全並べ替え）,5,9,"0.5［0, 1］","0.5［0, 2］",0、0、0.5、0.5、1,0、0、0、0、0.5、1、1、1、2,19.5,0.7907092907092907,-0.133,0.433,589,13,0.0005,,1.0,1.0,
M_MMSE部分集合(k=4),初回 MMSE［時間見当識＋注意計算＋復唱＋3段階命令］,MWU（完全並べ替え）,5,9,"12［10, 14］","12［9, 14］",10、11、12、13、14,9、10、11、11、12、12、13、13、14,25.0,0.7907092907092907,0.111,0.556,848,13,0.0005,,1.0,1.0,
M_MMSE部分集合(k=5),初回 MMSE［時間見当識＋注意計算＋復唱＋読字理解＋3段階命令］,MWU（完全並べ替え）,5,9,"13［11, 15］","13［10, 15］",11、12、13、14、15,10、11、12、12、13、13、14、14、15,25.0,0.7907092907092907,0.111,0.556,848,13,0.0005,,1.0,1.0,初回 MMSE［時間見当識＋注意計算＋復唱＋3段階命令＋書字］
M_MMSE部分集合(k=5),初回 MMSE［時間見当識＋物品呼称＋注意計算＋復唱＋3段階命令］,MWU（完全並べ替え）,5,9,"14［12, 16］","14［11, 16］",12、13、14、15、16,11、12、13、13、14、14、15、15、16,25.0,0.7907092907092907,0.111,0.556,848,13,0.0005,,1.0,1.0,初回 MMSE［時間見当識＋注意計算＋復唱＋読字理解＋3段階命令＋書字］
M_MMSE部分集合(k=7),初回 MMSE［時間見当識＋物品呼称＋注意計算＋復唱＋読字理解＋3段階命令＋書字］,MWU（完全並べ替え）,5,9,"16［14, 18］","16［13, 18］",14、15、16、17、18,13、14、15、15、16、16、17、17、18,25.0,0.7907092907092907,0.111,0.556,848,13,0.0005,,1.0,1.0,
M_MMSE部分集合(k=6),初回 MMSE［時間見当識＋物品呼称＋注意計算＋復唱＋読字理解＋3段階命令］,MWU（完全並べ替え）,5,9,"15［13, 17］","15［12, 17］",13、14、15、16、17,12、13、14、14、15、15、16、16、17,25.0,0.7907092907092907,0.111,0.556,848,13,0.0005,,1.0,1.0,初回 MMSE［時間見当識＋物品呼称＋注意計算＋復唱＋3段階命令＋書字］
M_MMSE部分集合(k=3),追跡時 MMSE［時間見当識＋復唱＋3段階命令］,MWU（完全並べ替え）,5,9,"8［4, 9］","7［6, 9］",4、6、8、9、9,6、7、7、7、7、7、8、8、9,24.5,0.7992007992007992,0.089,0.544,1325,13,0.0015,,1.0,1.0,
M_MMSE部分集合(k=4),追跡時 MMSE［時間見当識＋復唱＋読字理解＋3段階命令］,MWU（完全並べ替え）,5,9,"9［5, 10］","8［7, 10］",5、7、9、10、10,7、8、8、8、8、8、9、9、10,24.5,0.7992007992007992,0.089,0.544,1325,13,0.0015,,1.0,1.0,追跡時 MMSE［時間見当識＋復唱＋3段階命令＋書字］、追跡時 MMSE［時間見当識＋復唱＋3段階命令＋図形模写］
M_MMSE部分集合(k=4),追跡時 MMSE［時間見当識＋物品呼称＋復唱＋3段階命令］,MWU（完全並べ替え）,5,9,"10［6, 11］","9［8, 11］",6、8、10、11、11,8、9、9、9、9、9、10、10、11,24.5,0.7992007992007992,0.089,0.544,1325,13,0.0015,,1.0,1.0,追跡時 MMSE［時間見当識＋復唱＋読字理解＋3段階命令＋書字］、追跡時 MMSE［時間見当識＋復唱＋読字理解＋3段階命令＋図形模写］、追跡時 MMSE［時間見当識＋復唱＋3段階命令＋書字＋図形模写］
M_MMSE部分集合(k=5),追跡時 MMSE［時間見当識＋物品呼称＋記銘＋復唱＋3段階命令］,MWU（完全並べ替え）,5,9,"13［9, 14］","12［11, 14］",9、11、13、14、14,11、12、12、12、12、12、13、13、14,24.5,0.7992007992007992,0.089,0.544,1325,13,0.0015,,1.0,1.0,追跡時 MMSE［時間見当識＋記銘＋復唱＋読字理解＋3段階命令＋書字］、追跡時 MMSE［時間見当識＋記銘＋復唱＋読字理解＋3段階命令＋図形模写］、追跡時 MMSE［時間見当識＋記銘＋復唱＋3段階命令＋書字＋図形模写］、追跡時 MMSE［時間見当識＋物品呼称＋復唱＋読字理解＋3段階命令＋書字＋図形模写］
M_MMSE部分集合(k=8),追跡時 MMSE［時間見当識＋物品呼称＋記銘＋復唱＋読字理解＋3段階命令＋書字＋図形模写］,MWU（完全並べ替え）,5,9,"16［12, 17］","15［14, 17］",12、14、16、17、17,14、15、15、15、15、15、16、16、17,24.5,0.7992007992007992,0.089,0.544,1325,13,0.0015,,1.0,1.0,
M_MMSE部分集合(k=7),追跡時 MMSE［時間見当識＋物品呼称＋記銘＋復唱＋読字理解＋3段階命令＋書字］,MWU（完全並べ替え）,5,9,"15［11, 16］","14［13, 16］",11、13、15、16、16,13、14、14、14、14、14、15、15、16,24.5,0.7992007992007992,0.089,0.544,1325,13,0.0015,,1.0,1.0,追跡時 MMSE［時間見当識＋物品呼称＋記銘＋復唱＋読字理解＋3段階命令＋図形模写］、追跡時 MMSE［時間見当識＋物品呼称＋記銘＋復唱＋3段階命令＋書字＋図形模写］
M_MMSE部分集合(k=6),追跡時 MMSE［時間見当識＋物品呼称＋記銘＋復唱＋読字理解＋3段階命令］,MWU（完全並べ替え）,5,9,"14［10, 15］","13［12, 15］",10、12、14、15、15,12、13、13、13、13、13、14、14、15,24.5,0.7992007992007992,0.089,0.544,1325,13,0.0015,,1.0,1.0,追跡時 MMSE［時間見当識＋物品呼称＋記銘＋復唱＋3段階命令＋書字］、追跡時 MMSE［時間見当識＋物品呼称＋記銘＋復唱＋3段階命令＋図形模写］、追跡時 MMSE［時間見当識＋記銘＋復唱＋読字理解＋3段階命令＋書字＋図形模写］
M_MMSE部分集合(k=4),追跡時 MMSE［時間見当識＋記銘＋復唱＋3段階命令］,MWU（完全並べ替え）,5,9,"11［7, 12］","10［9, 12］",7、9、11、12、12,9、10、10、10、10、10、11、11、12,24.5,0.7992007992007992,0.089,0.544,1325,13,0.0015,,1.0,1.0,追跡時 MMSE［時間見当識＋物品呼称＋復唱＋読字理解＋3段階命令］、追跡時 MMSE［時間見当識＋物品呼称＋復唱＋3段階命令＋書字］、追跡時 MMSE［時間見当識＋物品呼称＋復唱＋3段階命令＋図形模写］、追跡時 MMSE［時間見当識＋復唱＋読字理解＋3段階命令＋書字＋図形模写］
M_MMSE部分集合(k=5),追跡時 MMSE［時間見当識＋記銘＋復唱＋読字理解＋3段階命令］,MWU（完全並べ替え）,5,9,"12［8, 13］","11［10, 13］",8、10、12、13、13,10、11、11、11、11、11、12、12、13,24.5,0.7992007992007992,0.089,0.544,1325,13,0.0015,,1.0,1.0,追跡時 MMSE［時間見当識＋記銘＋復唱＋3段階命令＋書字］ ほか4件
L_固定時点(18か月),18か月 MMSE合計,MWU（完全並べ替え）,3,3,"25［22, 27］","23［22, 26］",22、25、27,22、23、26,5.5,0.8,0.222,0.611,212,2,0.1,,1.0,1.0,
L_固定時点(18か月),18か月 ΔCDR-SB,MWU（完全並べ替え）,3,3,"1［0.5, 2.5］","2［1, 2.5］",0.5、1、2.5,1、2、2.5,3.0,0.8,-0.333,0.333,95,4,0.06667,,1.0,1.0,
G_背景・観察条件,NPI初回→追跡の間隔（月）,MWU（完全並べ替え）,2,3,"21.3［12.9, 29.7］","23.7［12.3, 28.6］",12.9、29.7,12.3、23.7、28.6,4.0,0.8,0.333,0.667,95,0,0.2,,1.0,1.0,
A_初回値,初回 MMSE 注意計算,MWU（完全並べ替え）,5,9,"4［1, 5］","5［3, 5］",1、4、4、5、5,3、3、3、4、5、5、5、5、5,20.0,0.8006993006993007,-0.111,0.444,848,13,0.0015,,1.0,1.0,初回 MMSE［注意計算］
M2_下位項目の差,初回 MMSE［注意計算−読字理解］,MWU（完全並べ替え）,5,9,"3［0, 4］","4［2, 4］",0、3、3、4、4,2、2、2、3、4、4、4、4、4,20.0,0.8006993006993007,-0.111,0.444,848,13,0.0015,,1.0,1.0,初回 MMSE［注意計算−書字］
M_MMSE部分集合(k=2),初回 MMSE［注意計算＋読字理解］,MWU（完全並べ替え）,5,9,"5［2, 6］","6［4, 6］",2、5、5、6、6,4、4、4、5、6、6、6、6、6,20.0,0.8006993006993007,-0.111,0.444,848,13,0.0015,,1.0,1.0,初回 MMSE［注意計算＋書字］
M2_下位項目の差,初回 MMSE［物品呼称−注意計算］,MWU（完全並べ替え）,5,9,"-2［-3, 1］","-3［-3, -1］",-3、-3、-2、-2、1,-3、-3、-3、-3、-3、-2、-1、-1、-1,25.0,0.8006993006993007,0.111,0.556,848,13,0.0015,,1.0,1.0,
M_MMSE部分集合(k=4),初回 MMSE［物品呼称＋注意計算＋読字理解＋書字］,MWU（完全並べ替え）,5,9,"8［5, 9］","9［7, 9］",5、8、8、9、9,7、7、7、8、9、9、9、9、9,20.0,0.8006993006993007,-0.111,0.444,848,13,0.0015,,1.0,1.0,
M_MMSE部分集合(k=3),初回 MMSE［物品呼称＋注意計算＋読字理解］,MWU（完全並べ替え）,5,9,"7［4, 8］","8［6, 8］",4、7、7、8、8,6、6、6、7、8、8、8、8、8,20.0,0.8006993006993007,-0.111,0.444,848,13,0.0015,,1.0,1.0,初回 MMSE［物品呼称＋注意計算＋書字］
M_MMSE部分集合(k=2),初回 MMSE［物品呼称＋注意計算］,MWU（完全並べ替え）,5,9,"6［3, 7］","7［5, 7］",3、6、6、7、7,5、5、5、6、7、7、7、7、7,20.0,0.8006993006993007,-0.111,0.444,848,13,0.0015,,1.0,1.0,初回 MMSE［注意計算＋読字理解＋書字］
M_MMSE部分集合(k=6),初回 MMSE［時間見当識＋物品呼称＋記銘＋注意計算＋復唱＋図形模写］,MWU（完全並べ替え）,5,9,"15［13, 17］","14［12, 17］",13、14、15、15、17,12、13、13、14、14、15、16、17、17,25.0,0.8016983016983017,0.111,0.556,848,12,0.003,,1.0,1.0,初回 MMSE［時間見当識＋記銘＋注意計算＋復唱＋読字理解＋書字＋図形模写］
M_MMSE部分集合(k=7),初回 MMSE［時間見当識＋物品呼称＋記銘＋注意計算＋復唱＋読字理解＋図形模写］,MWU（完全並べ替え）,5,9,"16［14, 18］","15［13, 18］",14、15、16、16、18,13、14、14、15、15、16、17、18、18,25.0,0.8016983016983017,0.111,0.556,848,12,0.003,,1.0,1.0,初回 MMSE［時間見当識＋物品呼称＋記銘＋注意計算＋復唱＋書字＋図形模写］
M_MMSE部分集合(k=8),初回 MMSE［時間見当識＋物品呼称＋記銘＋注意計算＋復唱＋読字理解＋書字＋図形模写］,MWU（完全並べ替え）,5,9,"17［15, 19］","16［14, 19］",15、16、17、17、19,14、15、15、16、16、17、18、19、19,25.0,0.8016983016983017,0.111,0.556,848,12,0.003,,1.0,1.0,
M_MMSE部分集合(k=5),初回 MMSE［時間見当識＋記銘＋注意計算＋復唱＋図形模写］,MWU（完全並べ替え）,5,9,"13［11, 15］","12［10, 15］",11、12、13、13、15,10、11、11、12、12、13、14、15、15,25.0,0.8016983016983017,0.111,0.556,848,12,0.003,,1.0,1.0,
M_MMSE部分集合(k=6),初回 MMSE［時間見当識＋記銘＋注意計算＋復唱＋読字理解＋図形模写］,MWU（完全並べ替え）,5,9,"14［12, 16］","13［11, 16］",12、13、14、14、16,11、12、12、13、13、14、15、16、16,25.0,0.8016983016983017,0.111,0.556,848,12,0.003,,1.0,1.0,初回 MMSE［時間見当識＋記銘＋注意計算＋復唱＋書字＋図形模写］
M_MMSE部分集合(k=5),初回 MMSE［物品呼称＋記銘＋注意計算＋遅延再生＋3段階命令］,MWU（完全並べ替え）,5,9,"12［10, 14］","12［11, 16］",10、11、12、14、14,11、11、12、12、12、13、13、13、16,20.5,0.8021978021978022,-0.089,0.456,1325,12,0.0015,,1.0,1.0,初回 MMSE［記銘＋注意計算＋遅延再生＋読字理解＋3段階命令＋書字］
M_MMSE部分集合(k=5),初回 MMSE［物品呼称＋記銘＋注意計算＋遅延再生＋図形模写］,MWU（完全並べ替え）,5,9,"10［8, 12］","10［9, 14］",8、9、10、12、12,9、9、10、10、10、11、11、11、14,20.5,0.8021978021978022,-0.089,0.456,1325,12,0.0015,,1.0,1.0,初回 MMSE［記銘＋注意計算＋遅延再生＋読字理解＋書字＋図形模写］
M_MMSE部分集合(k=7),初回 MMSE［物品呼称＋記銘＋注意計算＋遅延再生＋読字理解＋3段階命令＋書字］,MWU（完全並べ替え）,5,9,"14［12, 16］","14［13, 18］",12、13、14、16、16,13、13、14、14、14、15、15、15、18,20.5,0.8021978021978022,-0.089,0.456,1325,12,0.0015,,1.0,1.0,
M_MMSE部分集合(k=6),初回 MMSE［物品呼称＋記銘＋注意計算＋遅延再生＋読字理解＋3段階命令］,MWU（完全並べ替え）,5,9,"13［11, 15］","13［12, 17］",11、12、13、15、15,12、12、13、13、13、14、14、14、17,20.5,0.8021978021978022,-0.089,0.456,1325,12,0.0015,,1.0,1.0,初回 MMSE［物品呼称＋記銘＋注意計算＋遅延再生＋3段階命令＋書字］
M_MMSE部分集合(k=6),初回 MMSE［物品呼称＋記銘＋注意計算＋遅延再生＋読字理解＋図形模写］,MWU（完全並べ替え）,5,9,"11［9, 13］","11［10, 15］",9、10、11、13、13,10、10、11、11、11、12、12、12、15,20.5,0.8021978021978022,-0.089,0.456,1325,12,0.0015,,1.0,1.0,初回 MMSE［物品呼称＋記銘＋注意計算＋遅延再生＋書字＋図形模写］
M_MMSE部分集合(k=7),初回 MMSE［物品呼称＋記銘＋注意計算＋遅延再生＋読字理解＋書字＋図形模写］,MWU（完全並べ替え）,5,9,"12［10, 14］","12［11, 16］",10、11、12、14、14,11、11、12、12、12、13、13、13、16,20.5,0.8021978021978022,-0.089,0.456,1325,12,0.0015,,1.0,1.0,
M_MMSE部分集合(k=4),初回 MMSE［記銘＋注意計算＋遅延再生＋3段階命令］,MWU（完全並べ替え）,5,9,"10［8, 12］","10［9, 14］",8、9、10、12、12,9、9、10、10、10、11、11、11、14,20.5,0.8021978021978022,-0.089,0.456,1325,12,0.0015,,1.0,1.0,
M_MMSE部分集合(k=4),初回 MMSE［記銘＋注意計算＋遅延再生＋図形模写］,MWU（完全並べ替え）,5,9,"8［6, 10］","8［7, 12］",6、7、8、10、10,7、7、8、8、8、9、9、9、12,20.5,0.8021978021978022,-0.089,0.456,1325,12,0.0015,,1.0,1.0,
M_MMSE部分集合(k=5),初回 MMSE［記銘＋注意計算＋遅延再生＋読字理解＋3段階命令］,MWU（完全並べ替え）,5,9,"11［9, 13］","11［10, 15］",9、10、11、13、13,10、10、11、11、11、12、12、12、15,20.5,0.8021978021978022,-0.089,0.456,1325,12,0.0015,,1.0,1.0,初回 MMSE［記銘＋注意計算＋遅延再生＋3段階命令＋書字］
M_MMSE部分集合(k=5),初回 MMSE［記銘＋注意計算＋遅延再生＋読字理解＋図形模写］,MWU（完全並べ替え）,5,9,"9［7, 11］","9［8, 13］",7、8、9、11、11,8、8、9、9、9、10、10、10、13,20.5,0.8021978021978022,-0.089,0.456,1325,12,0.0015,,1.0,1.0,初回 MMSE［記銘＋注意計算＋遅延再生＋書字＋図形模写］
M_MMSE部分集合(k=3),初回 MMSE［時間見当識＋場所見当識＋図形模写］,MWU（完全並べ替え）,5,9,"10［7, 11］","10［7, 11］",7、8、10、11、11,7、7、8、9、10、10、10、11、11,25.0,0.8026973026973027,0.111,0.556,848,13,0.0005,,1.0,1.0,
M_MMSE部分集合(k=4),初回 MMSE［時間見当識＋場所見当識＋物品呼称＋図形模写］,MWU（完全並べ替え）,5,9,"12［9, 13］","12［9, 13］",9、10、12、13、13,9、9、10、11、12、12、12、13、13,25.0,0.8026973026973027,0.111,0.556,848,13,0.0005,,1.0,1.0,初回 MMSE［時間見当識＋場所見当識＋読字理解＋書字＋図形模写］
M_MMSE部分集合(k=5),初回 MMSE［時間見当識＋場所見当識＋物品呼称＋読字理解＋図形模写］,MWU（完全並べ替え）,5,9,"13［10, 14］","13［10, 14］",10、11、13、14、14,10、10、11、12、13、13、13、14、14,25.0,0.8026973026973027,0.111,0.556,848,13,0.0005,,1.0,1.0,初回 MMSE［時間見当識＋場所見当識＋物品呼称＋書字＋図形模写］
M_MMSE部分集合(k=6),初回 MMSE［時間見当識＋場所見当識＋物品呼称＋読字理解＋書字＋図形模写］,MWU（完全並べ替え）,5,9,"14［11, 15］","14［11, 15］",11、12、14、15、15,11、11、12、13、14、14、14、15、15,25.0,0.8026973026973027,0.111,0.556,848,13,0.0005,,1.0,1.0,
M_MMSE部分集合(k=4),初回 MMSE［時間見当識＋場所見当識＋読字理解＋図形模写］,MWU（完全並べ替え）,5,9,"11［8, 12］","11［8, 12］",8、9、11、12、12,8、8、9、10、11、11、11、12、12,25.0,0.8026973026973027,0.111,0.556,848,13,0.0005,,1.0,1.0,初回 MMSE［時間見当識＋場所見当識＋書字＋図形模写］
M_CDR部分集合(k=3),Δ CDR［見当識＋地域社会の活動＋家庭・趣味］,MWU（完全並べ替え）,5,9,"0.5［0, 2］","0.5［0, 1.5］",0、0.5、0.5、0.5、2,0、0、0、0.5、0.5、0.5、1、1、1.5,24.0,0.8051948051948052,0.067,0.533,2355,12,0.00599,,1.0,1.0,
M_MMSE部分集合(k=3),初回 MMSE［時間見当識＋場所見当識＋3段階命令］,MWU（完全並べ替え）,5,9,"12［9, 13］","11［9, 13］",9、10、12、13、13,9、10、10、11、11、12、12、13、13,24.5,0.8051948051948052,0.089,0.544,1325,14,0.0005,,1.0,1.0,
M_MMSE部分集合(k=4),初回 MMSE［時間見当識＋場所見当識＋物品呼称＋3段階命令］,MWU（完全並べ替え）,5,9,"14［11, 15］","13［11, 15］",11、12、14、15、15,11、12、12、13、13、14、14、15、15,24.5,0.8051948051948052,0.089,0.544,1325,14,0.0005,,1.0,1.0,初回 MMSE［時間見当識＋場所見当識＋読字理解＋3段階命令＋書字］
M_MMSE部分集合(k=6),初回 MMSE［時間見当識＋場所見当識＋物品呼称＋読字理解＋3段階命令＋書字］,MWU（完全並べ替え）,5,9,"16［13, 17］","15［13, 17］",13、14、16、17、17,13、14、14、15、15、16、16、17、17,24.5,0.8051948051948052,0.089,0.544,1325,14,0.0005,,1.0,1.0,
M_MMSE部分集合(k=5),初回 MMSE［時間見当識＋場所見当識＋物品呼称＋読字理解＋3段階命令］,MWU（完全並べ替え）,5,9,"15［12, 16］","14［12, 16］",12、13、15、16、16,12、13、13、14、14、15、15、16、16,24.5,0.8051948051948052,0.089,0.544,1325,14,0.0005,,1.0,1.0,初回 MMSE［時間見当識＋場所見当識＋物品呼称＋3段階命令＋書字］
M_MMSE部分集合(k=4),初回 MMSE［時間見当識＋場所見当識＋読字理解＋3段階命令］,MWU（完全並べ替え）,5,9,"13［10, 14］","12［10, 14］",10、11、13、14、14,10、11、11、12、12、13、13、14、14,24.5,0.8051948051948052,0.089,0.544,1325,14,0.0005,,1.0,1.0,初回 MMSE［時間見当識＋場所見当識＋3段階命令＋書字］
G_背景・観察条件,観察期間（月）,MWU（完全並べ替え）,3,8,"7.3［6.8, 17.5］","11.9［6.2, 17.7］",6.8、7.3、17.5,6.2、6.8、7.9、11.9、11.9、12.4、17.4、17.7,10.5,0.806060606060606,-0.125,0.438,670,4,0.00216,,1.0,1.0,
E_合成指標,初回 MMSE 記憶計（記銘＋遅延再生）,MWU（完全並べ替え）,5,9,"4［2, 4］","3［2, 6］",2、3、4、4、4,2、3、3、3、3、3、4、4、6,25.0,0.8076923076923077,0.111,0.556,848,13,0.0025,,1.0,1.0,初回 MMSE［記銘＋遅延再生］
M2_下位項目の差,初回 MMSE［時間見当識−図形模写］,MWU（完全並べ替え）,5,9,"4［2, 4］","3［1, 4］",2、2、4、4、4,1、2、2、2、3、4、4、4、4,26.0,0.8076923076923077,0.156,0.578,433,12,0.0025,,1.0,1.0,
M_MMSE部分集合(k=5),初回 MMSE［物品呼称＋記銘＋注意計算＋読字理解＋書字］,MWU（完全並べ替え）,5,9,"11［8, 12］","12［10, 12］",8、10、11、12、12,10、10、10、10、12、12、12、12、12,19.0,0.8076923076923077,-0.156,0.422,433,12,0.0025,,1.0,1.0,
M_MMSE部分集合(k=4),初回 MMSE［物品呼称＋記銘＋注意計算＋読字理解］,MWU（完全並べ替え）,5,9,"10［7, 11］","11［9, 11］",7、9、10、11、11,9、9、9、9、11、11、11、11、11,19.0,0.8076923076923077,-0.156,0.422,433,12,0.0025,,1.0,1.0,初回 MMSE［物品呼称＋記銘＋注意計算＋書字］
M_MMSE部分集合(k=3),初回 MMSE［物品呼称＋記銘＋注意計算］,MWU（完全並べ替え）,5,9,"9［6, 10］","10［8, 10］",6、8、9、10、10,8、8、8、8、10、10、10、10、10,19.0,0.8076923076923077,-0.156,0.422,433,12,0.0025,,1.0,1.0,初回 MMSE［記銘＋注意計算＋読字理解＋書字］
M_MMSE部分集合(k=5),初回 MMSE［物品呼称＋記銘＋遅延再生＋読字理解＋書字］,MWU（完全並べ替え）,5,9,"8［6, 8］","7［6, 10］",6、7、8、8、8,6、7、7、7、7、7、8、8、10,25.0,0.8076923076923077,0.111,0.556,848,13,0.0025,,1.0,1.0,
M_MMSE部分集合(k=4),初回 MMSE［物品呼称＋記銘＋遅延再生＋読字理解］,MWU（完全並べ替え）,5,9,"7［5, 7］","6［5, 9］",5、6、7、7、7,5、6、6、6、6、6、7、7、9,25.0,0.8076923076923077,0.111,0.556,848,13,0.0025,,1.0,1.0,初回 MMSE［物品呼称＋記銘＋遅延再生＋書字］
M_MMSE部分集合(k=3),初回 MMSE［物品呼称＋記銘＋遅延再生］,MWU（完全並べ替え）,5,9,"6［4, 6］","5［4, 8］",4、5、6、6、6,4、5、5、5、5、5、6、6、8,25.0,0.8076923076923077,0.111,0.556,848,13,0.0025,,1.0,1.0,初回 MMSE［記銘＋遅延再生＋読字理解＋書字］
M_MMSE部分集合(k=3),初回 MMSE［記銘＋注意計算＋読字理解］,MWU（完全並べ替え）,5,9,"8［5, 9］","9［7, 9］",5、7、8、9、9,7、7、7、7、9、9、9、9、9,19.0,0.8076923076923077,-0.156,0.422,433,12,0.0025,,1.0,1.0,初回 MMSE［記銘＋注意計算＋書字］
M_MMSE部分集合(k=2),初回 MMSE［記銘＋注意計算］,MWU（完全並べ替え）,5,9,"7［4, 8］","8［6, 8］",4、6、7、8、8,6、6、6、6、8、8、8、8、8,19.0,0.8076923076923077,-0.156,0.422,433,12,0.0025,,1.0,1.0,
M_MMSE部分集合(k=3),初回 MMSE［記銘＋遅延再生＋読字理解］,MWU（完全並べ替え）,5,9,"5［3, 5］","4［3, 7］",3、4、5、5、5,3、4、4、4、4、4、5、5、7,25.0,0.8076923076923077,0.111,0.556,848,13,0.0025,,1.0,1.0,初回 MMSE［記銘＋遅延再生＋書字］
L_固定時点(6か月),6か月 CDR-SB,MWU（完全並べ替え）,5,9,"1.5［0.5, 3.5］","2［1, 3］",0.5、1.5、1.5、2.5、3.5,1、1.5、1.5、1.5、2、2.5、2.5、2.5、3,20.5,0.8086913086913087,-0.089,0.456,1325,9,0.002,,1.0,1.0,
M_MMSE部分集合(k=5),初回 MMSE［時間見当識＋場所見当識＋物品呼称＋遅延再生＋図形模写］,MWU（完全並べ替え）,5,9,"12［9, 14］","12［9, 15］",9、11、12、14、14,9、10、10、11、12、13、13、13、15,24.5,0.8086913086913087,0.089,0.544,1325,13,0.001,,1.0,1.0,初回 MMSE［時間見当識＋場所見当識＋遅延再生＋読字理解＋書字＋図形模写］
M_MMSE部分集合(k=6),初回 MMSE［時間見当識＋場所見当識＋物品呼称＋遅延再生＋読字理解＋図形模写］,MWU（完全並べ替え）,5,9,"13［10, 15］","13［10, 16］",10、12、13、15、15,10、11、11、12、13、14、14、14、16,24.5,0.8086913086913087,0.089,0.544,1325,13,0.001,,1.0,1.0,初回 MMSE［時間見当識＋場所見当識＋物品呼称＋遅延再生＋書字＋図形模写］
M_MMSE部分集合(k=7),初回 MMSE［時間見当識＋場所見当識＋物品呼称＋遅延再生＋読字理解＋書字＋図形模写］,MWU（完全並べ替え）,5,9,"14［11, 16］","14［11, 17］",11、13、14、16、16,11、12、12、13、14、15、15、15、17,24.5,0.8086913086913087,0.089,0.544,1325,13,0.001,,1.0,1.0,
M_MMSE部分集合(k=4),初回 MMSE［時間見当識＋場所見当識＋遅延再生＋図形模写］,MWU（完全並べ替え）,5,9,"10［7, 12］","10［7, 13］",7、9、10、12、12,7、8、8、9、10、11、11、11、13,24.5,0.8086913086913087,0.089,0.544,1325,13,0.001,,1.0,1.0,
M_MMSE部分集合(k=5),初回 MMSE［時間見当識＋場所見当識＋遅延再生＋読字理解＋図形模写］,MWU（完全並べ替え）,5,9,"11［8, 13］","11［8, 14］",8、10、11、13、13,8、9、9、10、11、12、12、12、14,24.5,0.8086913086913087,0.089,0.544,1325,13,0.001,,1.0,1.0,初回 MMSE［時間見当識＋場所見当識＋遅延再生＋書字＋図形模写］
M_MMSE部分集合(k=6),初回 MMSE［時間見当識＋物品呼称＋記銘＋注意計算＋復唱＋3段階命令］,MWU（完全並べ替え）,5,9,"17［15, 19］","16［14, 19］",15、16、17、17、19,14、15、16、16、16、17、18、18、19,24.5,0.8096903096903096,0.089,0.544,1325,13,0.0015,,1.0,1.0,初回 MMSE［時間見当識＋記銘＋注意計算＋復唱＋読字理解＋3段階命令＋書字］
M_MMSE部分集合(k=8),初回 MMSE［時間見当識＋物品呼称＋記銘＋注意計算＋復唱＋読字理解＋3段階命令＋書字］,MWU（完全並べ替え）,5,9,"19［17, 21］","18［16, 21］",17、18、19、19、21,16、17、18、18、18、19、20、20、21,24.5,0.8096903096903096,0.089,0.544,1325,13,0.0015,,1.0,1.0,
M_MMSE部分集合(k=7),初回 MMSE［時間見当識＋物品呼称＋記銘＋注意計算＋復唱＋読字理解＋3段階命令］,MWU（完全並べ替え）,5,9,"18［16, 20］","17［15, 20］",16、17、18、18、20,15、16、17、17、17、18、19、19、20,24.5,0.8096903096903096,0.089,0.544,1325,13,0.0015,,1.0,1.0,初回 MMSE［時間見当識＋物品呼称＋記銘＋注意計算＋復唱＋3段階命令＋書字］
M_MMSE部分集合(k=5),初回 MMSE［時間見当識＋記銘＋注意計算＋復唱＋3段階命令］,MWU（完全並べ替え）,5,9,"15［13, 17］","14［12, 17］",13、14、15、15、17,12、13、14、14、14、15、16、16、17,24.5,0.8096903096903096,0.089,0.544,1325,13,0.0015,,1.0,1.0,
M_MMSE部分集合(k=6),初回 MMSE［時間見当識＋記銘＋注意計算＋復唱＋読字理解＋3段階命令］,MWU（完全並べ替え）,5,9,"16［14, 18］","15［13, 18］",14、15、16、16、18,13、14、15、15、15、16、17、17、18,24.5,0.8096903096903096,0.089,0.544,1325,13,0.0015,,1.0,1.0,初回 MMSE［時間見当識＋記銘＋注意計算＋復唱＋3段階命令＋書字］
M_MMSE部分集合(k=5),Δ MMSE［時間見当識＋記銘＋注意計算＋遅延再生＋復唱］,MWU（完全並べ替え）,5,9,"-2［-2, 3］","-1［-4, 2］",-2、-2、-2、1、3,-4、-2、-1、-1、-1、0、1、1、2,20.5,0.8131868131868132,-0.089,0.456,1325,10,0.001,,1.0,1.0,Δ MMSE［時間見当識＋物品呼称＋記銘＋注意計算＋遅延再生＋復唱］ ほか14件
M_MMSE部分集合(k=8),初回 MMSE［時間見当識＋場所見当識＋物品呼称＋記銘＋注意計算＋復唱＋3段階命令＋図形模写］,MWU（完全並べ替え）,5,9,"22［20, 25］","22［19, 25］",20、21、22、22、25,19、20、21、22、22、23、23、23、25,20.5,0.8141858141858141,-0.089,0.456,1325,13,0.001,,1.0,1.0,初回 MMSE［時間見当識＋場所見当識＋記銘＋注意計算＋復唱＋読字理解＋3段階命令＋書字＋図形模写］
M_MMSE部分集合(k=9),初回 MMSE［時間見当識＋場所見当識＋物品呼称＋記銘＋注意計算＋復唱＋読字理解＋3段階命令＋図形模写］,MWU（完全並べ替え）,5,9,"23［21, 26］","23［20, 26］",21、22、23、23、26,20、21、22、23、23、24、24、24、26,20.5,0.8141858141858141,-0.089,0.456,1325,13,0.001,,1.0,1.0,初回 MMSE［時間見当識＋場所見当識＋物品呼称＋記銘＋注意計算＋復唱＋3段階命令＋書字＋図形模写］
M_MMSE部分集合(k=10),初回 MMSE［時間見当識＋場所見当識＋物品呼称＋記銘＋注意計算＋復唱＋読字理解＋3段階命令＋書字＋図形模写］,MWU（完全並べ替え）,5,9,"24［22, 27］","24［21, 27］",22、23、24、24、27,21、22、23、24、24、25、25、25、27,20.5,0.8141858141858141,-0.089,0.456,1325,13,0.001,,1.0,1.0,
M_MMSE部分集合(k=7),初回 MMSE［時間見当識＋場所見当識＋記銘＋注意計算＋復唱＋3段階命令＋図形模写］,MWU（完全並べ替え）,5,9,"20［18, 23］","20［17, 23］",18、19、20、20、23,17、18、19、20、20、21、21、21、23,20.5,0.8141858141858141,-0.089,0.456,1325,13,0.001,,1.0,1.0,
M_MMSE部分集合(k=8),初回 MMSE［時間見当識＋場所見当識＋記銘＋注意計算＋復唱＋読字理解＋3段階命令＋図形模写］,MWU（完全並べ替え）,5,9,"21［19, 24］","21［18, 24］",19、20、21、21、24,18、19、20、21、21、22、22、22、24,20.5,0.8141858141858141,-0.089,0.456,1325,13,0.001,,1.0,1.0,初回 MMSE［時間見当識＋場所見当識＋記銘＋注意計算＋復唱＋3段階命令＋書字＋図形模写］
E_合成指標,追跡時 MMSE 見当識計（時間＋場所）,MWU（完全並べ替え）,5,9,"9［5, 10］","8［6, 9］",5、7、9、9、10,6、7、8、8、8、9、9、9、9,24.5,0.8151848151848152,0.089,0.544,1325,11,0.0015,,1.0,1.0,追跡時 MMSE［時間見当識＋場所見当識］
M_MMSE部分集合(k=7),追跡時 MMSE［時間見当識＋場所見当識＋物品呼称＋記銘＋読字理解＋書字＋図形模写］,MWU（完全並べ替え）,5,9,"17［13, 18］","16［14, 17］",13、15、17、17、18,14、15、16、16、16、17、17、17、17,24.5,0.8151848151848152,0.089,0.544,1325,11,0.0015,,1.0,1.0,
M_MMSE部分集合(k=6),追跡時 MMSE［時間見当識＋場所見当識＋物品呼称＋記銘＋読字理解＋書字］,MWU（完全並べ替え）,5,9,"16［12, 17］","15［13, 16］",12、14、16、16、17,13、14、15、15、15、16、16、16、16,24.5,0.8151848151848152,0.089,0.544,1325,11,0.0015,,1.0,1.0,追跡時 MMSE［時間見当識＋場所見当識＋物品呼称＋記銘＋読字理解＋図形模写］、追跡時 MMSE［時間見当識＋場所見当識＋物品呼称＋記銘＋書字＋図形模写］
M_MMSE部分集合(k=5),追跡時 MMSE［時間見当識＋場所見当識＋物品呼称＋記銘＋読字理解］,MWU（完全並べ替え）,5,9,"15［11, 16］","14［12, 15］",11、13、15、15、16,12、13、14、14、14、15、15、15、15,24.5,0.8151848151848152,0.089,0.544,1325,11,0.0015,,1.0,1.0,追跡時 MMSE［時間見当識＋場所見当識＋物品呼称＋記銘＋書字］、追跡時 MMSE［時間見当識＋場所見当識＋物品呼称＋記銘＋図形模写］、追跡時 MMSE［時間見当識＋場所見当識＋記銘＋読字理解＋書字＋図形模写］
M_MMSE部分集合(k=4),追跡時 MMSE［時間見当識＋場所見当識＋物品呼称＋記銘］,MWU（完全並べ替え）,5,9,"14［10, 15］","13［11, 14］",10、12、14、14、15,11、12、13、13、13、14、14、14、14,24.5,0.8151848151848152,0.089,0.544,1325,11,0.0015,,1.0,1.0,追跡時 MMSE［時間見当識＋場所見当識＋記銘＋読字理解＋書字］、追跡時 MMSE［時間見当識＋場所見当識＋記銘＋読字理解＋図形模写］、追跡時 MMSE［時間見当識＋場所見当識＋記銘＋書字＋図形模写］、追跡時 MMSE［時間見当識＋場所見当識＋物品呼称＋読字理解＋書字＋図形模写］
M_MMSE部分集合(k=3),追跡時 MMSE［時間見当識＋場所見当識＋物品呼称］,MWU（完全並べ替え）,5,9,"11［7, 12］","10［8, 11］",7、9、11、11、12,8、9、10、10、10、11、11、11、11,24.5,0.8151848151848152,0.089,0.544,1325,11,0.0015,,1.0,1.0,追跡時 MMSE［時間見当識＋場所見当識＋読字理解＋書字］、追跡時 MMSE［時間見当識＋場所見当識＋読字理解＋図形模写］、追跡時 MMSE［時間見当識＋場所見当識＋書字＋図形模写］
M_MMSE部分集合(k=4),追跡時 MMSE［時間見当識＋場所見当識＋記銘＋読字理解］,MWU（完全並べ替え）,5,9,"13［9, 14］","12［10, 13］",9、11、13、13、14,10、11、12、12、12、13、13、13、13,24.5,0.8151848151848152,0.089,0.544,1325,11,0.0015,,1.0,1.0,追跡時 MMSE［時間見当識＋場所見当識＋記銘＋書字］ ほか4件
M_MMSE部分集合(k=3),追跡時 MMSE［時間見当識＋場所見当識＋記銘］,MWU（完全並べ替え）,5,9,"12［8, 13］","11［9, 12］",8、10、12、12、13,9、10、11、11、11、12、12、12、12,24.5,0.8151848151848152,0.089,0.544,1325,11,0.0015,,1.0,1.0,追跡時 MMSE［時間見当識＋場所見当識＋物品呼称＋読字理解］、追跡時 MMSE［時間見当識＋場所見当識＋物品呼称＋書字］、追跡時 MMSE［時間見当識＋場所見当識＋物品呼称＋図形模写］、追跡時 MMSE［時間見当識＋場所見当識＋読字理解＋書字＋図形模写］
M_MMSE部分集合(k=3),追跡時 MMSE［時間見当識＋場所見当識＋読字理解］,MWU（完全並べ替え）,5,9,"10［6, 11］","9［7, 10］",6、8、10、10、11,7、8、9、9、9、10、10、10、10,24.5,0.8151848151848152,0.089,0.544,1325,11,0.0015,,1.0,1.0,追跡時 MMSE［時間見当識＋場所見当識＋書字］、追跡時 MMSE［時間見当識＋場所見当識＋図形模写］
M_MMSE部分集合(k=7),初回 MMSE［時間見当識＋場所見当識＋物品呼称＋記銘＋遅延再生＋3段階命令＋図形模写］,MWU（完全並べ替え）,5,9,"17［15, 20］","17［15, 21］",15、17、17、20、20,15、16、16、17、17、18、19、19、21,24.5,0.8166833166833167,0.089,0.544,1325,12,0.0005,,1.0,1.0,初回 MMSE［時間見当識＋場所見当識＋記銘＋遅延再生＋読字理解＋3段階命令＋書字＋図形模写］
M_MMSE部分集合(k=8),初回 MMSE［時間見当識＋場所見当識＋物品呼称＋記銘＋遅延再生＋読字理解＋3段階命令＋図形模写］,MWU（完全並べ替え）,5,9,"18［16, 21］","18［16, 22］",16、18、18、21、21,16、17、17、18、18、19、20、20、22,24.5,0.8166833166833167,0.089,0.544,1325,12,0.0005,,1.0,1.0,初回 MMSE［時間見当識＋場所見当識＋物品呼称＋記銘＋遅延再生＋3段階命令＋書字＋図形模写］
M_MMSE部分集合(k=9),初回 MMSE［時間見当識＋場所見当識＋物品呼称＋記銘＋遅延再生＋読字理解＋3段階命令＋書字＋図形模写］,MWU（完全並べ替え）,5,9,"19［17, 22］","19［17, 23］",17、19、19、22、22,17、18、18、19、19、20、21、21、23,24.5,0.8166833166833167,0.089,0.544,1325,12,0.0005,,1.0,1.0,
M_MMSE部分集合(k=6),初回 MMSE［時間見当識＋場所見当識＋記銘＋遅延再生＋3段階命令＋図形模写］,MWU（完全並べ替え）,5,9,"15［13, 18］","15［13, 19］",13、15、15、18、18,13、14、14、15、15、16、17、17、19,24.5,0.8166833166833167,0.089,0.544,1325,12,0.0005,,1.0,1.0,
M_MMSE部分集合(k=7),初回 MMSE［時間見当識＋場所見当識＋記銘＋遅延再生＋読字理解＋3段階命令＋図形模写］,MWU（完全並べ替え）,5,9,"16［14, 19］","16［14, 20］",14、16、16、19、19,14、15、15、16、16、17、18、18、20,24.5,0.8166833166833167,0.089,0.544,1325,12,0.0005,,1.0,1.0,初回 MMSE［時間見当識＋場所見当識＋記銘＋遅延再生＋3段階命令＋書字＋図形模写］
M_MMSE部分集合(k=4),初回 MMSE［時間見当識＋注意計算＋復唱＋図形模写］,MWU（完全並べ替え）,5,9,"10［8, 12］","10［7, 12］",8、9、10、11、12,7、8、8、9、10、10、11、12、12,25.0,0.8206793206793207,0.111,0.556,848,13,0.0005,,1.0,1.0,
M_MMSE部分集合(k=5),初回 MMSE［時間見当識＋注意計算＋復唱＋読字理解＋図形模写］,MWU（完全並べ替え）,5,9,"11［9, 13］","11［8, 13］",9、10、11、12、13,8、9、9、10、11、11、12、13、13,25.0,0.8206793206793207,0.111,0.556,848,13,0.0005,,1.0,1.0,初回 MMSE［時間見当識＋注意計算＋復唱＋書字＋図形模写］
M_MMSE部分集合(k=5),初回 MMSE［時間見当識＋物品呼称＋注意計算＋復唱＋図形模写］,MWU（完全並べ替え）,5,9,"12［10, 14］","12［9, 14］",10、11、12、13、14,9、10、10、11、12、12、13、14、14,25.0,0.8206793206793207,0.111,0.556,848,13,0.0005,,1.0,1.0,初回 MMSE［時間見当識＋注意計算＋復唱＋読字理解＋書字＋図形模写］
M_MMSE部分集合(k=6),初回 MMSE［時間見当識＋物品呼称＋注意計算＋復唱＋読字理解＋図形模写］,MWU（完全並べ替え）,5,9,"13［11, 15］","13［10, 15］",11、12、13、14、15,10、11、11、12、13、13、14、15、15,25.0,0.8206793206793207,0.111,0.556,848,13,0.0005,,1.0,1.0,初回 MMSE［時間見当識＋物品呼称＋注意計算＋復唱＋書字＋図形模写］
M_MMSE部分集合(k=7),初回 MMSE［時間見当識＋物品呼称＋注意計算＋復唱＋読字理解＋書字＋図形模写］,MWU（完全並べ替え）,5,9,"14［12, 16］","14［11, 16］",12、13、14、15、16,11、12、12、13、14、14、15、16、16,25.0,0.8206793206793207,0.111,0.556,848,13,0.0005,,1.0,1.0,
M_MMSE部分集合(k=5),初回 MMSE［場所見当識＋物品呼称＋記銘＋遅延再生＋図形模写］,MWU（完全並べ替え）,5,9,"11［9, 12］","11［10, 13］",9、9、11、12、12,10、10、10、10、11、11、11、12、13,20.5,0.8216783216783217,-0.089,0.456,1325,13,0.004,,1.0,1.0,初回 MMSE［場所見当識＋記銘＋遅延再生＋読字理解＋書字＋図形模写］
M_MMSE部分集合(k=6),初回 MMSE［場所見当識＋物品呼称＋記銘＋遅延再生＋読字理解＋図形模写］,MWU（完全並べ替え）,5,9,"12［10, 13］","12［11, 14］",10、10、12、13、13,11、11、11、11、12、12、12、13、14,20.5,0.8216783216783217,-0.089,0.456,1325,13,0.004,,1.0,1.0,初回 MMSE［場所見当識＋物品呼称＋記銘＋遅延再生＋書字＋図形模写］
M_MMSE部分集合(k=7),初回 MMSE［場所見当識＋物品呼称＋記銘＋遅延再生＋読字理解＋書字＋図形模写］,MWU（完全並べ替え）,5,9,"13［11, 14］","13［12, 15］",11、11、13、14、14,12、12、12、12、13、13、13、14、15,20.5,0.8216783216783217,-0.089,0.456,1325,13,0.004,,1.0,1.0,
M_MMSE部分集合(k=4),初回 MMSE［場所見当識＋記銘＋遅延再生＋図形模写］,MWU（完全並べ替え）,5,9,"9［7, 10］","9［8, 11］",7、7、9、10、10,8、8、8、8、9、9、9、10、11,20.5,0.8216783216783217,-0.089,0.456,1325,13,0.004,,1.0,1.0,
M_MMSE部分集合(k=5),初回 MMSE［場所見当識＋記銘＋遅延再生＋読字理解＋図形模写］,MWU（完全並べ替え）,5,9,"10［8, 11］","10［9, 12］",8、8、10、11、11,9、9、9、9、10、10、10、11、12,20.5,0.8216783216783217,-0.089,0.456,1325,13,0.004,,1.0,1.0,初回 MMSE［場所見当識＋記銘＋遅延再生＋書字＋図形模写］
M_CDR部分集合(k=4),追跡時 CDR［記憶＋見当識＋判断力・問題解決＋家庭・趣味］,MWU（完全並べ替え）,5,9,"2［1, 3.5］","2［1.5, 3］",1、1.5、2、2、3.5,1.5、1.5、1.5、1.5、2、2.5、2.5、2.5、3,20.0,0.8231768231768232,-0.111,0.444,848,11,0.0005,,1.0,1.0,
M_MMSE部分集合(k=5),初回 MMSE［注意計算＋遅延再生＋復唱＋3段階命令＋図形模写］,MWU（完全並べ替え）,5,9,"9［7, 11］","9［8, 12］",7、9、9、11、11,8、8、9、9、9、9、10、10、12,24.0,0.8251748251748252,0.067,0.533,2355,12,0.0005,,1.0,1.0,
M_MMSE部分集合(k=6),初回 MMSE［注意計算＋遅延再生＋復唱＋読字理解＋3段階命令＋図形模写］,MWU（完全並べ替え）,5,9,"10［8, 12］","10［9, 13］",8、10、10、12、12,9、9、10、10、10、10、11、11、13,24.0,0.8251748251748252,0.067,0.533,2355,12,0.0005,,1.0,1.0,初回 MMSE［注意計算＋遅延再生＋復唱＋3段階命令＋書字＋図形模写］
M_MMSE部分集合(k=6),初回 MMSE［物品呼称＋注意計算＋遅延再生＋復唱＋3段階命令＋図形模写］,MWU（完全並べ替え）,5,9,"11［9, 13］","11［10, 14］",9、11、11、13、13,10、10、11、11、11、11、12、12、14,24.0,0.8251748251748252,0.067,0.533,2355,12,0.0005,,1.0,1.0,初回 MMSE［注意計算＋遅延再生＋復唱＋読字理解＋3段階命令＋書字＋図形模写］
M_MMSE部分集合(k=7),初回 MMSE［物品呼称＋注意計算＋遅延再生＋復唱＋読字理解＋3段階命令＋図形模写］,MWU（完全並べ替え）,5,9,"12［10, 14］","12［11, 15］",10、12、12、14、14,11、11、12、12、12、12、13、13、15,24.0,0.8251748251748252,0.067,0.533,2355,12,0.0005,,1.0,1.0,初回 MMSE［物品呼称＋注意計算＋遅延再生＋復唱＋3段階命令＋書字＋図形模写］
M_MMSE部分集合(k=8),初回 MMSE［物品呼称＋注意計算＋遅延再生＋復唱＋読字理解＋3段階命令＋書字＋図形模写］,MWU（完全並べ替え）,5,9,"13［11, 15］","13［12, 16］",11、13、13、15、15,12、12、13、13、13、13、14、14、16,24.0,0.8251748251748252,0.067,0.533,2355,12,0.0005,,1.0,1.0,
M_MMSE部分集合(k=5),初回 MMSE［時間見当識＋場所見当識＋注意計算＋復唱＋読字理解］,MWU（完全並べ替え）,5,9,"14［12, 17］","15［11, 17］",12、13、14、15、17,11、12、14、14、15、15、15、16、17,20.5,0.8261738261738262,-0.089,0.456,1325,11,0.0015,,1.0,1.0,初回 MMSE［時間見当識＋場所見当識＋注意計算＋復唱＋書字］
M_MMSE部分集合(k=4),初回 MMSE［時間見当識＋場所見当識＋注意計算＋復唱］,MWU（完全並べ替え）,5,9,"13［11, 16］","14［10, 16］",11、12、13、14、16,10、11、13、13、14、14、14、15、16,20.5,0.8261738261738262,-0.089,0.456,1325,11,0.0015,,1.0,1.0,
M_MMSE部分集合(k=7),初回 MMSE［時間見当識＋場所見当識＋物品呼称＋注意計算＋復唱＋読字理解＋書字］,MWU（完全並べ替え）,5,9,"17［15, 20］","18［14, 20］",15、16、17、18、20,14、15、17、17、18、18、18、19、20,20.5,0.8261738261738262,-0.089,0.456,1325,11,0.0015,,1.0,1.0,
M_MMSE部分集合(k=6),初回 MMSE［時間見当識＋場所見当識＋物品呼称＋注意計算＋復唱＋読字理解］,MWU（完全並べ替え）,5,9,"16［14, 19］","17［13, 19］",14、15、16、17、19,13、14、16、16、17、17、17、18、19,20.5,0.8261738261738262,-0.089,0.456,1325,11,0.0015,,1.0,1.0,初回 MMSE［時間見当識＋場所見当識＋物品呼称＋注意計算＋復唱＋書字］
M_MMSE部分集合(k=5),初回 MMSE［時間見当識＋場所見当識＋物品呼称＋注意計算＋復唱］,MWU（完全並べ替え）,5,9,"15［13, 18］","16［12, 18］",13、14、15、16、18,12、13、15、15、16、16、16、17、18,20.5,0.8261738261738262,-0.089,0.456,1325,11,0.0015,,1.0,1.0,初回 MMSE［時間見当識＋場所見当識＋注意計算＋復唱＋読字理解＋書字］
M_MMSE部分集合(k=5),初回 MMSE［時間見当識＋場所見当識＋注意計算＋遅延再生＋3段階命令］,MWU（完全並べ替え）,5,9,"16［13, 19］","16［13, 20］",13、15、16、16、19,13、13、15、16、16、16、17、18、20,20.5,0.8266733266733267,-0.089,0.456,1325,10,0.0005,,1.0,1.0,
M_MMSE部分集合(k=6),初回 MMSE［時間見当識＋場所見当識＋注意計算＋遅延再生＋読字理解＋3段階命令］,MWU（完全並べ替え）,5,9,"17［14, 20］","17［14, 21］",14、16、17、17、20,14、14、16、17、17、17、18、19、21,20.5,0.8266733266733267,-0.089,0.456,1325,10,0.0005,,1.0,1.0,初回 MMSE［時間見当識＋場所見当識＋注意計算＋遅延再生＋3段階命令＋書字］
M_MMSE部分集合(k=6),初回 MMSE［時間見当識＋場所見当識＋物品呼称＋注意計算＋遅延再生＋3段階命令］,MWU（完全並べ替え）,5,9,"18［15, 21］","18［15, 22］",15、17、18、18、21,15、15、17、18、18、18、19、20、22,20.5,0.8266733266733267,-0.089,0.456,1325,10,0.0005,,1.0,1.0,初回 MMSE［時間見当識＋場所見当識＋注意計算＋遅延再生＋読字理解＋3段階命令＋書字］
M_MMSE部分集合(k=8),初回 MMSE［時間見当識＋場所見当識＋物品呼称＋注意計算＋遅延再生＋読字理解＋3段階命令＋書字］,MWU（完全並べ替え）,5,9,"20［17, 23］","20［17, 24］",17、19、20、20、23,17、17、19、20、20、20、21、22、24,20.5,0.8266733266733267,-0.089,0.456,1325,10,0.0005,,1.0,1.0,
M_MMSE部分集合(k=7),初回 MMSE［時間見当識＋場所見当識＋物品呼称＋注意計算＋遅延再生＋読字理解＋3段階命令］,MWU（完全並べ替え）,5,9,"19［16, 22］","19［16, 23］",16、18、19、19、22,16、16、18、19、19、19、20、21、23,20.5,0.8266733266733267,-0.089,0.456,1325,10,0.0005,,1.0,1.0,初回 MMSE［時間見当識＋場所見当識＋物品呼称＋注意計算＋遅延再生＋3段階命令＋書字］
M_MMSE部分集合(k=9),初回 MMSE［時間見当識＋場所見当識＋物品呼称＋記銘＋注意計算＋遅延再生＋復唱＋読字理解＋書字］,MWU（完全並べ替え）,5,9,"20［18, 24］","21［18, 24］",18、20、20、21、24,18、18、20、20、21、21、22、23、24,20.5,0.8276723276723277,-0.089,0.456,1325,12,0.0015,,1.0,1.0,
M_MMSE部分集合(k=8),初回 MMSE［時間見当識＋場所見当識＋物品呼称＋記銘＋注意計算＋遅延再生＋復唱＋読字理解］,MWU（完全並べ替え）,5,9,"19［17, 23］","20［17, 23］",17、19、19、20、23,17、17、19、19、20、20、21、22、23,20.5,0.8276723276723277,-0.089,0.456,1325,12,0.0015,,1.0,1.0,初回 MMSE［時間見当識＋場所見当識＋物品呼称＋記銘＋注意計算＋遅延再生＋復唱＋書字］
M_MMSE部分集合(k=7),初回 MMSE［時間見当識＋場所見当識＋物品呼称＋記銘＋注意計算＋遅延再生＋復唱］,MWU（完全並べ替え）,5,9,"18［16, 22］","19［16, 22］",16、18、18、19、22,16、16、18、18、19、19、20、21、22,20.5,0.8276723276723277,-0.089,0.456,1325,12,0.0015,,1.0,1.0,初回 MMSE［時間見当識＋場所見当識＋記銘＋注意計算＋遅延再生＋復唱＋読字理解＋書字］
M_MMSE部分集合(k=7),初回 MMSE［時間見当識＋場所見当識＋記銘＋注意計算＋遅延再生＋復唱＋読字理解］,MWU（完全並べ替え）,5,9,"17［15, 21］","18［15, 21］",15、17、17、18、21,15、15、17、17、18、18、19、20、21,20.5,0.8276723276723277,-0.089,0.456,1325,12,0.0015,,1.0,1.0,初回 MMSE［時間見当識＋場所見当識＋記銘＋注意計算＋遅延再生＋復唱＋書字］
M_MMSE部分集合(k=6),初回 MMSE［時間見当識＋場所見当識＋記銘＋注意計算＋遅延再生＋復唱］,MWU（完全並べ替え）,5,9,"16［14, 20］","17［14, 20］",14、16、16、17、20,14、14、16、16、17、17、18、19、20,20.5,0.8276723276723277,-0.089,0.456,1325,12,0.0015,,1.0,1.0,
M_CDR部分集合(k=4),追跡時 CDR［記憶＋見当識＋家庭・趣味＋身の回りの世話］,MWU（完全並べ替え）,5,9,"1.5［1, 3］","1.5［1, 2.5］",1、1.5、1.5、1.5、3,1、1、1、1、1.5、2、2、2、2.5,24.5,0.8301698301698301,0.089,0.544,1325,12,0.001,,1.0,1.0,
D_年換算変化量,Δ MMSE 注意計算／年,MWU（完全並べ替え）,3,8,"0［0, 0.6857］","0［-3.0252, 1.7647］",0、0、0.6857,-3.0252、0、0、0、0、0、0.678、1.7647,14.0,0.8303030303030303,0.167,0.583,377,7,0.00606,,1.0,1.0,
O_月あたり変化量,Δ MMSE 注意計算／月,MWU（完全並べ替え）,3,8,"0［0, 0.05714］","0［-0.2521, 0.14706］",0、0、0.05714,-0.2521、0、0、0、0、0、0.0565、0.14706,14.0,0.8303030303030303,0.167,0.583,377,7,0.00606,,1.0,1.0,
M_MMSE部分集合(k=4),初回 MMSE［時間見当識＋場所見当識＋注意計算＋図形模写］,MWU（完全並べ替え）,5,9,"13［11, 16］","14［10, 16］",11、12、13、14、16,10、11、12、13、14、15、15、15、16,20.5,0.8321678321678322,-0.089,0.456,1325,13,0.001,,1.0,1.0,
M_MMSE部分集合(k=5),初回 MMSE［時間見当識＋場所見当識＋注意計算＋読字理解＋図形模写］,MWU（完全並べ替え）,5,9,"14［12, 17］","15［11, 17］",12、13、14、15、17,11、12、13、14、15、16、16、16、17,20.5,0.8321678321678322,-0.089,0.456,1325,13,0.001,,1.0,1.0,初回 MMSE［時間見当識＋場所見当識＋注意計算＋書字＋図形模写］
M_MMSE部分集合(k=5),初回 MMSE［時間見当識＋場所見当識＋物品呼称＋注意計算＋図形模写］,MWU（完全並べ替え）,5,9,"15［13, 18］","16［12, 18］",13、14、15、16、18,12、13、14、15、16、17、17、17、18,20.5,0.8321678321678322,-0.089,0.456,1325,13,0.001,,1.0,1.0,初回 MMSE［時間見当識＋場所見当識＋注意計算＋読字理解＋書字＋図形模写］
M_MMSE部分集合(k=6),初回 MMSE［時間見当識＋場所見当識＋物品呼称＋注意計算＋読字理解＋図形模写］,MWU（完全並べ替え）,5,9,"16［14, 19］","17［13, 19］",14、15、16、17、19,13、14、15、16、17、18、18、18、19,20.5,0.8321678321678322,-0.089,0.456,1325,13,0.001,,1.0,1.0,初回 MMSE［時間見当識＋場所見当識＋物品呼称＋注意計算＋書字＋図形模写］
M_MMSE部分集合(k=7),初回 MMSE［時間見当識＋場所見当識＋物品呼称＋注意計算＋読字理解＋書字＋図形模写］,MWU（完全並べ替え）,5,9,"17［15, 20］","18［14, 20］",15、16、17、18、20,14、15、16、17、18、19、19、19、20,20.5,0.8321678321678322,-0.089,0.456,1325,13,0.001,,1.0,1.0,
M_MMSE部分集合(k=6),Δ MMSE［時間見当識＋記銘＋注意計算＋遅延再生＋復唱＋図形模写］,MWU（完全並べ替え）,5,9,"-2［-2, 3］","0［-4, 2］",-2、-2、-2、1、3,-4、-2、-1、-1、0、0、1、1、2,20.5,0.8326673326673326,-0.089,0.456,1325,11,0.001,,1.0,1.0,Δ MMSE［時間見当識＋物品呼称＋記銘＋注意計算＋遅延再生＋復唱＋図形模写］ ほか14件
M_MMSE部分集合(k=5),初回 MMSE［場所見当識＋物品呼称＋記銘＋遅延再生＋3段階命令］,MWU（完全並べ替え）,5,9,"13［11, 14］","13［11, 15］",11、11、13、14、14,11、12、12、13、13、13、13、14、15,21.0,0.8331668331668332,-0.067,0.467,2355,13,0.0005,,1.0,1.0,初回 MMSE［場所見当識＋記銘＋遅延再生＋読字理解＋3段階命令＋書字］
M_MMSE部分集合(k=7),初回 MMSE［場所見当識＋物品呼称＋記銘＋遅延再生＋読字理解＋3段階命令＋書字］,MWU（完全並べ替え）,5,9,"15［13, 16］","15［13, 17］",13、13、15、16、16,13、14、14、15、15、15、15、16、17,21.0,0.8331668331668332,-0.067,0.467,2355,13,0.0005,,1.0,1.0,
M_MMSE部分集合(k=6),初回 MMSE［場所見当識＋物品呼称＋記銘＋遅延再生＋読字理解＋3段階命令］,MWU（完全並べ替え）,5,9,"14［12, 15］","14［12, 16］",12、12、14、15、15,12、13、13、14、14、14、14、15、16,21.0,0.8331668331668332,-0.067,0.467,2355,13,0.0005,,1.0,1.0,初回 MMSE［場所見当識＋物品呼称＋記銘＋遅延再生＋3段階命令＋書字］
M_MMSE部分集合(k=4),初回 MMSE［場所見当識＋記銘＋遅延再生＋3段階命令］,MWU（完全並べ替え）,5,9,"11［9, 12］","11［9, 13］",9、9、11、12、12,9、10、10、11、11、11、11、12、13,21.0,0.8331668331668332,-0.067,0.467,2355,13,0.0005,,1.0,1.0,
M_MMSE部分集合(k=5),初回 MMSE［場所見当識＋記銘＋遅延再生＋読字理解＋3段階命令］,MWU（完全並べ替え）,5,9,"12［10, 13］","12［10, 14］",10、10、12、13、13,10、11、11、12、12、12、12、13、14,21.0,0.8331668331668332,-0.067,0.467,2355,13,0.0005,,1.0,1.0,初回 MMSE［場所見当識＋記銘＋遅延再生＋3段階命令＋書字］
M_MMSE部分集合(k=3),初回 MMSE［注意計算＋遅延再生＋読字理解］,MWU（完全並べ替え）,5,9,"5［3, 7］","6［4, 9］",3、5、5、7、7,4、5、5、5、6、6、6、6、9,21.0,0.8331668331668332,-0.067,0.467,2355,11,0.003,,1.0,1.0,初回 MMSE［注意計算＋遅延再生＋書字］
M_MMSE部分集合(k=2),初回 MMSE［注意計算＋遅延再生］,MWU（完全並べ替え）,5,9,"4［2, 6］","5［3, 8］",2、4、4、6、6,3、4、4、4、5、5、5、5、8,21.0,0.8331668331668332,-0.067,0.467,2355,11,0.003,,1.0,1.0,
M_MMSE部分集合(k=5),初回 MMSE［物品呼称＋注意計算＋遅延再生＋読字理解＋書字］,MWU（完全並べ替え）,5,9,"8［6, 10］","9［7, 12］",6、8、8、10、10,7、8、8、8、9、9、9、9、12,21.0,0.8331668331668332,-0.067,0.467,2355,11,0.003,,1.0,1.0,
M_MMSE部分集合(k=4),初回 MMSE［物品呼称＋注意計算＋遅延再生＋読字理解］,MWU（完全並べ替え）,5,9,"7［5, 9］","8［6, 11］",5、7、7、9、9,6、7、7、7、8、8、8、8、11,21.0,0.8331668331668332,-0.067,0.467,2355,11,0.003,,1.0,1.0,初回 MMSE［物品呼称＋注意計算＋遅延再生＋書字］
M_MMSE部分集合(k=3),初回 MMSE［物品呼称＋注意計算＋遅延再生］,MWU（完全並べ替え）,5,9,"6［4, 8］","7［5, 10］",4、6、6、8、8,5、6、6、6、7、7、7、7、10,21.0,0.8331668331668332,-0.067,0.467,2355,11,0.003,,1.0,1.0,初回 MMSE［注意計算＋遅延再生＋読字理解＋書字］
M2_下位項目の差,初回 CDR［見当識−地域社会の活動］,MWU（完全並べ替え）,5,9,"0［0, 0］","0［-0.5, 0.5］",0、0、0、0、0,-0.5、0、0、0、0、0、0、0.5、0.5,20.0,0.8351648351648352,-0.111,0.444,848,13,0.08242,,1.0,1.0,
M2_下位項目の差,初回 MMSE［復唱−3段階命令］,MWU（完全並べ替え）,5,9,"-2［-2, -2］","-2［-3, -1］",-2、-2、-2、-2、-2,-3、-3、-2、-2、-2、-2、-2、-2、-1,25.0,0.8351648351648352,0.111,0.556,848,13,0.08242,,1.0,1.0,
M2_下位項目の差,初回 MMSE［復唱−図形模写］,MWU（完全並べ替え）,5,9,"0［0, 0］","0［-1, 1］",0、0、0、0、0,-1、-1、0、0、0、0、0、0、1,25.0,0.8351648351648352,0.111,0.556,848,13,0.08242,,1.0,1.0,
M_MMSE部分集合(k=5),初回 MMSE［物品呼称＋記銘＋復唱＋読字理解＋書字］,MWU（完全並べ替え）,5,9,"8［7, 8］","8［6, 8］",7、8、8、8、8,6、7、8、8、8、8、8、8、8,23.5,0.8351648351648352,0.044,0.522,5298,13,0.02747,,1.0,1.0,
M_MMSE部分集合(k=4),初回 MMSE［物品呼称＋記銘＋復唱＋読字理解］,MWU（完全並べ替え）,5,9,"7［6, 7］","7［5, 7］",6、7、7、7、7,5、6、7、7、7、7、7、7、7,23.5,0.8351648351648352,0.044,0.522,5298,13,0.02747,,1.0,1.0,初回 MMSE［物品呼称＋記銘＋復唱＋書字］
M_MMSE部分集合(k=3),初回 MMSE［物品呼称＋記銘＋復唱］,MWU（完全並べ替え）,5,9,"6［5, 6］","6［4, 6］",5、6、6、6、6,4、5、6、6、6、6、6、6、6,23.5,0.8351648351648352,0.044,0.522,5298,13,0.02747,,1.0,1.0,初回 MMSE［記銘＋復唱＋読字理解＋書字］
M_MMSE部分集合(k=3),初回 MMSE［記銘＋復唱＋読字理解］,MWU（完全並べ替え）,5,9,"5［4, 5］","5［3, 5］",4、5、5、5、5,3、4、5、5、5、5、5、5、5,23.5,0.8351648351648352,0.044,0.522,5298,13,0.02747,,1.0,1.0,初回 MMSE［記銘＋復唱＋書字］
M_MMSE部分集合(k=2),初回 MMSE［記銘＋復唱］,MWU（完全並べ替え）,5,9,"4［3, 4］","4［2, 4］",3、4、4、4、4,2、3、4、4、4、4、4、4、4,23.5,0.8351648351648352,0.044,0.522,5298,13,0.02747,,1.0,1.0,
M_CDR部分集合(k=4),追跡時 CDR［見当識＋地域社会の活動＋家庭・趣味＋身の回りの世話］,MWU（完全並べ替え）,5,9,"1［0.5, 3］","1.5［0.5, 3］",0.5、0.5、1、1.5、3,0.5、0.5、0.5、1、1.5、1.5、1.5、2、3,20.5,0.8351648351648352,-0.089,0.456,1325,13,0.0005,,1.0,1.0,
M_MMSE部分集合(k=6),初回 MMSE［時間見当識＋場所見当識＋物品呼称＋記銘＋復唱＋3段階命令］,MWU（完全並べ替え）,5,9,"17［15, 19］","17［15, 19］",15、16、17、19、19,15、16、16、17、17、17、17、18、19,24.5,0.8371628371628371,0.089,0.544,1325,13,0.0005,,1.0,1.0,初回 MMSE［時間見当識＋場所見当識＋記銘＋復唱＋読字理解＋3段階命令＋書字］
M_MMSE部分集合(k=8),初回 MMSE［時間見当識＋場所見当識＋物品呼称＋記銘＋復唱＋読字理解＋3段階命令＋書字］,MWU（完全並べ替え）,5,9,"19［17, 21］","19［17, 21］",17、18、19、21、21,17、18、18、19、19、19、19、20、21,24.5,0.8371628371628371,0.089,0.544,1325,13,0.0005,,1.0,1.0,
M_MMSE部分集合(k=7),初回 MMSE［時間見当識＋場所見当識＋物品呼称＋記銘＋復唱＋読字理解＋3段階命令］,MWU（完全並べ替え）,5,9,"18［16, 20］","18［16, 20］",16、17、18、20、20,16、17、17、18、18、18、18、19、20,24.5,0.8371628371628371,0.089,0.544,1325,13,0.0005,,1.0,1.0,初回 MMSE［時間見当識＋場所見当識＋物品呼称＋記銘＋復唱＋3段階命令＋書字］
M_MMSE部分集合(k=7),初回 MMSE［時間見当識＋場所見当識＋物品呼称＋記銘＋注意計算＋復唱＋図形模写］,MWU（完全並べ替え）,5,9,"19［17, 22］","19［16, 22］",17、18、19、19、22,16、17、18、19、19、20、20、21、22,20.5,0.8371628371628371,-0.089,0.456,1325,12,0.001,,1.0,1.0,初回 MMSE［時間見当識＋場所見当識＋記銘＋注意計算＋復唱＋読字理解＋書字＋図形模写］
M_MMSE部分集合(k=8),初回 MMSE［時間見当識＋場所見当識＋物品呼称＋記銘＋注意計算＋復唱＋読字理解＋図形模写］,MWU（完全並べ替え）,5,9,"20［18, 23］","20［17, 23］",18、19、20、20、23,17、18、19、20、20、21、21、22、23,20.5,0.8371628371628371,-0.089,0.456,1325,12,0.001,,1.0,1.0,初回 MMSE［時間見当識＋場所見当識＋物品呼称＋記銘＋注意計算＋復唱＋書字＋図形模写］
M_MMSE部分集合(k=9),初回 MMSE［時間見当識＋場所見当識＋物品呼称＋記銘＋注意計算＋復唱＋読字理解＋書字＋図形模写］,MWU（完全並べ替え）,5,9,"21［19, 24］","21［18, 24］",19、20、21、21、24,18、19、20、21、21、22、22、23、24,20.5,0.8371628371628371,-0.089,0.456,1325,12,0.001,,1.0,1.0,
M_MMSE部分集合(k=5),初回 MMSE［時間見当識＋場所見当識＋記銘＋復唱＋3段階命令］,MWU（完全並べ替え）,5,9,"15［13, 17］","15［13, 17］",13、14、15、17、17,13、14、14、15、15、15、15、16、17,24.5,0.8371628371628371,0.089,0.544,1325,13,0.0005,,1.0,1.0,
M_MMSE部分集合(k=6),初回 MMSE［時間見当識＋場所見当識＋記銘＋復唱＋読字理解＋3段階命令］,MWU（完全並べ替え）,5,9,"16［14, 18］","16［14, 18］",14、15、16、18、18,14、15、15、16、16、16、16、17、18,24.5,0.8371628371628371,0.089,0.544,1325,13,0.0005,,1.0,1.0,初回 MMSE［時間見当識＋場所見当識＋記銘＋復唱＋3段階命令＋書字］
M_MMSE部分集合(k=6),初回 MMSE［時間見当識＋場所見当識＋記銘＋注意計算＋復唱＋図形模写］,MWU（完全並べ替え）,5,9,"17［15, 20］","17［14, 20］",15、16、17、17、20,14、15、16、17、17、18、18、19、20,20.5,0.8371628371628371,-0.089,0.456,1325,12,0.001,,1.0,1.0,
M_MMSE部分集合(k=7),初回 MMSE［時間見当識＋場所見当識＋記銘＋注意計算＋復唱＋読字理解＋図形模写］,MWU（完全並べ替え）,5,9,"18［16, 21］","18［15, 21］",16、17、18、18、21,15、16、17、18、18、19、19、20、21,20.5,0.8371628371628371,-0.089,0.456,1325,12,0.001,,1.0,1.0,初回 MMSE［時間見当識＋場所見当識＋記銘＋注意計算＋復唱＋書字＋図形模写］
M_MMSE部分集合(k=6),初回 MMSE［時間見当識＋物品呼称＋記銘＋注意計算＋遅延再生＋図形模写］,MWU（完全並べ替え）,5,9,"14［13, 17］","14［12, 19］",13、13、14、15、17,12、12、12、14、14、14、16、16、19,24.5,0.8371628371628371,0.089,0.544,1325,11,0.001,,1.0,1.0,初回 MMSE［時間見当識＋記銘＋注意計算＋遅延再生＋読字理解＋書字＋図形模写］
M_MMSE部分集合(k=7),初回 MMSE［時間見当識＋物品呼称＋記銘＋注意計算＋遅延再生＋読字理解＋図形模写］,MWU（完全並べ替え）,5,9,"15［14, 18］","15［13, 20］",14、14、15、16、18,13、13、13、15、15、15、17、17、20,24.5,0.8371628371628371,0.089,0.544,1325,11,0.001,,1.0,1.0,初回 MMSE［時間見当識＋物品呼称＋記銘＋注意計算＋遅延再生＋書字＋図形模写］
M_MMSE部分集合(k=8),初回 MMSE［時間見当識＋物品呼称＋記銘＋注意計算＋遅延再生＋読字理解＋書字＋図形模写］,MWU（完全並べ替え）,5,9,"16［15, 19］","16［14, 21］",15、15、16、17、19,14、14、14、16、16、16、18、18、21,24.5,0.8371628371628371,0.089,0.544,1325,11,0.001,,1.0,1.0,
M_MMSE部分集合(k=5),初回 MMSE［時間見当識＋記銘＋注意計算＋遅延再生＋図形模写］,MWU（完全並べ替え）,5,9,"12［11, 15］","12［10, 17］",11、11、12、13、15,10、10、10、12、12、12、14、14、17,24.5,0.8371628371628371,0.089,0.544,1325,11,0.001,,1.0,1.0,
M_MMSE部分集合(k=6),初回 MMSE［時間見当識＋記銘＋注意計算＋遅延再生＋読字理解＋図形模写］,MWU（完全並べ替え）,5,9,"13［12, 16］","13［11, 18］",12、12、13、14、16,11、11、11、13、13、13、15、15、18,24.5,0.8371628371628371,0.089,0.544,1325,11,0.001,,1.0,1.0,初回 MMSE［時間見当識＋記銘＋注意計算＋遅延再生＋書字＋図形模写］
E_合成指標,追跡時 CDR 生活3領域計（地域社会＋家庭・趣味＋身の回り）,MWU（完全並べ替え）,5,9,"0.5［0, 2］","1［0, 2.5］",0、0.5、0.5、1、2,0、0、0.5、0.5、1、1、1、1.5、2.5,20.5,0.8396603396603397,-0.089,0.456,1325,11,0.00599,,1.0,1.0,追跡時 CDR［地域社会の活動＋家庭・趣味＋身の回りの世話］
M_MMSE部分集合(k=4),初回 MMSE［物品呼称＋記銘＋注意計算＋3段階命令］,MWU（完全並べ替え）,5,9,"12［9, 13］","12［11, 13］",9、11、12、13、13,11、11、11、11、12、13、13、13、13,20.5,0.8426573426573427,-0.089,0.456,1325,13,0.0025,,1.0,1.0,初回 MMSE［記銘＋注意計算＋読字理解＋3段階命令＋書字］
M_MMSE部分集合(k=4),初回 MMSE［物品呼称＋記銘＋注意計算＋図形模写］,MWU（完全並べ替え）,5,9,"10［7, 11］","10［9, 11］",7、9、10、11、11,9、9、9、9、10、11、11、11、11,20.5,0.8426573426573427,-0.089,0.456,1325,13,0.0025,,1.0,1.0,初回 MMSE［記銘＋注意計算＋読字理解＋書字＋図形模写］
M_MMSE部分集合(k=6),初回 MMSE［物品呼称＋記銘＋注意計算＋読字理解＋3段階命令＋書字］,MWU（完全並べ替え）,5,9,"14［11, 15］","14［13, 15］",11、13、14、15、15,13、13、13、13、14、15、15、15、15,20.5,0.8426573426573427,-0.089,0.456,1325,13,0.0025,,1.0,1.0,
M_MMSE部分集合(k=5),初回 MMSE［物品呼称＋記銘＋注意計算＋読字理解＋3段階命令］,MWU（完全並べ替え）,5,9,"13［10, 14］","13［12, 14］",10、12、13、14、14,12、12、12、12、13、14、14、14、14,20.5,0.8426573426573427,-0.089,0.456,1325,13,0.0025,,1.0,1.0,初回 MMSE［物品呼称＋記銘＋注意計算＋3段階命令＋書字］
M_MMSE部分集合(k=5),初回 MMSE［物品呼称＋記銘＋注意計算＋読字理解＋図形模写］,MWU（完全並べ替え）,5,9,"11［8, 12］","11［10, 12］",8、10、11、12、12,10、10、10、10、11、12、12、12、12,20.5,0.8426573426573427,-0.089,0.456,1325,13,0.0025,,1.0,1.0,初回 MMSE［物品呼称＋記銘＋注意計算＋書字＋図形模写］
M_MMSE部分集合(k=6),初回 MMSE［物品呼称＋記銘＋注意計算＋読字理解＋書字＋図形模写］,MWU（完全並べ替え）,5,9,"12［9, 13］","12［11, 13］",9、11、12、13、13,11、11、11、11、12、13、13、13、13,20.5,0.8426573426573427,-0.089,0.456,1325,13,0.0025,,1.0,1.0,
M_MMSE部分集合(k=3),初回 MMSE［記銘＋注意計算＋3段階命令］,MWU（完全並べ替え）,5,9,"10［7, 11］","10［9, 11］",7、9、10、11、11,9、9、9、9、10、11、11、11、11,20.5,0.8426573426573427,-0.089,0.456,1325,13,0.0025,,1.0,1.0,
M_MMSE部分集合(k=3),初回 MMSE［記銘＋注意計算＋図形模写］,MWU（完全並べ替え）,5,9,"8［5, 9］","8［7, 9］",5、7、8、9、9,7、7、7、7、8、9、9、9、9,20.5,0.8426573426573427,-0.089,0.456,1325,13,0.0025,,1.0,1.0,
M_MMSE部分集合(k=4),初回 MMSE［記銘＋注意計算＋読字理解＋3段階命令］,MWU（完全並べ替え）,5,9,"11［8, 12］","11［10, 12］",8、10、11、12、12,10、10、10、10、11、12、12、12、12,20.5,0.8426573426573427,-0.089,0.456,1325,13,0.0025,,1.0,1.0,初回 MMSE［記銘＋注意計算＋3段階命令＋書字］
M_MMSE部分集合(k=4),初回 MMSE［記銘＋注意計算＋読字理解＋図形模写］,MWU（完全並べ替え）,5,9,"9［6, 10］","9［8, 10］",6、8、9、10、10,8、8、8、8、9、10、10、10、10,20.5,0.8426573426573427,-0.089,0.456,1325,13,0.0025,,1.0,1.0,初回 MMSE［記銘＋注意計算＋書字＋図形模写］
M_MMSE部分集合(k=5),初回 MMSE［場所見当識＋物品呼称＋遅延再生＋読字理解＋書字］,MWU（完全並べ替え）,5,9,"9［7, 10］","9［8, 11］",7、8、9、10、10,8、8、9、9、9、9、9、10、11,20.5,0.8431568431568431,-0.089,0.456,1325,12,0.00599,,1.0,1.0,
M_MMSE部分集合(k=4),初回 MMSE［場所見当識＋物品呼称＋遅延再生＋読字理解］,MWU（完全並べ替え）,5,9,"8［6, 9］","8［7, 10］",6、7、8、9、9,7、7、8、8、8、8、8、9、10,20.5,0.8431568431568431,-0.089,0.456,1325,12,0.00599,,1.0,1.0,初回 MMSE［場所見当識＋物品呼称＋遅延再生＋書字］
M_MMSE部分集合(k=3),初回 MMSE［場所見当識＋物品呼称＋遅延再生］,MWU（完全並べ替え）,5,9,"7［5, 8］","7［6, 9］",5、6、7、8、8,6、6、7、7、7、7、7、8、9,20.5,0.8431568431568431,-0.089,0.456,1325,12,0.00599,,1.0,1.0,初回 MMSE［場所見当識＋遅延再生＋読字理解＋書字］
M_MMSE部分集合(k=3),初回 MMSE［場所見当識＋遅延再生＋読字理解］,MWU（完全並べ替え）,5,9,"6［4, 7］","6［5, 8］",4、5、6、7、7,5、5、6、6、6、6、6、7、8,20.5,0.8431568431568431,-0.089,0.456,1325,12,0.00599,,1.0,1.0,初回 MMSE［場所見当識＋遅延再生＋書字］
M_MMSE部分集合(k=2),初回 MMSE［場所見当識＋遅延再生］,MWU（完全並べ替え）,5,9,"5［3, 6］","5［4, 7］",3、4、5、6、6,4、4、5、5、5、5、5、6、7,20.5,0.8431568431568431,-0.089,0.456,1325,12,0.00599,,1.0,1.0,
L_固定時点(12か月),12か月 MMSE合計,MWU（完全並べ替え）,3,6,"24［22, 29］","24［21, 29］",22、24、29,21、22、23、25、27、29,10.0,0.8452380952380952,0.111,0.556,848,4,0.01587,,1.0,1.0,
M_CDR部分集合(k=4),Δ CDR［記憶＋見当識＋地域社会の活動＋家庭・趣味］,MWU（完全並べ替え）,5,9,"0.5［0, 2.5］","0.5［0, 2］",0、0.5、0.5、1、2.5,0、0、0、0.5、0.5、1、1、1.5、2,24.5,0.8466533466533467,0.089,0.544,1325,11,0.0015,,1.0,1.0,
M_MMSE部分集合(k=5),初回 MMSE［場所見当識＋物品呼称＋遅延再生＋復唱＋図形模写］,MWU（完全並べ替え）,5,9,"9［7, 10］","9［8, 10］",7、8、9、10、10,8、8、8、8、9、9、9、10、10,23.5,0.8476523476523476,0.044,0.522,5298,13,0.002,,1.0,1.0,初回 MMSE［場所見当識＋遅延再生＋復唱＋読字理解＋書字＋図形模写］
M_MMSE部分集合(k=6),初回 MMSE［場所見当識＋物品呼称＋遅延再生＋復唱＋読字理解＋図形模写］,MWU（完全並べ替え）,5,9,"10［8, 11］","10［9, 11］",8、9、10、11、11,9、9、9、9、10、10、10、11、11,23.5,0.8476523476523476,0.044,0.522,5298,13,0.002,,1.0,1.0,初回 MMSE［場所見当識＋物品呼称＋遅延再生＋復唱＋書字＋図形模写］
M_MMSE部分集合(k=7),初回 MMSE［場所見当識＋物品呼称＋遅延再生＋復唱＋読字理解＋書字＋図形模写］,MWU（完全並べ替え）,5,9,"11［9, 12］","11［10, 12］",9、10、11、12、12,10、10、10、10、11、11、11、12、12,23.5,0.8476523476523476,0.044,0.522,5298,13,0.002,,1.0,1.0,
M_MMSE部分集合(k=4),初回 MMSE［場所見当識＋遅延再生＋復唱＋図形模写］,MWU（完全並べ替え）,5,9,"7［5, 8］","7［6, 8］",5、6、7、8、8,6、6、6、6、7、7、7、8、8,23.5,0.8476523476523476,0.044,0.522,5298,13,0.002,,1.0,1.0,
M_MMSE部分集合(k=5),初回 MMSE［場所見当識＋遅延再生＋復唱＋読字理解＋図形模写］,MWU（完全並べ替え）,5,9,"8［6, 9］","8［7, 9］",6、7、8、9、9,7、7、7、7、8、8、8、9、9,23.5,0.8476523476523476,0.044,0.522,5298,13,0.002,,1.0,1.0,初回 MMSE［場所見当識＋遅延再生＋復唱＋書字＋図形模写］
M_MMSE部分集合(k=5),初回 MMSE［時間見当識＋場所見当識＋注意計算＋復唱＋3段階命令］,MWU（完全並べ替え）,5,9,"16［14, 19］","17［13, 19］",14、15、16、17、19,13、14、16、16、17、17、17、17、19,21.0,0.8491508491508492,-0.067,0.467,2355,12,0.0015,,1.0,1.0,
M_MMSE部分集合(k=6),初回 MMSE［時間見当識＋場所見当識＋注意計算＋復唱＋読字理解＋3段階命令］,MWU（完全並べ替え）,5,9,"17［15, 20］","18［14, 20］",15、16、17、18、20,14、15、17、17、18、18、18、18、20,21.0,0.8491508491508492,-0.067,0.467,2355,12,0.0015,,1.0,1.0,初回 MMSE［時間見当識＋場所見当識＋注意計算＋復唱＋3段階命令＋書字］
M_MMSE部分集合(k=6),初回 MMSE［時間見当識＋場所見当識＋物品呼称＋注意計算＋復唱＋3段階命令］,MWU（完全並べ替え）,5,9,"18［16, 21］","19［15, 21］",16、17、18、19、21,15、16、18、18、19、19、19、19、21,21.0,0.8491508491508492,-0.067,0.467,2355,12,0.0015,,1.0,1.0,初回 MMSE［時間見当識＋場所見当識＋注意計算＋復唱＋読字理解＋3段階命令＋書字］
M_MMSE部分集合(k=8),初回 MMSE［時間見当識＋場所見当識＋物品呼称＋注意計算＋復唱＋読字理解＋3段階命令＋書字］,MWU（完全並べ替え）,5,9,"20［18, 23］","21［17, 23］",18、19、20、21、23,17、18、20、20、21、21、21、21、23,21.0,0.8491508491508492,-0.067,0.467,2355,12,0.0015,,1.0,1.0,
M_MMSE部分集合(k=7),初回 MMSE［時間見当識＋場所見当識＋物品呼称＋注意計算＋復唱＋読字理解＋3段階命令］,MWU（完全並べ替え）,5,9,"19［17, 22］","20［16, 22］",17、18、19、20、22,16、17、19、19、20、20、20、20、22,21.0,0.8491508491508492,-0.067,0.467,2355,12,0.0015,,1.0,1.0,初回 MMSE［時間見当識＋場所見当識＋物品呼称＋注意計算＋復唱＋3段階命令＋書字］
M_CDR部分集合(k=3),Δ CDR［記憶＋判断力・問題解決＋家庭・趣味］,MWU（完全並べ替え）,5,9,"0.5［0, 1.5］","0［0, 1.5］",0、0、0.5、0.5、1.5,0、0、0、0、0、0.5、1、1、1.5,24.5,0.8496503496503497,0.089,0.544,1325,14,0.0015,,1.0,1.0,
M_MMSE部分集合(k=4),Δ MMSE［時間見当識＋記銘＋注意計算＋遅延再生］,MWU（完全並べ替え）,5,9,"-2［-2, 3］","-1［-4, 2］",-2、-2、-2、1、3,-4、-2、-1、-1、-1、0、0、1、2,21.0,0.8506493506493507,-0.067,0.467,2355,11,0.0005,,1.0,1.0,Δ MMSE［時間見当識＋物品呼称＋記銘＋注意計算＋遅延再生］ ほか14件
M_CDR部分集合(k=2),追跡時 CDR［記憶＋見当識］,MWU（完全並べ替え）,5,9,"1［0.5, 2］","1［0.5, 1.5］",0.5、1、1、1.5、2,0.5、1、1、1、1、1、1.5、1.5、1.5,24.0,0.8546453546453546,0.067,0.533,2355,13,0.0005,,1.0,1.0,
M_MMSE部分集合(k=6),初回 MMSE［時間見当識＋場所見当識＋物品呼称＋記銘＋復唱＋図形模写］,MWU（完全並べ替え）,5,9,"15［13, 17］","15［13, 17］",13、14、15、17、17,13、13、14、15、15、15、16、16、17,25.0,0.8551448551448552,0.111,0.556,848,14,0.001,,1.0,1.0,初回 MMSE［時間見当識＋場所見当識＋記銘＋復唱＋読字理解＋書字＋図形模写］
M_MMSE部分集合(k=7),初回 MMSE［時間見当識＋場所見当識＋物品呼称＋記銘＋復唱＋読字理解＋図形模写］,MWU（完全並べ替え）,5,9,"16［14, 18］","16［14, 18］",14、15、16、18、18,14、14、15、16、16、16、17、17、18,25.0,0.8551448551448552,0.111,0.556,848,14,0.001,,1.0,1.0,初回 MMSE［時間見当識＋場所見当識＋物品呼称＋記銘＋復唱＋書字＋図形模写］
M_MMSE部分集合(k=8),初回 MMSE［時間見当識＋場所見当識＋物品呼称＋記銘＋復唱＋読字理解＋書字＋図形模写］,MWU（完全並べ替え）,5,9,"17［15, 19］","17［15, 19］",15、16、17、19、19,15、15、16、17、17、17、18、18、19,25.0,0.8551448551448552,0.111,0.556,848,14,0.001,,1.0,1.0,
M_MMSE部分集合(k=5),初回 MMSE［時間見当識＋場所見当識＋記銘＋復唱＋図形模写］,MWU（完全並べ替え）,5,9,"13［11, 15］","13［11, 15］",11、12、13、15、15,11、11、12、13、13、13、14、14、15,25.0,0.8551448551448552,0.111,0.556,848,14,0.001,,1.0,1.0,
M_MMSE部分集合(k=6),初回 MMSE［時間見当識＋場所見当識＋記銘＋復唱＋読字理解＋図形模写］,MWU（完全並べ替え）,5,9,"14［12, 16］","14［12, 16］",12、13、14、16、16,12、12、13、14、14、14、15、15、16,25.0,0.8551448551448552,0.111,0.556,848,14,0.001,,1.0,1.0,初回 MMSE［時間見当識＋場所見当識＋記銘＋復唱＋書字＋図形模写］
M_MMSE部分集合(k=6),初回 MMSE［時間見当識＋場所見当識＋物品呼称＋遅延再生＋読字理解＋書字］,MWU（完全並べ替え）,5,9,"13［10, 15］","13［11, 16］",10、12、13、15、15,11、11、11、12、13、14、14、14、16,24.0,0.8591408591408591,0.067,0.533,2355,12,0.001,,1.0,1.0,
M_MMSE部分集合(k=5),初回 MMSE［時間見当識＋場所見当識＋物品呼称＋遅延再生＋読字理解］,MWU（完全並べ替え）,5,9,"12［9, 14］","12［10, 15］",9、11、12、14、14,10、10、10、11、12、13、13、13、15,24.0,0.8591408591408591,0.067,0.533,2355,12,0.001,,1.0,1.0,初回 MMSE［時間見当識＋場所見当識＋物品呼称＋遅延再生＋書字］
M_MMSE部分集合(k=4),初回 MMSE［時間見当識＋場所見当識＋物品呼称＋遅延再生］,MWU（完全並べ替え）,5,9,"11［8, 13］","11［9, 14］",8、10、11、13、13,9、9、9、10、11、12、12、12、14,24.0,0.8591408591408591,0.067,0.533,2355,12,0.001,,1.0,1.0,初回 MMSE［時間見当識＋場所見当識＋遅延再生＋読字理解＋書字］
M_MMSE部分集合(k=4),初回 MMSE［時間見当識＋場所見当識＋遅延再生＋読字理解］,MWU（完全並べ替え）,5,9,"10［7, 12］","10［8, 13］",7、9、10、12、12,8、8、8、9、10、11、11、11、13,24.0,0.8591408591408591,0.067,0.533,2355,12,0.001,,1.0,1.0,初回 MMSE［時間見当識＋場所見当識＋遅延再生＋書字］
M_MMSE部分集合(k=3),初回 MMSE［時間見当識＋場所見当識＋遅延再生］,MWU（完全並べ替え）,5,9,"9［6, 11］","9［7, 12］",6、8、9、11、11,7、7、7、8、9、10、10、10、12,24.0,0.8591408591408591,0.067,0.533,2355,12,0.001,,1.0,1.0,
M2_下位項目の差,Δ CDR［記憶−身の回りの世話］,MWU（完全並べ替え）,5,9,"0［0, 0.5］","0［-1, 0.5］",0、0、0、0.5、0.5,-1、0、0、0、0、0、0.5、0.5、0.5,25.5,0.8601398601398601,0.133,0.567,589,13,0.0005,,1.0,1.0,
M_CDR部分集合(k=2),Δ CDR［記憶＋判断力・問題解決］,MWU（完全並べ替え）,5,9,"0［0, 0.5］","0［0, 1］",0、0、0、0.5、0.5,0、0、0、0、0、0.5、0.5、0.5、1,20.5,0.8601398601398601,-0.089,0.456,1325,13,0.0025,,1.0,1.0,
M_CDR部分集合(k=2),Δ CDR［記憶＋身の回りの世話］,MWU（完全並べ替え）,5,9,"0［0, 0.5］","0［0, 1］",0、0、0、0.5、0.5,0、0、0、0、0、0.5、0.5、0.5、1,20.5,0.8601398601398601,-0.089,0.456,1325,13,0.0025,,1.0,1.0,
E_合成指標,Δ MMSE 記憶計（記銘＋遅延再生）,MWU（完全並べ替え）,5,9,"0［-1, 1］","0［-1, 1］",-1、-1、0、0、1,-1、-1、0、0、0、0、0、0、1,20.5,0.8601398601398601,-0.089,0.456,1325,14,0.004,,1.0,1.0,Δ MMSE［記銘＋遅延再生］ ほか15件
M_CDR部分集合(k=2),初回 CDR［見当識＋家庭・趣味］,MWU（完全並べ替え）,5,9,"0.5［0, 1］","0.5［0, 1］",0、0、0.5、0.5、1,0、0、0.5、0.5、0.5、0.5、0.5、0.5、1,20.5,0.8601398601398601,-0.089,0.456,1325,14,0.004,,1.0,1.0,初回 CDR［見当識＋家庭・趣味＋身の回りの世話］
M_CDR部分集合(k=3),初回 CDR［記憶＋見当識＋家庭・趣味］,MWU（完全並べ替え）,5,9,"1［0.5, 1.5］","1［0.5, 1.5］",0.5、0.5、1、1、1.5,0.5、0.5、1、1、1、1、1、1、1.5,20.5,0.8601398601398601,-0.089,0.456,1325,14,0.004,,1.0,1.0,初回 CDR［記憶＋見当識＋家庭・趣味＋身の回りの世話］
M_CDR部分集合(k=2),追跡時 CDR［記憶＋身の回りの世話］,MWU（完全並べ替え）,5,9,"0.5［0.5, 1］","0.5［0.5, 1.5］",0.5、0.5、0.5、1、1,0.5、0.5、0.5、0.5、0.5、1、1、1、1.5,20.5,0.8601398601398601,-0.089,0.456,1325,13,0.0025,,1.0,1.0,
M_MMSE部分集合(k=3),Δ MMSE［場所見当識＋遅延再生＋図形模写］,MWU（完全並べ替え）,5,9,"0［-1, 2］","0［-1, 1］",-1、0、0、0、2,-1、-1、0、0、0、0、0、0、1,25.0,0.8606393606393606,0.111,0.556,848,12,0.01798,,1.0,1.0,Δ MMSE［場所見当識＋物品呼称＋遅延再生＋図形模写］ ほか14件
M_MMSE部分集合(k=3),Δ MMSE［場所見当識＋遅延再生＋復唱］,MWU（完全並べ替え）,5,9,"0［-1, 2］","0［-1, 1］",-1、0、0、0、2,-1、-1、0、0、0、0、0、0、1,25.0,0.8606393606393606,0.111,0.556,848,12,0.01798,,1.0,1.0,Δ MMSE［場所見当識＋物品呼称＋遅延再生＋復唱］ ほか14件
E_合成指標,Δ MMSE 見当識計（時間＋場所）,MWU（完全並べ替え）,5,9,"0［-1, 0］","-1［-2, 3］",-1、-1、0、0、0,-2、-1、-1、-1、-1、0、0、1、3,24.0,0.8626373626373627,0.067,0.533,2355,11,0.005,,1.0,1.0,Δ MMSE［時間見当識＋場所見当識］ ほか15件
M_MMSE部分集合(k=3),Δ MMSE［時間見当識＋場所見当識＋図形模写］,MWU（完全並べ替え）,5,9,"0［-1, 0］","-1［-2, 3］",-1、-1、0、0、0,-2、-1、-1、-1、-1、0、0、2、3,24.0,0.8626373626373627,0.067,0.533,2355,11,0.005,,1.0,1.0,Δ MMSE［時間見当識＋場所見当識＋物品呼称＋図形模写］ ほか14件
M_MMSE部分集合(k=5),初回 MMSE［時間見当識＋場所見当識＋注意計算＋3段階命令＋図形模写］,MWU（完全並べ替え）,5,9,"16［14, 19］","17［13, 19］",14、15、16、17、19,13、14、15、16、17、17、18、18、19,21.0,0.8626373626373627,-0.067,0.467,2355,13,0.0005,,1.0,1.0,
M_MMSE部分集合(k=6),初回 MMSE［時間見当識＋場所見当識＋注意計算＋読字理解＋3段階命令＋図形模写］,MWU（完全並べ替え）,5,9,"17［15, 20］","18［14, 20］",15、16、17、18、20,14、15、16、17、18、18、19、19、20,21.0,0.8626373626373627,-0.067,0.467,2355,13,0.0005,,1.0,1.0,初回 MMSE［時間見当識＋場所見当識＋注意計算＋3段階命令＋書字＋図形模写］
M_MMSE部分集合(k=6),初回 MMSE［時間見当識＋場所見当識＋物品呼称＋注意計算＋3段階命令＋図形模写］,MWU（完全並べ替え）,5,9,"18［16, 21］","19［15, 21］",16、17、18、19、21,15、16、17、18、19、19、20、20、21,21.0,0.8626373626373627,-0.067,0.467,2355,13,0.0005,,1.0,1.0,初回 MMSE［時間見当識＋場所見当識＋注意計算＋読字理解＋3段階命令＋書字＋図形模写］
M_MMSE部分集合(k=7),初回 MMSE［時間見当識＋場所見当識＋物品呼称＋注意計算＋読字理解＋3段階命令＋図形模写］,MWU（完全並べ替え）,5,9,"19［17, 22］","20［16, 22］",17、18、19、20、22,16、17、18、19、20、20、21、21、22,21.0,0.8626373626373627,-0.067,0.467,2355,13,0.0005,,1.0,1.0,初回 MMSE［時間見当識＋場所見当識＋物品呼称＋注意計算＋3段階命令＋書字＋図形模写］
M_MMSE部分集合(k=8),初回 MMSE［時間見当識＋場所見当識＋物品呼称＋注意計算＋読字理解＋3段階命令＋書字＋図形模写］,MWU（完全並べ替え）,5,9,"20［18, 23］","21［17, 23］",18、19、20、21、23,17、18、19、20、21、21、22、22、23,21.0,0.8626373626373627,-0.067,0.467,2355,13,0.0005,,1.0,1.0,
M_MMSE部分集合(k=5),Δ MMSE［時間見当識＋記銘＋注意計算＋遅延再生＋図形模写］,MWU（完全並べ替え）,5,9,"-2［-2, 3］","0［-4, 2］",-2、-2、-2、1、3,-4、-2、-1、-1、0、0、0、1、2,21.0,0.8651348651348651,-0.067,0.467,2355,11,0.0005,,1.0,1.0,Δ MMSE［時間見当識＋物品呼称＋記銘＋注意計算＋遅延再生＋図形模写］ ほか14件
M_MMSE部分集合(k=6),初回 MMSE［時間見当識＋物品呼称＋記銘＋注意計算＋遅延再生＋3段階命令］,MWU（完全並べ替え）,5,9,"16［15, 19］","16［14, 21］",15、15、16、17、19,14、14、15、16、16、16、17、18、21,24.0,0.8671328671328671,0.067,0.533,2355,11,0.001,,1.0,1.0,初回 MMSE［時間見当識＋記銘＋注意計算＋遅延再生＋読字理解＋3段階命令＋書字］
M_MMSE部分集合(k=8),初回 MMSE［時間見当識＋物品呼称＋記銘＋注意計算＋遅延再生＋読字理解＋3段階命令＋書字］,MWU（完全並べ替え）,5,9,"18［17, 21］","18［16, 23］",17、17、18、19、21,16、16、17、18、18、18、19、20、23,24.0,0.8671328671328671,0.067,0.533,2355,11,0.001,,1.0,1.0,
M_MMSE部分集合(k=7),初回 MMSE［時間見当識＋物品呼称＋記銘＋注意計算＋遅延再生＋読字理解＋3段階命令］,MWU（完全並べ替え）,5,9,"17［16, 20］","17［15, 22］",16、16、17、18、20,15、15、16、17、17、17、18、19、22,24.0,0.8671328671328671,0.067,0.533,2355,11,0.001,,1.0,1.0,初回 MMSE［時間見当識＋物品呼称＋記銘＋注意計算＋遅延再生＋3段階命令＋書字］
M_MMSE部分集合(k=5),初回 MMSE［時間見当識＋記銘＋注意計算＋遅延再生＋3段階命令］,MWU（完全並べ替え）,5,9,"14［13, 17］","14［12, 19］",13、13、14、15、17,12、12、13、14、14、14、15、16、19,24.0,0.8671328671328671,0.067,0.533,2355,11,0.001,,1.0,1.0,
M_MMSE部分集合(k=6),初回 MMSE［時間見当識＋記銘＋注意計算＋遅延再生＋読字理解＋3段階命令］,MWU（完全並べ替え）,5,9,"15［14, 18］","15［13, 20］",14、14、15、16、18,13、13、14、15、15、15、16、17、20,24.0,0.8671328671328671,0.067,0.533,2355,11,0.001,,1.0,1.0,初回 MMSE［時間見当識＋記銘＋注意計算＋遅延再生＋3段階命令＋書字］
M_CDR部分集合(k=5),Δ CDR［記憶＋見当識＋判断力・問題解決＋家庭・趣味＋身の回りの世話］,MWU（完全並べ替え）,5,9,"0.5［0, 2］","0.5［0, 1.5］",0、0.5、0.5、1、2,0、0、0、0.5、0.5、1、1.5、1.5、1.5,24.0,0.8676323676323676,0.067,0.533,2355,13,0.001,,1.0,1.0,
M_CDR部分集合(k=2),追跡時 CDR［見当識＋身の回りの世話］,MWU（完全並べ替え）,5,9,"0.5［0, 1］","0.5［0, 1.5］",0、0.5、0.5、0.5、1,0、0.5、0.5、0.5、0.5、0.5、0.5、0.5、1.5,22.0,0.8691308691308691,-0.022,0.489,21192,12,0.11988,,1.0,1.0,
D_年換算変化量,Δ CDR 地域社会の活動／年,MWU（完全並べ替え）,3,8,"0［0, 0.3429］","0［0, 0.5042］",0、0、0.3429,0、0、0、0、0、0.339、0.3448、0.5042,11.0,0.8727272727272727,-0.083,0.458,1507,7,0.00303,,1.0,1.0,
O_月あたり変化量,Δ CDR 地域社会の活動／月,MWU（完全並べ替え）,3,8,"0［0, 0.02857］","0［0, 0.04202］",0、0、0.02857,0、0、0、0、0、0.02825、0.02874、0.04202,11.0,0.8727272727272727,-0.083,0.458,1507,7,0.00303,,1.0,1.0,
M2_下位項目の差,初回 MMSE［記銘−注意計算］,MWU（完全並べ替え）,5,9,"-2［-2, 2］","-2［-2, 0］",-2、-2、-2、-1、2,-2、-2、-2、-2、-2、-2、0、0、0,24.0,0.8741258741258742,0.067,0.533,2355,12,0.0005,,1.0,1.0,
M_MMSE部分集合(k=6),初回 MMSE［物品呼称＋記銘＋注意計算＋遅延再生＋3段階命令＋図形模写］,MWU（完全並べ替え）,5,9,"13［11, 15］","13［12, 17］",11、12、13、15、15,12、12、13、13、13、13、14、14、17,21.0,0.8746253746253746,-0.067,0.467,2355,12,0.0005,,1.0,1.0,初回 MMSE［記銘＋注意計算＋遅延再生＋読字理解＋3段階命令＋書字＋図形模写］
M_MMSE部分集合(k=7),初回 MMSE［物品呼称＋記銘＋注意計算＋遅延再生＋読字理解＋3段階命令＋図形模写］,MWU（完全並べ替え）,5,9,"14［12, 16］","14［13, 18］",12、13、14、16、16,13、13、14、14、14、14、15、15、18,21.0,0.8746253746253746,-0.067,0.467,2355,12,0.0005,,1.0,1.0,初回 MMSE［物品呼称＋記銘＋注意計算＋遅延再生＋3段階命令＋書字＋図形模写］
M_MMSE部分集合(k=8),初回 MMSE［物品呼称＋記銘＋注意計算＋遅延再生＋読字理解＋3段階命令＋書字＋図形模写］,MWU（完全並べ替え）,5,9,"15［13, 17］","15［14, 19］",13、14、15、17、17,14、14、15、15、15、15、16、16、19,21.0,0.8746253746253746,-0.067,0.467,2355,12,0.0005,,1.0,1.0,
M_MMSE部分集合(k=5),初回 MMSE［記銘＋注意計算＋遅延再生＋3段階命令＋図形模写］,MWU（完全並べ替え）,5,9,"11［9, 13］","11［10, 15］",9、10、11、13、13,10、10、11、11、11、11、12、12、15,21.0,0.8746253746253746,-0.067,0.467,2355,12,0.0005,,1.0,1.0,
M_MMSE部分集合(k=6),初回 MMSE［記銘＋注意計算＋遅延再生＋読字理解＋3段階命令＋図形模写］,MWU（完全並べ替え）,5,9,"12［10, 14］","12［11, 16］",10、11、12、14、14,11、11、12、12、12、12、13、13、16,21.0,0.8746253746253746,-0.067,0.467,2355,12,0.0005,,1.0,1.0,初回 MMSE［記銘＋注意計算＋遅延再生＋3段階命令＋書字＋図形模写］
M_MMSE部分集合(k=4),初回 MMSE［時間見当識＋注意計算＋遅延再生＋読字理解］,MWU（完全並べ替え）,5,9,"10［8, 12］","9［7, 14］",8、8、10、10、12,7、7、8、9、9、10、11、11、14,24.0,0.8761238761238761,0.067,0.533,2355,12,0.0005,,1.0,1.0,初回 MMSE［時間見当識＋注意計算＋遅延再生＋書字］
M_MMSE部分集合(k=3),初回 MMSE［時間見当識＋注意計算＋遅延再生］,MWU（完全並べ替え）,5,9,"9［7, 11］","8［6, 13］",7、7、9、9、11,6、6、7、8、8、9、10、10、13,24.0,0.8761238761238761,0.067,0.533,2355,12,0.0005,,1.0,1.0,
M_MMSE部分集合(k=6),初回 MMSE［時間見当識＋物品呼称＋注意計算＋遅延再生＋読字理解＋書字］,MWU（完全並べ替え）,5,9,"13［11, 15］","12［10, 17］",11、11、13、13、15,10、10、11、12、12、13、14、14、17,24.0,0.8761238761238761,0.067,0.533,2355,12,0.0005,,1.0,1.0,
M_MMSE部分集合(k=5),初回 MMSE［時間見当識＋物品呼称＋注意計算＋遅延再生＋読字理解］,MWU（完全並べ替え）,5,9,"12［10, 14］","11［9, 16］",10、10、12、12、14,9、9、10、11、11、12、13、13、16,24.0,0.8761238761238761,0.067,0.533,2355,12,0.0005,,1.0,1.0,初回 MMSE［時間見当識＋物品呼称＋注意計算＋遅延再生＋書字］
M_MMSE部分集合(k=4),初回 MMSE［時間見当識＋物品呼称＋注意計算＋遅延再生］,MWU（完全並べ替え）,5,9,"11［9, 13］","10［8, 15］",9、9、11、11、13,8、8、9、10、10、11、12、12、15,24.0,0.8761238761238761,0.067,0.533,2355,12,0.0005,,1.0,1.0,初回 MMSE［時間見当識＋注意計算＋遅延再生＋読字理解＋書字］
M_MMSE部分集合(k=5),初回 MMSE［時間見当識＋場所見当識＋物品呼称＋記銘＋図形模写］,MWU（完全並べ替え）,5,9,"14［12, 16］","15［12, 16］",12、13、14、16、16,12、12、13、14、15、15、15、15、16,24.0,0.8826173826173827,0.067,0.533,2355,14,0.0005,,1.0,1.0,初回 MMSE［時間見当識＋場所見当識＋記銘＋読字理解＋書字＋図形模写］
M_MMSE部分集合(k=6),初回 MMSE［時間見当識＋場所見当識＋物品呼称＋記銘＋読字理解＋図形模写］,MWU（完全並べ替え）,5,9,"15［13, 17］","16［13, 17］",13、14、15、17、17,13、13、14、15、16、16、16、16、17,24.0,0.8826173826173827,0.067,0.533,2355,14,0.0005,,1.0,1.0,初回 MMSE［時間見当識＋場所見当識＋物品呼称＋記銘＋書字＋図形模写］
M_MMSE部分集合(k=7),初回 MMSE［時間見当識＋場所見当識＋物品呼称＋記銘＋読字理解＋書字＋図形模写］,MWU（完全並べ替え）,5,9,"16［14, 18］","17［14, 18］",14、15、16、18、18,14、14、15、16、17、17、17、17、18,24.0,0.8826173826173827,0.067,0.533,2355,14,0.0005,,1.0,1.0,
M_MMSE部分集合(k=4),初回 MMSE［時間見当識＋場所見当識＋記銘＋図形模写］,MWU（完全並べ替え）,5,9,"12［10, 14］","13［10, 14］",10、11、12、14、14,10、10、11、12、13、13、13、13、14,24.0,0.8826173826173827,0.067,0.533,2355,14,0.0005,,1.0,1.0,
M_MMSE部分集合(k=5),初回 MMSE［時間見当識＋場所見当識＋記銘＋読字理解＋図形模写］,MWU（完全並べ替え）,5,9,"13［11, 15］","14［11, 15］",11、12、13、15、15,11、11、12、13、14、14、14、14、15,24.0,0.8826173826173827,0.067,0.533,2355,14,0.0005,,1.0,1.0,初回 MMSE［時間見当識＋場所見当識＋記銘＋書字＋図形模写］
M_MMSE部分集合(k=7),初回 MMSE［物品呼称＋記銘＋注意計算＋遅延再生＋復唱＋読字理解＋書字］,MWU（完全並べ替え）,5,9,"12［10, 14］","13［10, 15］",10、11、12、14、14,10、11、12、12、13、13、13、13、15,21.0,0.8826173826173827,-0.067,0.467,2355,13,0.0015,,1.0,1.0,
M_MMSE部分集合(k=6),初回 MMSE［物品呼称＋記銘＋注意計算＋遅延再生＋復唱＋読字理解］,MWU（完全並べ替え）,5,9,"11［9, 13］","12［9, 14］",9、10、11、13、13,9、10、11、11、12、12、12、12、14,21.0,0.8826173826173827,-0.067,0.467,2355,13,0.0015,,1.0,1.0,初回 MMSE［物品呼称＋記銘＋注意計算＋遅延再生＋復唱＋書字］
M_MMSE部分集合(k=5),初回 MMSE［物品呼称＋記銘＋注意計算＋遅延再生＋復唱］,MWU（完全並べ替え）,5,9,"10［8, 12］","11［8, 13］",8、9、10、12、12,8、9、10、10、11、11、11、11、13,21.0,0.8826173826173827,-0.067,0.467,2355,13,0.0015,,1.0,1.0,初回 MMSE［記銘＋注意計算＋遅延再生＋復唱＋読字理解＋書字］
M_MMSE部分集合(k=5),初回 MMSE［記銘＋注意計算＋遅延再生＋復唱＋読字理解］,MWU（完全並べ替え）,5,9,"9［7, 11］","10［7, 12］",7、8、9、11、11,7、8、9、9、10、10、10、10、12,21.0,0.8826173826173827,-0.067,0.467,2355,13,0.0015,,1.0,1.0,初回 MMSE［記銘＋注意計算＋遅延再生＋復唱＋書字］
M_MMSE部分集合(k=4),初回 MMSE［記銘＋注意計算＋遅延再生＋復唱］,MWU（完全並べ替え）,5,9,"8［6, 10］","9［6, 11］",6、7、8、10、10,6、7、8、8、9、9、9、9、11,21.0,0.8826173826173827,-0.067,0.467,2355,13,0.0015,,1.0,1.0,
M_MMSE部分集合(k=7),初回 MMSE［時間見当識＋場所見当識＋物品呼称＋記銘＋復唱＋読字理解＋書字］,MWU（完全並べ替え）,5,9,"16［14, 18］","16［14, 18］",14、15、16、18、18,14、15、15、16、16、16、17、17、18,24.0,0.8831168831168831,0.067,0.533,2355,14,0.001,,1.0,1.0,
M_MMSE部分集合(k=6),初回 MMSE［時間見当識＋場所見当識＋物品呼称＋記銘＋復唱＋読字理解］,MWU（完全並べ替え）,5,9,"15［13, 17］","15［13, 17］",13、14、15、17、17,13、14、14、15、15、15、16、16、17,24.0,0.8831168831168831,0.067,0.533,2355,14,0.001,,1.0,1.0,初回 MMSE［時間見当識＋場所見当識＋物品呼称＋記銘＋復唱＋書字］
M_MMSE部分集合(k=5),初回 MMSE［時間見当識＋場所見当識＋物品呼称＋記銘＋復唱］,MWU（完全並べ替え）,5,9,"14［12, 16］","14［12, 16］",12、13、14、16、16,12、13、13、14、14、14、15、15、16,24.0,0.8831168831168831,0.067,0.533,2355,14,0.001,,1.0,1.0,初回 MMSE［時間見当識＋場所見当識＋記銘＋復唱＋読字理解＋書字］
M_MMSE部分集合(k=5),初回 MMSE［時間見当識＋場所見当識＋記銘＋復唱＋読字理解］,MWU（完全並べ替え）,5,9,"13［11, 15］","13［11, 15］",11、12、13、15、15,11、12、12、13、13、13、14、14、15,24.0,0.8831168831168831,0.067,0.533,2355,14,0.001,,1.0,1.0,初回 MMSE［時間見当識＋場所見当識＋記銘＋復唱＋書字］
M_MMSE部分集合(k=4),初回 MMSE［時間見当識＋場所見当識＋記銘＋復唱］,MWU（完全並べ替え）,5,9,"12［10, 14］","12［10, 14］",10、11、12、14、14,10、11、11、12、12、12、13、13、14,24.0,0.8831168831168831,0.067,0.533,2355,14,0.001,,1.0,1.0,
M_MMSE部分集合(k=4),Δ MMSE［時間見当識＋注意計算＋復唱＋図形模写］,MWU（完全並べ替え）,5,9,"-1［-2, 3］","-1［-4, 3］",-2、-1、-1、0、3,-4、-1、-1、-1、-1、0、1、1、3,21.0,0.8841158841158842,-0.067,0.467,2355,12,0.001,,1.0,1.0,Δ MMSE［時間見当識＋物品呼称＋注意計算＋復唱＋図形模写］ ほか14件
M_MMSE部分集合(k=4),初回 MMSE［時間見当識＋注意計算＋復唱＋読字理解］,MWU（完全並べ替え）,5,9,"10［8, 12］","10［7, 12］",8、9、10、11、12,7、8、9、9、10、10、11、12、12,24.0,0.8856143856143857,0.067,0.533,2355,13,0.0005,,1.0,1.0,初回 MMSE［時間見当識＋注意計算＋復唱＋書字］
M_MMSE部分集合(k=3),初回 MMSE［時間見当識＋注意計算＋復唱］,MWU（完全並べ替え）,5,9,"9［7, 11］","9［6, 11］",7、8、9、10、11,6、7、8、8、9、9、10、11、11,24.0,0.8856143856143857,0.067,0.533,2355,13,0.0005,,1.0,1.0,
M_MMSE部分集合(k=6),初回 MMSE［時間見当識＋物品呼称＋注意計算＋復唱＋読字理解＋書字］,MWU（完全並べ替え）,5,9,"13［11, 15］","13［10, 15］",11、12、13、14、15,10、11、12、12、13、13、14、15、15,24.0,0.8856143856143857,0.067,0.533,2355,13,0.0005,,1.0,1.0,
M_MMSE部分集合(k=5),初回 MMSE［時間見当識＋物品呼称＋注意計算＋復唱＋読字理解］,MWU（完全並べ替え）,5,9,"12［10, 14］","12［9, 14］",10、11、12、13、14,9、10、11、11、12、12、13、14、14,24.0,0.8856143856143857,0.067,0.533,2355,13,0.0005,,1.0,1.0,初回 MMSE［時間見当識＋物品呼称＋注意計算＋復唱＋書字］
M_MMSE部分集合(k=4),初回 MMSE［時間見当識＋物品呼称＋注意計算＋復唱］,MWU（完全並べ替え）,5,9,"11［9, 13］","11［8, 13］",9、10、11、12、13,8、9、10、10、11、11、12、13、13,24.0,0.8856143856143857,0.067,0.533,2355,13,0.0005,,1.0,1.0,初回 MMSE［時間見当識＋注意計算＋復唱＋読字理解＋書字］
M_MMSE部分集合(k=4),初回 MMSE［時間見当識＋注意計算＋3段階命令＋図形模写］,MWU（完全並べ替え）,5,9,"12［10, 14］","12［9, 14］",10、11、12、13、14,9、10、10、11、12、13、13、14、14,24.0,0.8871128871128872,0.067,0.533,2355,13,0.001,,1.0,1.0,
M_MMSE部分集合(k=5),初回 MMSE［時間見当識＋注意計算＋読字理解＋3段階命令＋図形模写］,MWU（完全並べ替え）,5,9,"13［11, 15］","13［10, 15］",11、12、13、14、15,10、11、11、12、13、14、14、15、15,24.0,0.8871128871128872,0.067,0.533,2355,13,0.001,,1.0,1.0,初回 MMSE［時間見当識＋注意計算＋3段階命令＋書字＋図形模写］
M_MMSE部分集合(k=5),初回 MMSE［時間見当識＋物品呼称＋注意計算＋3段階命令＋図形模写］,MWU（完全並べ替え）,5,9,"14［12, 16］","14［11, 16］",12、13、14、15、16,11、12、12、13、14、15、15、16、16,24.0,0.8871128871128872,0.067,0.533,2355,13,0.001,,1.0,1.0,初回 MMSE［時間見当識＋注意計算＋読字理解＋3段階命令＋書字＋図形模写］
M_MMSE部分集合(k=6),初回 MMSE［時間見当識＋物品呼称＋注意計算＋読字理解＋3段階命令＋図形模写］,MWU（完全並べ替え）,5,9,"15［13, 17］","15［12, 17］",13、14、15、16、17,12、13、13、14、15、16、16、17、17,24.0,0.8871128871128872,0.067,0.533,2355,13,0.001,,1.0,1.0,初回 MMSE［時間見当識＋物品呼称＋注意計算＋3段階命令＋書字＋図形模写］
M_MMSE部分集合(k=7),初回 MMSE［時間見当識＋物品呼称＋注意計算＋読字理解＋3段階命令＋書字＋図形模写］,MWU（完全並べ替え）,5,9,"16［14, 18］","16［13, 18］",14、15、16、17、18,13、14、14、15、16、17、17、18、18,24.0,0.8871128871128872,0.067,0.533,2355,13,0.001,,1.0,1.0,
M_MMSE部分集合(k=7),初回 MMSE［時間見当識＋物品呼称＋記銘＋注意計算＋復唱＋読字理解＋書字］,MWU（完全並べ替え）,5,9,"16［14, 18］","15［13, 18］",14、15、16、16、18,13、14、15、15、15、16、17、18、18,24.0,0.8876123876123876,0.067,0.533,2355,12,0.0015,,1.0,1.0,
M_MMSE部分集合(k=6),初回 MMSE［時間見当識＋物品呼称＋記銘＋注意計算＋復唱＋読字理解］,MWU（完全並べ替え）,5,9,"15［13, 17］","14［12, 17］",13、14、15、15、17,12、13、14、14、14、15、16、17、17,24.0,0.8876123876123876,0.067,0.533,2355,12,0.0015,,1.0,1.0,初回 MMSE［時間見当識＋物品呼称＋記銘＋注意計算＋復唱＋書字］
M_MMSE部分集合(k=5),初回 MMSE［時間見当識＋物品呼称＋記銘＋注意計算＋復唱］,MWU（完全並べ替え）,5,9,"14［12, 16］","13［11, 16］",12、13、14、14、16,11、12、13、13、13、14、15、16、16,24.0,0.8876123876123876,0.067,0.533,2355,12,0.0015,,1.0,1.0,初回 MMSE［時間見当識＋記銘＋注意計算＋復唱＋読字理解＋書字］
M_MMSE部分集合(k=5),初回 MMSE［時間見当識＋記銘＋注意計算＋復唱＋読字理解］,MWU（完全並べ替え）,5,9,"13［11, 15］","12［10, 15］",11、12、13、13、15,10、11、12、12、12、13、14、15、15,24.0,0.8876123876123876,0.067,0.533,2355,12,0.0015,,1.0,1.0,初回 MMSE［時間見当識＋記銘＋注意計算＋復唱＋書字］
M_MMSE部分集合(k=4),初回 MMSE［時間見当識＋記銘＋注意計算＋復唱］,MWU（完全並べ替え）,5,9,"12［10, 14］","11［9, 14］",10、11、12、12、14,9、10、11、11、11、12、13、14、14,24.0,0.8876123876123876,0.067,0.533,2355,12,0.0015,,1.0,1.0,
M_CDR部分集合(k=3),Δ CDR［判断力・問題解決＋家庭・趣味＋身の回りの世話］,MWU（完全並べ替え）,5,9,"0［0, 1］","0［0, 1.5］",0、0、0、0.5、1,0、0、0、0、0、0.5、0.5、1、1.5,21.0,0.8881118881118881,-0.067,0.467,2355,13,0.0015,,1.0,1.0,
M_CDR部分集合(k=3),Δ CDR［記憶＋家庭・趣味＋身の回りの世話］,MWU（完全並べ替え）,5,9,"0.5［0, 1.5］","0［0, 1］",0、0、0.5、0.5、1.5,0、0、0、0、0、1、1、1、1,24.0,0.8881118881118881,0.067,0.533,2355,13,0.0005,,1.0,1.0,
M_MMSE部分集合(k=7),追跡時 MMSE［時間見当識＋場所見当識＋物品呼称＋記銘＋遅延再生＋復唱＋3段階命令］,MWU（完全並べ替え）,5,9,"18［14, 20］","17［15, 21］",14、16、18、18、20,15、16、16、17、17、17、18、18、21,24.0,0.8881118881118881,0.067,0.533,2355,10,0.0005,,1.0,1.0,追跡時 MMSE［時間見当識＋場所見当識＋記銘＋遅延再生＋復唱＋読字理解＋3段階命令＋書字］、追跡時 MMSE［時間見当識＋場所見当識＋記銘＋遅延再生＋復唱＋読字理解＋3段階命令＋図形模写］、追跡時 MMSE［時間見当識＋場所見当識＋記銘＋遅延再生＋復唱＋3段階命令＋書字＋図形模写］、追跡時 MMSE［時間見当識＋場所見当識＋物品呼称＋遅延再生＋復唱＋読字理解＋3段階命令＋書字＋図形模写］
M_MMSE部分集合(k=10),追跡時 MMSE［時間見当識＋場所見当識＋物品呼称＋記銘＋遅延再生＋復唱＋読字理解＋3段階命令＋書字＋図形模写］,MWU（完全並べ替え）,5,9,"21［17, 23］","20［18, 24］",17、19、21、21、23,18、19、19、20、20、20、21、21、24,24.0,0.8881118881118881,0.067,0.533,2355,10,0.0005,,1.0,1.0,
M_MMSE部分集合(k=9),追跡時 MMSE［時間見当識＋場所見当識＋物品呼称＋記銘＋遅延再生＋復唱＋読字理解＋3段階命令＋書字］,MWU（完全並べ替え）,5,9,"20［16, 22］","19［17, 23］",16、18、20、20、22,17、18、18、19、19、19、20、20、23,24.0,0.8881118881118881,0.067,0.533,2355,10,0.0005,,1.0,1.0,追跡時 MMSE［時間見当識＋場所見当識＋物品呼称＋記銘＋遅延再生＋復唱＋読字理解＋3段階命令＋図形模写］、追跡時 MMSE［時間見当識＋場所見当識＋物品呼称＋記銘＋遅延再生＋復唱＋3段階命令＋書字＋図形模写］
M_MMSE部分集合(k=8),追跡時 MMSE［時間見当識＋場所見当識＋物品呼称＋記銘＋遅延再生＋復唱＋読字理解＋3段階命令］,MWU（完全並べ替え）,5,9,"19［15, 21］","18［16, 22］",15、17、19、19、21,16、17、17、18、18、18、19、19、22,24.0,0.8881118881118881,0.067,0.533,2355,10,0.0005,,1.0,1.0,追跡時 MMSE［時間見当識＋場所見当識＋物品呼称＋記銘＋遅延再生＋復唱＋3段階命令＋書字］、追跡時 MMSE［時間見当識＋場所見当識＋物品呼称＋記銘＋遅延再生＋復唱＋3段階命令＋図形模写］、追跡時 MMSE［時間見当識＋場所見当識＋記銘＋遅延再生＋復唱＋読字理解＋3段階命令＋書字＋図形模写］
M_MMSE部分集合(k=6),追跡時 MMSE［時間見当識＋場所見当識＋物品呼称＋遅延再生＋復唱＋3段階命令］,MWU（完全並べ替え）,5,9,"15［11, 17］","14［12, 18］",11、13、15、15、17,12、13、13、14、14、14、15、15、18,24.0,0.8881118881118881,0.067,0.533,2355,10,0.0005,,1.0,1.0,追跡時 MMSE［時間見当識＋場所見当識＋遅延再生＋復唱＋読字理解＋3段階命令＋書字］、追跡時 MMSE［時間見当識＋場所見当識＋遅延再生＋復唱＋読字理解＋3段階命令＋図形模写］、追跡時 MMSE［時間見当識＋場所見当識＋遅延再生＋復唱＋3段階命令＋書字＋図形模写］
M_MMSE部分集合(k=6),追跡時 MMSE［時間見当識＋場所見当識＋記銘＋遅延再生＋復唱＋3段階命令］,MWU（完全並べ替え）,5,9,"16［12, 18］","15［13, 19］",12、14、16、16、18,13、14、14、15、15、15、16、16、19,24.0,0.8881118881118881,0.067,0.533,2355,10,0.0005,,1.0,1.0,追跡時 MMSE［時間見当識＋場所見当識＋物品呼称＋遅延再生＋復唱＋読字理解＋3段階命令］、追跡時 MMSE［時間見当識＋場所見当識＋物品呼称＋遅延再生＋復唱＋3段階命令＋書字］、追跡時 MMSE［時間見当識＋場所見当識＋物品呼称＋遅延再生＋復唱＋3段階命令＋図形模写］、追跡時 MMSE［時間見当識＋場所見当識＋遅延再生＋復唱＋読字理解＋3段階命令＋書字＋図形模写］
M_MMSE部分集合(k=7),追跡時 MMSE［時間見当識＋場所見当識＋記銘＋遅延再生＋復唱＋読字理解＋3段階命令］,MWU（完全並べ替え）,5,9,"17［13, 19］","16［14, 20］",13、15、17、17、19,14、15、15、16、16、16、17、17、20,24.0,0.8881118881118881,0.067,0.533,2355,10,0.0005,,1.0,1.0,追跡時 MMSE［時間見当識＋場所見当識＋記銘＋遅延再生＋復唱＋3段階命令＋書字］ ほか4件
M_MMSE部分集合(k=5),追跡時 MMSE［時間見当識＋場所見当識＋遅延再生＋復唱＋3段階命令］,MWU（完全並べ替え）,5,9,"13［9, 15］","12［10, 16］",9、11、13、13、15,10、11、11、12、12、12、13、13、16,24.0,0.8881118881118881,0.067,0.533,2355,10,0.0005,,1.0,1.0,
M_MMSE部分集合(k=6),追跡時 MMSE［時間見当識＋場所見当識＋遅延再生＋復唱＋読字理解＋3段階命令］,MWU（完全並べ替え）,5,9,"14［10, 16］","13［11, 17］",10、12、14、14、16,11、12、12、13、13、13、14、14、17,24.0,0.8881118881118881,0.067,0.533,2355,10,0.0005,,1.0,1.0,追跡時 MMSE［時間見当識＋場所見当識＋遅延再生＋復唱＋3段階命令＋書字］、追跡時 MMSE［時間見当識＋場所見当識＋遅延再生＋復唱＋3段階命令＋図形模写］
M_CDR部分集合(k=3),追跡時 CDR［見当識＋地域社会の活動＋家庭・趣味］,MWU（完全並べ替え）,5,9,"1［0.5, 3］","1.5［0.5, 2］",0.5、0.5、1、1.5、3,0.5、0.5、0.5、1、1.5、1.5、1.5、2、2,21.0,0.8901098901098901,-0.067,0.467,2355,13,0.0005,,1.0,1.0,
M2_下位項目の差,Δ CDR［地域社会の活動−身の回りの世話］,MWU（完全並べ替え）,5,9,"0［0, 0.5］","0［-0.5, 0.5］",0、0、0、0、0.5,-0.5、0、0、0、0、0、0.5、0.5、0.5,21.5,0.8921078921078921,-0.044,0.478,5298,13,0.0045,,1.0,1.0,
M_MMSE部分集合(k=6),初回 MMSE［時間見当識＋場所見当識＋注意計算＋遅延再生＋3段階命令＋図形模写］,MWU（完全並べ替え）,5,9,"17［14, 20］","17［14, 21］",14、16、17、17、20,14、14、15、17、17、17、18、19、21,21.0,0.8946053946053946,-0.067,0.467,2355,8,0.0005,,1.0,1.0,
M_MMSE部分集合(k=7),初回 MMSE［時間見当識＋場所見当識＋注意計算＋遅延再生＋読字理解＋3段階命令＋図形模写］,MWU（完全並べ替え）,5,9,"18［15, 21］","18［15, 22］",15、17、18、18、21,15、15、16、18、18、18、19、20、22,21.0,0.8946053946053946,-0.067,0.467,2355,8,0.0005,,1.0,1.0,初回 MMSE［時間見当識＋場所見当識＋注意計算＋遅延再生＋3段階命令＋書字＋図形模写］
M_MMSE部分集合(k=7),初回 MMSE［時間見当識＋場所見当識＋物品呼称＋注意計算＋遅延再生＋3段階命令＋図形模写］,MWU（完全並べ替え）,5,9,"19［16, 22］","19［16, 23］",16、18、19、19、22,16、16、17、19、19、19、20、21、23,21.0,0.8946053946053946,-0.067,0.467,2355,8,0.0005,,1.0,1.0,初回 MMSE［時間見当識＋場所見当識＋注意計算＋遅延再生＋読字理解＋3段階命令＋書字＋図形模写］
M_MMSE部分集合(k=8),初回 MMSE［時間見当識＋場所見当識＋物品呼称＋注意計算＋遅延再生＋読字理解＋3段階命令＋図形模写］,MWU（完全並べ替え）,5,9,"20［17, 23］","20［17, 24］",17、19、20、20、23,17、17、18、20、20、20、21、22、24,21.0,0.8946053946053946,-0.067,0.467,2355,8,0.0005,,1.0,1.0,初回 MMSE［時間見当識＋場所見当識＋物品呼称＋注意計算＋遅延再生＋3段階命令＋書字＋図形模写］
M_MMSE部分集合(k=9),初回 MMSE［時間見当識＋場所見当識＋物品呼称＋注意計算＋遅延再生＋読字理解＋3段階命令＋書字＋図形模写］,MWU（完全並べ替え）,5,9,"21［18, 24］","21［18, 25］",18、20、21、21、24,18、18、19、21、21、21、22、23、25,21.0,0.8946053946053946,-0.067,0.467,2355,8,0.0005,,1.0,1.0,
M_CDR部分集合(k=2),Δ CDR［見当識＋身の回りの世話］,MWU（完全並べ替え）,5,9,"0.5［0, 0.5］","0［0, 1］",0、0、0.5、0.5、0.5,0、0、0、0、0、0.5、0.5、0.5、1,24.5,0.8951048951048951,0.089,0.544,1325,13,0.00749,,1.0,1.0,
M2_下位項目の差,初回 MMSE［遅延再生−3段階命令］,MWU（完全並べ替え）,5,9,"-2［-3, -2］","-3［-3, 0］",-3、-3、-2、-2、-2,-3、-3、-3、-3、-3、-2、-2、-2、0,24.5,0.8951048951048951,0.089,0.544,1325,13,0.00749,,1.0,1.0,
M2_下位項目の差,初回 MMSE［遅延再生−図形模写］,MWU（完全並べ替え）,5,9,"0［-1, 0］","-1［-1, 2］",-1、-1、0、0、0,-1、-1、-1、-1、-1、0、0、0、2,24.5,0.8951048951048951,0.089,0.544,1325,13,0.00749,,1.0,1.0,
M2_下位項目の差,初回 MMSE［遅延再生−復唱］,MWU（完全並べ替え）,5,9,"0［-1, 0］","-1［-1, 3］",-1、-1、0、0、0,-1、-1、-1、-1、-1、0、0、0、3,24.5,0.8951048951048951,0.089,0.544,1325,13,0.00749,,1.0,1.0,
M_CDR部分集合(k=5),Δ CDR［記憶＋判断力・問題解決＋地域社会の活動＋家庭・趣味＋身の回りの世話］,MWU（完全並べ替え）,5,9,"0.5［0, 2］","0.5［0, 2］",0、0、0.5、0.5、2,0、0、0、0、0.5、1、1.5、2、2,21.0,0.8966033966033966,-0.067,0.467,2355,12,0.0005,,1.0,1.0,
M_MMSE部分集合(k=6),初回 MMSE［時間見当識＋場所見当識＋物品呼称＋記銘＋遅延再生＋3段階命令］,MWU（完全並べ替え）,5,9,"16［14, 19］","16［15, 20］",14、16、16、19、19,15、15、15、16、16、17、18、18、20,24.0,0.8986013986013986,0.067,0.533,2355,11,0.0005,,1.0,1.0,初回 MMSE［時間見当識＋場所見当識＋記銘＋遅延再生＋読字理解＋3段階命令＋書字］
M_MMSE部分集合(k=8),初回 MMSE［時間見当識＋場所見当識＋物品呼称＋記銘＋遅延再生＋読字理解＋3段階命令＋書字］,MWU（完全並べ替え）,5,9,"18［16, 21］","18［17, 22］",16、18、18、21、21,17、17、17、18、18、19、20、20、22,24.0,0.8986013986013986,0.067,0.533,2355,11,0.0005,,1.0,1.0,
M_MMSE部分集合(k=7),初回 MMSE［時間見当識＋場所見当識＋物品呼称＋記銘＋遅延再生＋読字理解＋3段階命令］,MWU（完全並べ替え）,5,9,"17［15, 20］","17［16, 21］",15、17、17、20、20,16、16、16、17、17、18、19、19、21,24.0,0.8986013986013986,0.067,0.533,2355,11,0.0005,,1.0,1.0,初回 MMSE［時間見当識＋場所見当識＋物品呼称＋記銘＋遅延再生＋3段階命令＋書字］
M_MMSE部分集合(k=5),初回 MMSE［時間見当識＋場所見当識＋記銘＋遅延再生＋3段階命令］,MWU（完全並べ替え）,5,9,"14［12, 17］","14［13, 18］",12、14、14、17、17,13、13、13、14、14、15、16、16、18,24.0,0.8986013986013986,0.067,0.533,2355,11,0.0005,,1.0,1.0,
M_MMSE部分集合(k=6),初回 MMSE［時間見当識＋場所見当識＋記銘＋遅延再生＋読字理解＋3段階命令］,MWU（完全並べ替え）,5,9,"15［13, 18］","15［14, 19］",13、15、15、18、18,14、14、14、15、15、16、17、17、19,24.0,0.8986013986013986,0.067,0.533,2355,11,0.0005,,1.0,1.0,初回 MMSE［時間見当識＋場所見当識＋記銘＋遅延再生＋3段階命令＋書字］
M_CDR部分集合(k=3),追跡時 CDR［記憶＋家庭・趣味＋身の回りの世話］,MWU（完全並べ替え）,5,9,"1［1, 2］","1［0.5, 2］",1、1、1、1、2,0.5、0.5、0.5、1、1、1.5、1.5、1.5、2,24.5,0.8996003996003996,0.089,0.544,1325,14,0.0005,,1.0,1.0,
M_MMSE部分集合(k=6),初回 MMSE［物品呼称＋記銘＋注意計算＋復唱＋読字理解＋書字］,MWU（完全並べ替え）,5,9,"12［9, 13］","12［10, 13］",9、11、12、13、13,10、11、11、11、12、13、13、13、13,21.0,0.9000999000999002,-0.067,0.467,2355,12,0.002,,1.0,1.0,
M_MMSE部分集合(k=5),初回 MMSE［物品呼称＋記銘＋注意計算＋復唱＋読字理解］,MWU（完全並べ替え）,5,9,"11［8, 12］","11［9, 12］",8、10、11、12、12,9、10、10、10、11、12、12、12、12,21.0,0.9000999000999002,-0.067,0.467,2355,12,0.002,,1.0,1.0,初回 MMSE［物品呼称＋記銘＋注意計算＋復唱＋書字］
M_MMSE部分集合(k=4),初回 MMSE［物品呼称＋記銘＋注意計算＋復唱］,MWU（完全並べ替え）,5,9,"10［7, 11］","10［8, 11］",7、9、10、11、11,8、9、9、9、10、11、11、11、11,21.0,0.9000999000999002,-0.067,0.467,2355,12,0.002,,1.0,1.0,初回 MMSE［記銘＋注意計算＋復唱＋読字理解＋書字］
M_MMSE部分集合(k=4),初回 MMSE［記銘＋注意計算＋復唱＋読字理解］,MWU（完全並べ替え）,5,9,"9［6, 10］","9［7, 10］",6、8、9、10、10,7、8、8、8、9、10、10、10、10,21.0,0.9000999000999002,-0.067,0.467,2355,12,0.002,,1.0,1.0,初回 MMSE［記銘＋注意計算＋復唱＋書字］
M_MMSE部分集合(k=3),初回 MMSE［記銘＋注意計算＋復唱］,MWU（完全並べ替え）,5,9,"8［5, 9］","8［6, 9］",5、7、8、9、9,6、7、7、7、8、9、9、9、9,21.0,0.9000999000999002,-0.067,0.467,2355,12,0.002,,1.0,1.0,
M_MMSE部分集合(k=6),初回 MMSE［時間見当識＋場所見当識＋注意計算＋遅延再生＋復唱＋読字理解］,MWU（完全並べ替え）,5,9,"15［12, 18］","15［12, 18］",12、14、15、15、18,12、12、14、15、15、15、16、17、18,21.0,0.9005994005994006,-0.067,0.467,2355,12,0.0005,,1.0,1.0,初回 MMSE［時間見当識＋場所見当識＋注意計算＋遅延再生＋復唱＋書字］
M_MMSE部分集合(k=5),初回 MMSE［時間見当識＋場所見当識＋注意計算＋遅延再生＋復唱］,MWU（完全並べ替え）,5,9,"14［11, 17］","14［11, 17］",11、13、14、14、17,11、11、13、14、14、14、15、16、17,21.0,0.9005994005994006,-0.067,0.467,2355,12,0.0005,,1.0,1.0,
M_MMSE部分集合(k=8),初回 MMSE［時間見当識＋場所見当識＋物品呼称＋注意計算＋遅延再生＋復唱＋読字理解＋書字］,MWU（完全並べ替え）,5,9,"18［15, 21］","18［15, 21］",15、17、18、18、21,15、15、17、18、18、18、19、20、21,21.0,0.9005994005994006,-0.067,0.467,2355,12,0.0005,,1.0,1.0,
M_MMSE部分集合(k=7),初回 MMSE［時間見当識＋場所見当識＋物品呼称＋注意計算＋遅延再生＋復唱＋読字理解］,MWU（完全並べ替え）,5,9,"17［14, 20］","17［14, 20］",14、16、17、17、20,14、14、16、17、17、17、18、19、20,21.0,0.9005994005994006,-0.067,0.467,2355,12,0.0005,,1.0,1.0,初回 MMSE［時間見当識＋場所見当識＋物品呼称＋注意計算＋遅延再生＋復唱＋書字］
M_MMSE部分集合(k=6),初回 MMSE［時間見当識＋場所見当識＋物品呼称＋注意計算＋遅延再生＋復唱］,MWU（完全並べ替え）,5,9,"16［13, 19］","16［13, 19］",13、15、16、16、19,13、13、15、16、16、16、17、18、19,21.0,0.9005994005994006,-0.067,0.467,2355,12,0.0005,,1.0,1.0,初回 MMSE［時間見当識＋場所見当識＋注意計算＋遅延再生＋復唱＋読字理解＋書字］
L_固定時点(6か月),6か月 MMSE 時間見当識,MWU（完全並べ替え）,5,9,"4［1, 5］","4［2, 5］",1、2、4、4、5,2、3、3、3、4、4、4、4、5,21.0,0.9010989010989011,-0.067,0.467,2355,13,0.0015,,1.0,1.0,
M_CDR部分集合(k=3),初回 CDR［見当識＋地域社会の活動＋家庭・趣味］,MWU（完全並べ替え）,5,9,"0.5［0, 1.5］","0.5［0, 1.5］",0、0、0.5、1、1.5,0、0、0.5、0.5、0.5、1、1、1、1.5,20.5,0.9020979020979021,-0.089,0.456,1325,14,0.004,,1.0,1.0,初回 CDR［見当識＋地域社会の活動＋家庭・趣味＋身の回りの世話］
M_CDR部分集合(k=4),初回 CDR［記憶＋見当識＋地域社会の活動＋家庭・趣味］,MWU（完全並べ替え）,5,9,"1［0.5, 2］","1［0.5, 2］",0.5、0.5、1、1.5、2,0.5、0.5、1、1、1、1.5、1.5、1.5、2,20.5,0.9020979020979021,-0.089,0.456,1325,14,0.004,,1.0,1.0,初回 CDR［記憶＋見当識＋地域社会の活動＋家庭・趣味＋身の回りの世話］
M_MMSE部分集合(k=6),初回 MMSE［場所見当識＋物品呼称＋遅延再生＋復唱＋3段階命令＋図形模写］,MWU（完全並べ替え）,5,9,"12［10, 13］","12［10, 13］",10、11、12、13、13,10、11、11、11、12、12、12、13、13,24.5,0.9020979020979021,0.089,0.544,1325,14,0.004,,1.0,1.0,初回 MMSE［場所見当識＋遅延再生＋復唱＋読字理解＋3段階命令＋書字＋図形模写］
M_MMSE部分集合(k=7),初回 MMSE［場所見当識＋物品呼称＋遅延再生＋復唱＋読字理解＋3段階命令＋図形模写］,MWU（完全並べ替え）,5,9,"13［11, 14］","13［11, 14］",11、12、13、14、14,11、12、12、12、13、13、13、14、14,24.5,0.9020979020979021,0.089,0.544,1325,14,0.004,,1.0,1.0,初回 MMSE［場所見当識＋物品呼称＋遅延再生＋復唱＋3段階命令＋書字＋図形模写］
M_MMSE部分集合(k=8),初回 MMSE［場所見当識＋物品呼称＋遅延再生＋復唱＋読字理解＋3段階命令＋書字＋図形模写］,MWU（完全並べ替え）,5,9,"14［12, 15］","14［12, 15］",12、13、14、15、15,12、13、13、13、14、14、14、15、15,24.5,0.9020979020979021,0.089,0.544,1325,14,0.004,,1.0,1.0,
M_MMSE部分集合(k=5),初回 MMSE［場所見当識＋遅延再生＋復唱＋3段階命令＋図形模写］,MWU（完全並べ替え）,5,9,"10［8, 11］","10［8, 11］",8、9、10、11、11,8、9、9、9、10、10、10、11、11,24.5,0.9020979020979021,0.089,0.544,1325,14,0.004,,1.0,1.0,
M_MMSE部分集合(k=6),初回 MMSE［場所見当識＋遅延再生＋復唱＋読字理解＋3段階命令＋図形模写］,MWU（完全並べ替え）,5,9,"11［9, 12］","11［9, 12］",9、10、11、12、12,9、10、10、10、11、11、11、12、12,24.5,0.9020979020979021,0.089,0.544,1325,14,0.004,,1.0,1.0,初回 MMSE［場所見当識＋遅延再生＋復唱＋3段階命令＋書字＋図形模写］
M_MMSE部分集合(k=6),初回 MMSE［物品呼称＋記銘＋注意計算＋復唱＋3段階命令＋図形模写］,MWU（完全並べ替え）,5,9,"14［11, 15］","14［12, 15］",11、13、14、15、15,12、13、13、13、14、14、14、15、15,24.0,0.9020979020979021,0.067,0.533,2355,12,0.004,,1.0,1.0,初回 MMSE［記銘＋注意計算＋復唱＋読字理解＋3段階命令＋書字＋図形模写］
M_MMSE部分集合(k=7),初回 MMSE［物品呼称＋記銘＋注意計算＋復唱＋読字理解＋3段階命令＋図形模写］,MWU（完全並べ替え）,5,9,"15［12, 16］","15［13, 16］",12、14、15、16、16,13、14、14、14、15、15、15、16、16,24.0,0.9020979020979021,0.067,0.533,2355,12,0.004,,1.0,1.0,初回 MMSE［物品呼称＋記銘＋注意計算＋復唱＋3段階命令＋書字＋図形模写］
M_MMSE部分集合(k=8),初回 MMSE［物品呼称＋記銘＋注意計算＋復唱＋読字理解＋3段階命令＋書字＋図形模写］,MWU（完全並べ替え）,5,9,"16［13, 17］","16［14, 17］",13、15、16、17、17,14、15、15、15、16、16、16、17、17,24.0,0.9020979020979021,0.067,0.533,2355,12,0.004,,1.0,1.0,
M_MMSE部分集合(k=5),初回 MMSE［記銘＋注意計算＋復唱＋3段階命令＋図形模写］,MWU（完全並べ替え）,5,9,"12［9, 13］","12［10, 13］",9、11、12、13、13,10、11、11、11、12、12、12、13、13,24.0,0.9020979020979021,0.067,0.533,2355,12,0.004,,1.0,1.0,
M_MMSE部分集合(k=6),初回 MMSE［記銘＋注意計算＋復唱＋読字理解＋3段階命令＋図形模写］,MWU（完全並べ替え）,5,9,"13［10, 14］","13［11, 14］",10、12、13、14、14,11、12、12、12、13、13、13、14、14,24.0,0.9020979020979021,0.067,0.533,2355,12,0.004,,1.0,1.0,初回 MMSE［記銘＋注意計算＋復唱＋3段階命令＋書字＋図形模写］
M_MMSE部分集合(k=7),初回 MMSE［場所見当識＋物品呼称＋記銘＋遅延再生＋復唱＋3段階命令＋図形模写］,MWU（完全並べ替え）,5,9,"15［13, 16］","15［13, 16］",13、13、15、16、16,13、13、14、14、15、15、15、16、16,23.5,0.9040959040959041,0.044,0.522,5298,14,0.001,,1.0,1.0,初回 MMSE［場所見当識＋記銘＋遅延再生＋復唱＋読字理解＋3段階命令＋書字＋図形模写］
M_MMSE部分集合(k=8),初回 MMSE［場所見当識＋物品呼称＋記銘＋遅延再生＋復唱＋読字理解＋3段階命令＋図形模写］,MWU（完全並べ替え）,5,9,"16［14, 17］","16［14, 17］",14、14、16、17、17,14、14、15、15、16、16、16、17、17,23.5,0.9040959040959041,0.044,0.522,5298,14,0.001,,1.0,1.0,初回 MMSE［場所見当識＋物品呼称＋記銘＋遅延再生＋復唱＋3段階命令＋書字＋図形模写］
M_MMSE部分集合(k=9),初回 MMSE［場所見当識＋物品呼称＋記銘＋遅延再生＋復唱＋読字理解＋3段階命令＋書字＋図形模写］,MWU（完全並べ替え）,5,9,"17［15, 18］","17［15, 18］",15、15、17、18、18,15、15、16、16、17、17、17、18、18,23.5,0.9040959040959041,0.044,0.522,5298,14,0.001,,1.0,1.0,
M_MMSE部分集合(k=6),初回 MMSE［場所見当識＋記銘＋遅延再生＋復唱＋3段階命令＋図形模写］,MWU（完全並べ替え）,5,9,"13［11, 14］","13［11, 14］",11、11、13、14、14,11、11、12、12、13、13、13、14、14,23.5,0.9040959040959041,0.044,0.522,5298,14,0.001,,1.0,1.0,
M_MMSE部分集合(k=7),初回 MMSE［場所見当識＋記銘＋遅延再生＋復唱＋読字理解＋3段階命令＋図形模写］,MWU（完全並べ替え）,5,9,"14［12, 15］","14［12, 15］",12、12、14、15、15,12、12、13、13、14、14、14、15、15,23.5,0.9040959040959041,0.044,0.522,5298,14,0.001,,1.0,1.0,初回 MMSE［場所見当識＋記銘＋遅延再生＋復唱＋3段階命令＋書字＋図形模写］
M_CDR部分集合(k=2),Δ CDR［地域社会の活動＋家庭・趣味］,MWU（完全並べ替え）,5,9,"0［0, 1.5］","0.5［0, 1］",0、0、0、0.5、1.5,0、0、0、0、0.5、0.5、0.5、1、1,20.5,0.9055944055944056,-0.089,0.456,1325,13,0.003,,1.0,1.0,
E_合成指標,初回 MMSE 見当識計（時間＋場所）,MWU（完全並べ替え）,5,9,"9［6, 10］","9［6, 10］",6、7、9、10、10,6、7、7、8、9、9、9、10、10,24.0,0.9055944055944056,0.067,0.533,2355,13,0.0005,,1.0,1.0,初回 MMSE［時間見当識＋場所見当識］
M_MMSE部分集合(k=5),初回 MMSE［時間見当識＋場所見当識＋物品呼称＋読字理解＋書字］,MWU（完全並べ替え）,5,9,"13［10, 14］","13［10, 14］",10、11、13、14、14,10、11、11、12、13、13、13、14、14,24.0,0.9055944055944056,0.067,0.533,2355,13,0.0005,,1.0,1.0,
M_MMSE部分集合(k=4),初回 MMSE［時間見当識＋場所見当識＋物品呼称＋読字理解］,MWU（完全並べ替え）,5,9,"12［9, 13］","12［9, 13］",9、10、12、13、13,9、10、10、11、12、12、12、13、13,24.0,0.9055944055944056,0.067,0.533,2355,13,0.0005,,1.0,1.0,初回 MMSE［時間見当識＋場所見当識＋物品呼称＋書字］
M_MMSE部分集合(k=3),初回 MMSE［時間見当識＋場所見当識＋物品呼称］,MWU（完全並べ替え）,5,9,"11［8, 12］","11［8, 12］",8、9、11、12、12,8、9、9、10、11、11、11、12、12,24.0,0.9055944055944056,0.067,0.533,2355,13,0.0005,,1.0,1.0,初回 MMSE［時間見当識＋場所見当識＋読字理解＋書字］
M_MMSE部分集合(k=3),初回 MMSE［時間見当識＋場所見当識＋読字理解］,MWU（完全並べ替え）,5,9,"10［7, 11］","10［7, 11］",7、8、10、11、11,7、8、8、9、10、10、10、11、11,24.0,0.9055944055944056,0.067,0.533,2355,13,0.0005,,1.0,1.0,初回 MMSE［時間見当識＋場所見当識＋書字］
M_MMSE部分集合(k=7),初回 MMSE［時間見当識＋物品呼称＋記銘＋注意計算＋遅延再生＋読字理解＋書字］,MWU（完全並べ替え）,5,9,"15［14, 18］","15［13, 20］",14、14、15、16、18,13、13、14、15、15、15、17、17、20,23.5,0.9070929070929071,0.044,0.522,5298,11,0.001,,1.0,1.0,
M_MMSE部分集合(k=6),初回 MMSE［時間見当識＋物品呼称＋記銘＋注意計算＋遅延再生＋読字理解］,MWU（完全並べ替え）,5,9,"14［13, 17］","14［12, 19］",13、13、14、15、17,12、12、13、14、14、14、16、16、19,23.5,0.9070929070929071,0.044,0.522,5298,11,0.001,,1.0,1.0,初回 MMSE［時間見当識＋物品呼称＋記銘＋注意計算＋遅延再生＋書字］
M_MMSE部分集合(k=5),初回 MMSE［時間見当識＋物品呼称＋記銘＋注意計算＋遅延再生］,MWU（完全並べ替え）,5,9,"13［12, 16］","13［11, 18］",12、12、13、14、16,11、11、12、13、13、13、15、15、18,23.5,0.9070929070929071,0.044,0.522,5298,11,0.001,,1.0,1.0,初回 MMSE［時間見当識＋記銘＋注意計算＋遅延再生＋読字理解＋書字］
M_MMSE部分集合(k=5),初回 MMSE［時間見当識＋記銘＋注意計算＋遅延再生＋読字理解］,MWU（完全並べ替え）,5,9,"12［11, 15］","12［10, 17］",11、11、12、13、15,10、10、11、12、12、12、14、14、17,23.5,0.9070929070929071,0.044,0.522,5298,11,0.001,,1.0,1.0,初回 MMSE［時間見当識＋記銘＋注意計算＋遅延再生＋書字］
M_MMSE部分集合(k=4),初回 MMSE［時間見当識＋記銘＋注意計算＋遅延再生］,MWU（完全並べ替え）,5,9,"11［10, 14］","11［9, 16］",10、10、11、12、14,9、9、10、11、11、11、13、13、16,23.5,0.9070929070929071,0.044,0.522,5298,11,0.001,,1.0,1.0,
M2_下位項目の差,初回 MMSE［時間見当識−復唱］,MWU（完全並べ替え）,5,9,"4［2, 4］","3［1, 5］",2、2、4、4、4,1、1、2、2、3、4、4、5、5,24.0,0.9135864135864136,0.067,0.533,2355,13,0.002,,1.0,1.0,
M_MMSE部分集合(k=8),初回 MMSE［時間見当識＋場所見当識＋物品呼称＋記銘＋注意計算＋遅延再生＋復唱＋3段階命令］,MWU（完全並べ替え）,5,9,"21［19, 25］","22［19, 25］",19、21、21、22、25,19、19、21、21、22、22、22、24、25,21.0,0.9140859140859141,-0.067,0.467,2355,13,0.00599,,1.0,1.0,初回 MMSE［時間見当識＋場所見当識＋記銘＋注意計算＋遅延再生＋復唱＋読字理解＋3段階命令＋書字］
M_MMSE部分集合(k=10),初回 MMSE［時間見当識＋場所見当識＋物品呼称＋記銘＋注意計算＋遅延再生＋復唱＋読字理解＋3段階命令＋書字］,MWU（完全並べ替え）,5,9,"23［21, 27］","24［21, 27］",21、23、23、24、27,21、21、23、23、24、24、24、26、27,21.0,0.9140859140859141,-0.067,0.467,2355,13,0.00599,,1.0,1.0,
M_MMSE部分集合(k=9),初回 MMSE［時間見当識＋場所見当識＋物品呼称＋記銘＋注意計算＋遅延再生＋復唱＋読字理解＋3段階命令］,MWU（完全並べ替え）,5,9,"22［20, 26］","23［20, 26］",20、22、22、23、26,20、20、22、22、23、23、23、25、26,21.0,0.9140859140859141,-0.067,0.467,2355,13,0.00599,,1.0,1.0,初回 MMSE［時間見当識＋場所見当識＋物品呼称＋記銘＋注意計算＋遅延再生＋復唱＋3段階命令＋書字］
M_MMSE部分集合(k=7),初回 MMSE［時間見当識＋場所見当識＋記銘＋注意計算＋遅延再生＋復唱＋3段階命令］,MWU（完全並べ替え）,5,9,"19［17, 23］","20［17, 23］",17、19、19、20、23,17、17、19、19、20、20、20、22、23,21.0,0.9140859140859141,-0.067,0.467,2355,13,0.00599,,1.0,1.0,
M_MMSE部分集合(k=8),初回 MMSE［時間見当識＋場所見当識＋記銘＋注意計算＋遅延再生＋復唱＋読字理解＋3段階命令］,MWU（完全並べ替え）,5,9,"20［18, 24］","21［18, 24］",18、20、20、21、24,18、18、20、20、21、21、21、23、24,21.0,0.9140859140859141,-0.067,0.467,2355,13,0.00599,,1.0,1.0,初回 MMSE［時間見当識＋場所見当識＋記銘＋注意計算＋遅延再生＋復唱＋3段階命令＋書字］
M_MMSE部分集合(k=6),追跡時 MMSE［時間見当識＋物品呼称＋記銘＋遅延再生＋復唱＋3段階命令］,MWU（完全並べ替え）,5,9,"13［9, 15］","12［11, 17］",9、11、13、14、15,11、12、12、12、12、12、13、13、17,23.5,0.9165834165834166,0.044,0.522,5298,10,0.0015,,1.0,1.0,追跡時 MMSE［時間見当識＋記銘＋遅延再生＋復唱＋読字理解＋3段階命令＋書字］、追跡時 MMSE［時間見当識＋記銘＋遅延再生＋復唱＋読字理解＋3段階命令＋図形模写］、追跡時 MMSE［時間見当識＋記銘＋遅延再生＋復唱＋3段階命令＋書字＋図形模写］、追跡時 MMSE［時間見当識＋物品呼称＋遅延再生＋復唱＋読字理解＋3段階命令＋書字＋図形模写］
M_MMSE部分集合(k=9),追跡時 MMSE［時間見当識＋物品呼称＋記銘＋遅延再生＋復唱＋読字理解＋3段階命令＋書字＋図形模写］,MWU（完全並べ替え）,5,9,"16［12, 18］","15［14, 20］",12、14、16、17、18,14、15、15、15、15、15、16、16、20,23.5,0.9165834165834166,0.044,0.522,5298,10,0.0015,,1.0,1.0,
M_MMSE部分集合(k=8),追跡時 MMSE［時間見当識＋物品呼称＋記銘＋遅延再生＋復唱＋読字理解＋3段階命令＋書字］,MWU（完全並べ替え）,5,9,"15［11, 17］","14［13, 19］",11、13、15、16、17,13、14、14、14、14、14、15、15、19,23.5,0.9165834165834166,0.044,0.522,5298,10,0.0015,,1.0,1.0,追跡時 MMSE［時間見当識＋物品呼称＋記銘＋遅延再生＋復唱＋読字理解＋3段階命令＋図形模写］、追跡時 MMSE［時間見当識＋物品呼称＋記銘＋遅延再生＋復唱＋3段階命令＋書字＋図形模写］
M_MMSE部分集合(k=7),追跡時 MMSE［時間見当識＋物品呼称＋記銘＋遅延再生＋復唱＋読字理解＋3段階命令］,MWU（完全並べ替え）,5,9,"14［10, 16］","13［12, 18］",10、12、14、15、16,12、13、13、13、13、13、14、14、18,23.5,0.9165834165834166,0.044,0.522,5298,10,0.0015,,1.0,1.0,追跡時 MMSE［時間見当識＋物品呼称＋記銘＋遅延再生＋復唱＋3段階命令＋書字］、追跡時 MMSE［時間見当識＋物品呼称＋記銘＋遅延再生＋復唱＋3段階命令＋図形模写］、追跡時 MMSE［時間見当識＋記銘＋遅延再生＋復唱＋読字理解＋3段階命令＋書字＋図形模写］
M_MMSE部分集合(k=5),追跡時 MMSE［時間見当識＋物品呼称＋遅延再生＋復唱＋3段階命令］,MWU（完全並べ替え）,5,9,"10［6, 12］","9［8, 14］",6、8、10、11、12,8、9、9、9、9、9、10、10、14,23.5,0.9165834165834166,0.044,0.522,5298,10,0.0015,,1.0,1.0,追跡時 MMSE［時間見当識＋遅延再生＋復唱＋読字理解＋3段階命令＋書字］、追跡時 MMSE［時間見当識＋遅延再生＋復唱＋読字理解＋3段階命令＋図形模写］、追跡時 MMSE［時間見当識＋遅延再生＋復唱＋3段階命令＋書字＋図形模写］
M_MMSE部分集合(k=5),追跡時 MMSE［時間見当識＋記銘＋遅延再生＋復唱＋3段階命令］,MWU（完全並べ替え）,5,9,"11［7, 13］","10［9, 15］",7、9、11、12、13,9、10、10、10、10、10、11、11、15,23.5,0.9165834165834166,0.044,0.522,5298,10,0.0015,,1.0,1.0,追跡時 MMSE［時間見当識＋物品呼称＋遅延再生＋復唱＋読字理解＋3段階命令］、追跡時 MMSE［時間見当識＋物品呼称＋遅延再生＋復唱＋3段階命令＋書字］、追跡時 MMSE［時間見当識＋物品呼称＋遅延再生＋復唱＋3段階命令＋図形模写］、追跡時 MMSE［時間見当識＋遅延再生＋復唱＋読字理解＋3段階命令＋書字＋図形模写］
M_MMSE部分集合(k=6),追跡時 MMSE［時間見当識＋記銘＋遅延再生＋復唱＋読字理解＋3段階命令］,MWU（完全並べ替え）,5,9,"12［8, 14］","11［10, 16］",8、10、12、13、14,10、11、11、11、11、11、12、12、16,23.5,0.9165834165834166,0.044,0.522,5298,10,0.0015,,1.0,1.0,追跡時 MMSE［時間見当識＋記銘＋遅延再生＋復唱＋3段階命令＋書字］ ほか4件
M_MMSE部分集合(k=4),追跡時 MMSE［時間見当識＋遅延再生＋復唱＋3段階命令］,MWU（完全並べ替え）,5,9,"8［4, 10］","7［6, 12］",4、6、8、9、10,6、7、7、7、7、7、8、8、12,23.5,0.9165834165834166,0.044,0.522,5298,10,0.0015,,1.0,1.0,
M_MMSE部分集合(k=5),追跡時 MMSE［時間見当識＋遅延再生＋復唱＋読字理解＋3段階命令］,MWU（完全並べ替え）,5,9,"9［5, 11］","8［7, 13］",5、7、9、10、11,7、8、8、8、8、8、9、9、13,23.5,0.9165834165834166,0.044,0.522,5298,10,0.0015,,1.0,1.0,追跡時 MMSE［時間見当識＋遅延再生＋復唱＋3段階命令＋書字］、追跡時 MMSE［時間見当識＋遅延再生＋復唱＋3段階命令＋図形模写］
M_MMSE部分集合(k=4),初回 MMSE［場所見当識＋物品呼称＋遅延再生＋3段階命令］,MWU（完全並べ替え）,5,9,"10［8, 11］","10［8, 12］",8、9、10、11、11,8、9、10、10、10、10、10、11、12,21.5,0.9170829170829171,-0.044,0.478,5298,13,0.00599,,1.0,1.0,初回 MMSE［場所見当識＋遅延再生＋読字理解＋3段階命令＋書字］
M_MMSE部分集合(k=6),初回 MMSE［場所見当識＋物品呼称＋遅延再生＋読字理解＋3段階命令＋書字］,MWU（完全並べ替え）,5,9,"12［10, 13］","12［10, 14］",10、11、12、13、13,10、11、12、12、12、12、12、13、14,21.5,0.9170829170829171,-0.044,0.478,5298,13,0.00599,,1.0,1.0,
M_MMSE部分集合(k=5),初回 MMSE［場所見当識＋物品呼称＋遅延再生＋読字理解＋3段階命令］,MWU（完全並べ替え）,5,9,"11［9, 12］","11［9, 13］",9、10、11、12、12,9、10、11、11、11、11、11、12、13,21.5,0.9170829170829171,-0.044,0.478,5298,13,0.00599,,1.0,1.0,初回 MMSE［場所見当識＋物品呼称＋遅延再生＋3段階命令＋書字］
M_MMSE部分集合(k=3),初回 MMSE［場所見当識＋遅延再生＋3段階命令］,MWU（完全並べ替え）,5,9,"8［6, 9］","8［6, 10］",6、7、8、9、9,6、7、8、8、8、8、8、9、10,21.5,0.9170829170829171,-0.044,0.478,5298,13,0.00599,,1.0,1.0,
M_MMSE部分集合(k=4),初回 MMSE［場所見当識＋遅延再生＋読字理解＋3段階命令］,MWU（完全並べ替え）,5,9,"9［7, 10］","9［7, 11］",7、8、9、10、10,7、8、9、9、9、9、9、10、11,21.5,0.9170829170829171,-0.044,0.478,5298,13,0.00599,,1.0,1.0,初回 MMSE［場所見当識＋遅延再生＋3段階命令＋書字］
M_MMSE部分集合(k=9),追跡時 MMSE［時間見当識＋場所見当識＋物品呼称＋記銘＋遅延再生＋復唱＋読字理解＋書字＋図形模写］,MWU（完全並べ替え）,5,9,"18［14, 20］","17［15, 21］",14、16、18、18、20,15、16、17、17、17、17、18、18、21,23.5,0.9180819180819181,0.044,0.522,5298,10,0.004,,1.0,1.0,
M_MMSE部分集合(k=8),追跡時 MMSE［時間見当識＋場所見当識＋物品呼称＋記銘＋遅延再生＋復唱＋読字理解＋書字］,MWU（完全並べ替え）,5,9,"17［13, 19］","16［14, 20］",13、15、17、17、19,14、15、16、16、16、16、17、17、20,23.5,0.9180819180819181,0.044,0.522,5298,10,0.004,,1.0,1.0,追跡時 MMSE［時間見当識＋場所見当識＋物品呼称＋記銘＋遅延再生＋復唱＋読字理解＋図形模写］、追跡時 MMSE［時間見当識＋場所見当識＋物品呼称＋記銘＋遅延再生＋復唱＋書字＋図形模写］
M_MMSE部分集合(k=7),追跡時 MMSE［時間見当識＋場所見当識＋物品呼称＋記銘＋遅延再生＋復唱＋読字理解］,MWU（完全並べ替え）,5,9,"16［12, 18］","15［13, 19］",12、14、16、16、18,13、14、15、15、15、15、16、16、19,23.5,0.9180819180819181,0.044,0.522,5298,10,0.004,,1.0,1.0,追跡時 MMSE［時間見当識＋場所見当識＋物品呼称＋記銘＋遅延再生＋復唱＋書字］、追跡時 MMSE［時間見当識＋場所見当識＋物品呼称＋記銘＋遅延再生＋復唱＋図形模写］、追跡時 MMSE［時間見当識＋場所見当識＋記銘＋遅延再生＋復唱＋読字理解＋書字＋図形模写］
M_MMSE部分集合(k=6),追跡時 MMSE［時間見当識＋場所見当識＋物品呼称＋記銘＋遅延再生＋復唱］,MWU（完全並べ替え）,5,9,"15［11, 17］","14［12, 18］",11、13、15、15、17,12、13、14、14、14、14、15、15、18,23.5,0.9180819180819181,0.044,0.522,5298,10,0.004,,1.0,1.0,追跡時 MMSE［時間見当識＋場所見当識＋記銘＋遅延再生＋復唱＋読字理解＋書字］、追跡時 MMSE［時間見当識＋場所見当識＋記銘＋遅延再生＋復唱＋読字理解＋図形模写］、追跡時 MMSE［時間見当識＋場所見当識＋記銘＋遅延再生＋復唱＋書字＋図形模写］、追跡時 MMSE［時間見当識＋場所見当識＋物品呼称＋遅延再生＋復唱＋読字理解＋書字＋図形模写］
M_MMSE部分集合(k=5),追跡時 MMSE［時間見当識＋場所見当識＋物品呼称＋遅延再生＋復唱］,MWU（完全並べ替え）,5,9,"12［8, 14］","11［9, 15］",8、10、12、12、14,9、10、11、11、11、11、12、12、15,23.5,0.9180819180819181,0.044,0.522,5298,10,0.004,,1.0,1.0,追跡時 MMSE［時間見当識＋場所見当識＋遅延再生＋復唱＋読字理解＋書字］、追跡時 MMSE［時間見当識＋場所見当識＋遅延再生＋復唱＋読字理解＋図形模写］、追跡時 MMSE［時間見当識＋場所見当識＋遅延再生＋復唱＋書字＋図形模写］
M_MMSE部分集合(k=6),追跡時 MMSE［時間見当識＋場所見当識＋記銘＋遅延再生＋復唱＋読字理解］,MWU（完全並べ替え）,5,9,"14［10, 16］","13［11, 17］",10、12、14、14、16,11、12、13、13、13、13、14、14、17,23.5,0.9180819180819181,0.044,0.522,5298,10,0.004,,1.0,1.0,追跡時 MMSE［時間見当識＋場所見当識＋記銘＋遅延再生＋復唱＋書字］ ほか4件
M_MMSE部分集合(k=5),追跡時 MMSE［時間見当識＋場所見当識＋記銘＋遅延再生＋復唱］,MWU（完全並べ替え）,5,9,"13［9, 15］","12［10, 16］",9、11、13、13、15,10、11、12、12、12、12、13、13、16,23.5,0.9180819180819181,0.044,0.522,5298,10,0.004,,1.0,1.0,追跡時 MMSE［時間見当識＋場所見当識＋物品呼称＋遅延再生＋復唱＋読字理解］、追跡時 MMSE［時間見当識＋場所見当識＋物品呼称＋遅延再生＋復唱＋書字］、追跡時 MMSE［時間見当識＋場所見当識＋物品呼称＋遅延再生＋復唱＋図形模写］、追跡時 MMSE［時間見当識＋場所見当識＋遅延再生＋復唱＋読字理解＋書字＋図形模写］
M_MMSE部分集合(k=5),追跡時 MMSE［時間見当識＋場所見当識＋遅延再生＋復唱＋読字理解］,MWU（完全並べ替え）,5,9,"11［7, 13］","10［8, 14］",7、9、11、11、13,8、9、10、10、10、10、11、11、14,23.5,0.9180819180819181,0.044,0.522,5298,10,0.004,,1.0,1.0,追跡時 MMSE［時間見当識＋場所見当識＋遅延再生＋復唱＋書字］、追跡時 MMSE［時間見当識＋場所見当識＋遅延再生＋復唱＋図形模写］
M_MMSE部分集合(k=4),追跡時 MMSE［時間見当識＋場所見当識＋遅延再生＋復唱］,MWU（完全並べ替え）,5,9,"10［6, 12］","9［7, 13］",6、8、10、10、12,7、8、9、9、9、9、10、10、13,23.5,0.9180819180819181,0.044,0.522,5298,10,0.004,,1.0,1.0,
M_MMSE部分集合(k=6),初回 MMSE［物品呼称＋記銘＋注意計算＋遅延再生＋復唱＋3段階命令］,MWU（完全並べ替え）,5,9,"13［11, 15］","13［11, 16］",11、12、13、15、15,11、12、13、13、13、14、14、14、16,21.5,0.9185814185814186,-0.044,0.478,5298,13,0.0015,,1.0,1.0,初回 MMSE［記銘＋注意計算＋遅延再生＋復唱＋読字理解＋3段階命令＋書字］
M_MMSE部分集合(k=6),初回 MMSE［物品呼称＋記銘＋注意計算＋遅延再生＋復唱＋図形模写］,MWU（完全並べ替え）,5,9,"11［9, 13］","11［9, 14］",9、10、11、13、13,9、10、11、11、11、12、12、12、14,21.5,0.9185814185814186,-0.044,0.478,5298,13,0.0015,,1.0,1.0,初回 MMSE［記銘＋注意計算＋遅延再生＋復唱＋読字理解＋書字＋図形模写］
M_MMSE部分集合(k=8),初回 MMSE［物品呼称＋記銘＋注意計算＋遅延再生＋復唱＋読字理解＋3段階命令＋書字］,MWU（完全並べ替え）,5,9,"15［13, 17］","15［13, 18］",13、14、15、17、17,13、14、15、15、15、16、16、16、18,21.5,0.9185814185814186,-0.044,0.478,5298,13,0.0015,,1.0,1.0,
M_MMSE部分集合(k=7),初回 MMSE［物品呼称＋記銘＋注意計算＋遅延再生＋復唱＋読字理解＋3段階命令］,MWU（完全並べ替え）,5,9,"14［12, 16］","14［12, 17］",12、13、14、16、16,12、13、14、14、14、15、15、15、17,21.5,0.9185814185814186,-0.044,0.478,5298,13,0.0015,,1.0,1.0,初回 MMSE［物品呼称＋記銘＋注意計算＋遅延再生＋復唱＋3段階命令＋書字］
M_MMSE部分集合(k=7),初回 MMSE［物品呼称＋記銘＋注意計算＋遅延再生＋復唱＋読字理解＋図形模写］,MWU（完全並べ替え）,5,9,"12［10, 14］","12［10, 15］",10、11、12、14、14,10、11、12、12、12、13、13、13、15,21.5,0.9185814185814186,-0.044,0.478,5298,13,0.0015,,1.0,1.0,初回 MMSE［物品呼称＋記銘＋注意計算＋遅延再生＋復唱＋書字＋図形模写］
M_MMSE部分集合(k=8),初回 MMSE［物品呼称＋記銘＋注意計算＋遅延再生＋復唱＋読字理解＋書字＋図形模写］,MWU（完全並べ替え）,5,9,"13［11, 15］","13［11, 16］",11、12、13、15、15,11、12、13、13、13、14、14、14、16,21.5,0.9185814185814186,-0.044,0.478,5298,13,0.0015,,1.0,1.0,
M_MMSE部分集合(k=5),初回 MMSE［記銘＋注意計算＋遅延再生＋復唱＋3段階命令］,MWU（完全並べ替え）,5,9,"11［9, 13］","11［9, 14］",9、10、11、13、13,9、10、11、11、11、12、12、12、14,21.5,0.9185814185814186,-0.044,0.478,5298,13,0.0015,,1.0,1.0,
M_MMSE部分集合(k=5),初回 MMSE［記銘＋注意計算＋遅延再生＋復唱＋図形模写］,MWU（完全並べ替え）,5,9,"9［7, 11］","9［7, 12］",7、8、9、11、11,7、8、9、9、9、10、10、10、12,21.5,0.9185814185814186,-0.044,0.478,5298,13,0.0015,,1.0,1.0,
M_MMSE部分集合(k=6),初回 MMSE［記銘＋注意計算＋遅延再生＋復唱＋読字理解＋3段階命令］,MWU（完全並べ替え）,5,9,"12［10, 14］","12［10, 15］",10、11、12、14、14,10、11、12、12、12、13、13、13、15,21.5,0.9185814185814186,-0.044,0.478,5298,13,0.0015,,1.0,1.0,初回 MMSE［記銘＋注意計算＋遅延再生＋復唱＋3段階命令＋書字］
M_MMSE部分集合(k=6),初回 MMSE［記銘＋注意計算＋遅延再生＋復唱＋読字理解＋図形模写］,MWU（完全並べ替え）,5,9,"10［8, 12］","10［8, 13］",8、9、10、12、12,8、9、10、10、10、11、11、11、13,21.5,0.9185814185814186,-0.044,0.478,5298,13,0.0015,,1.0,1.0,初回 MMSE［記銘＋注意計算＋遅延再生＋復唱＋書字＋図形模写］
M_CDR部分集合(k=3),Δ CDR［見当識＋地域社会の活動＋身の回りの世話］,MWU（完全並べ替え）,5,9,"0.5［0, 1］","0.5［0, 1.5］",0、0、0.5、0.5、1,0、0、0、0、0.5、0.5、1、1、1.5,21.0,0.922077922077922,-0.067,0.467,2355,13,0.002,,1.0,1.0,
M_MMSE部分集合(k=2),追跡時 MMSE［時間見当識＋3段階命令］,MWU（完全並べ替え）,5,9,"7［3, 8］","6［5, 8］",3、5、7、8、8,5、6、6、6、6、7、7、7、8,24.0,0.9240759240759241,0.067,0.533,2355,13,0.00599,,1.0,1.0,
M_MMSE部分集合(k=3),追跡時 MMSE［時間見当識＋復唱＋読字理解］,MWU（完全並べ替え）,5,9,"6［2, 7］","5［4, 7］",2、4、6、7、7,4、5、5、5、5、6、6、6、7,24.0,0.9240759240759241,0.067,0.533,2355,13,0.00599,,1.0,1.0,追跡時 MMSE［時間見当識＋復唱＋書字］、追跡時 MMSE［時間見当識＋復唱＋図形模写］
M_MMSE部分集合(k=2),追跡時 MMSE［時間見当識＋復唱］,MWU（完全並べ替え）,5,9,"5［1, 6］","4［3, 6］",1、3、5、6、6,3、4、4、4、4、5、5、5、6,24.0,0.9240759240759241,0.067,0.533,2355,13,0.00599,,1.0,1.0,
M_MMSE部分集合(k=3),追跡時 MMSE［時間見当識＋物品呼称＋3段階命令］,MWU（完全並べ替え）,5,9,"9［5, 10］","8［7, 10］",5、7、9、10、10,7、8、8、8、8、9、9、9、10,24.0,0.9240759240759241,0.067,0.533,2355,13,0.00599,,1.0,1.0,追跡時 MMSE［時間見当識＋読字理解＋3段階命令＋書字］、追跡時 MMSE［時間見当識＋読字理解＋3段階命令＋図形模写］、追跡時 MMSE［時間見当識＋3段階命令＋書字＋図形模写］
M_MMSE部分集合(k=3),追跡時 MMSE［時間見当識＋物品呼称＋復唱］,MWU（完全並べ替え）,5,9,"7［3, 8］","6［5, 8］",3、5、7、8、8,5、6、6、6、6、7、7、7、8,24.0,0.9240759240759241,0.067,0.533,2355,13,0.00599,,1.0,1.0,追跡時 MMSE［時間見当識＋復唱＋読字理解＋書字］、追跡時 MMSE［時間見当識＋復唱＋読字理解＋図形模写］、追跡時 MMSE［時間見当識＋復唱＋書字＋図形模写］
M_MMSE部分集合(k=4),追跡時 MMSE［時間見当識＋物品呼称＋記銘＋3段階命令］,MWU（完全並べ替え）,5,9,"12［8, 13］","11［10, 13］",8、10、12、13、13,10、11、11、11、11、12、12、12、13,24.0,0.9240759240759241,0.067,0.533,2355,13,0.00599,,1.0,1.0,追跡時 MMSE［時間見当識＋記銘＋読字理解＋3段階命令＋書字］、追跡時 MMSE［時間見当識＋記銘＋読字理解＋3段階命令＋図形模写］、追跡時 MMSE［時間見当識＋記銘＋3段階命令＋書字＋図形模写］、追跡時 MMSE［時間見当識＋物品呼称＋読字理解＋3段階命令＋書字＋図形模写］
M_MMSE部分集合(k=7),追跡時 MMSE［時間見当識＋物品呼称＋記銘＋復唱＋読字理解＋書字＋図形模写］,MWU（完全並べ替え）,5,9,"13［9, 14］","12［11, 14］",9、11、13、14、14,11、12、12、12、12、13、13、13、14,24.0,0.9240759240759241,0.067,0.533,2355,13,0.00599,,1.0,1.0,
M_MMSE部分集合(k=6),追跡時 MMSE［時間見当識＋物品呼称＋記銘＋復唱＋読字理解＋書字］,MWU（完全並べ替え）,5,9,"12［8, 13］","11［10, 13］",8、10、12、13、13,10、11、11、11、11、12、12、12、13,24.0,0.9240759240759241,0.067,0.533,2355,13,0.00599,,1.0,1.0,追跡時 MMSE［時間見当識＋物品呼称＋記銘＋復唱＋読字理解＋図形模写］、追跡時 MMSE［時間見当識＋物品呼称＋記銘＋復唱＋書字＋図形模写］
M_MMSE部分集合(k=5),追跡時 MMSE［時間見当識＋物品呼称＋記銘＋復唱＋読字理解］,MWU（完全並べ替え）,5,9,"11［7, 12］","10［9, 12］",7、9、11、12、12,9、10、10、10、10、11、11、11、12,24.0,0.9240759240759241,0.067,0.533,2355,13,0.00599,,1.0,1.0,追跡時 MMSE［時間見当識＋物品呼称＋記銘＋復唱＋書字］、追跡時 MMSE［時間見当識＋物品呼称＋記銘＋復唱＋図形模写］、追跡時 MMSE［時間見当識＋記銘＋復唱＋読字理解＋書字＋図形模写］
M_MMSE部分集合(k=4),追跡時 MMSE［時間見当識＋物品呼称＋記銘＋復唱］,MWU（完全並べ替え）,5,9,"10［6, 11］","9［8, 11］",6、8、10、11、11,8、9、9、9、9、10、10、10、11,24.0,0.9240759240759241,0.067,0.533,2355,13,0.00599,,1.0,1.0,追跡時 MMSE［時間見当識＋記銘＋復唱＋読字理解＋書字］、追跡時 MMSE［時間見当識＋記銘＋復唱＋読字理解＋図形模写］、追跡時 MMSE［時間見当識＋記銘＋復唱＋書字＋図形模写］、追跡時 MMSE［時間見当識＋物品呼称＋復唱＋読字理解＋書字＋図形模写］
M_MMSE部分集合(k=7),追跡時 MMSE［時間見当識＋物品呼称＋記銘＋読字理解＋3段階命令＋書字＋図形模写］,MWU（完全並べ替え）,5,9,"15［11, 16］","14［13, 16］",11、13、15、16、16,13、14、14、14、14、15、15、15、16,24.0,0.9240759240759241,0.067,0.533,2355,13,0.00599,,1.0,1.0,
M_MMSE部分集合(k=6),追跡時 MMSE［時間見当識＋物品呼称＋記銘＋読字理解＋3段階命令＋書字］,MWU（完全並べ替え）,5,9,"14［10, 15］","13［12, 15］",10、12、14、15、15,12、13、13、13、13、14、14、14、15,24.0,0.9240759240759241,0.067,0.533,2355,13,0.00599,,1.0,1.0,追跡時 MMSE［時間見当識＋物品呼称＋記銘＋読字理解＋3段階命令＋図形模写］、追跡時 MMSE［時間見当識＋物品呼称＋記銘＋3段階命令＋書字＋図形模写］
M_MMSE部分集合(k=5),追跡時 MMSE［時間見当識＋物品呼称＋記銘＋読字理解＋3段階命令］,MWU（完全並べ替え）,5,9,"13［9, 14］","12［11, 14］",9、11、13、14、14,11、12、12、12、12、13、13、13、14,24.0,0.9240759240759241,0.067,0.533,2355,13,0.00599,,1.0,1.0,追跡時 MMSE［時間見当識＋物品呼称＋記銘＋3段階命令＋書字］、追跡時 MMSE［時間見当識＋物品呼称＋記銘＋3段階命令＋図形模写］、追跡時 MMSE［時間見当識＋記銘＋読字理解＋3段階命令＋書字＋図形模写］
M_MMSE部分集合(k=3),追跡時 MMSE［時間見当識＋記銘＋3段階命令］,MWU（完全並べ替え）,5,9,"10［6, 11］","9［8, 11］",6、8、10、11、11,8、9、9、9、9、10、10、10、11,24.0,0.9240759240759241,0.067,0.533,2355,13,0.00599,,1.0,1.0,追跡時 MMSE［時間見当識＋物品呼称＋読字理解＋3段階命令］、追跡時 MMSE［時間見当識＋物品呼称＋3段階命令＋書字］、追跡時 MMSE［時間見当識＋物品呼称＋3段階命令＋図形模写］、追跡時 MMSE［時間見当識＋読字理解＋3段階命令＋書字＋図形模写］
M_MMSE部分集合(k=4),追跡時 MMSE［時間見当識＋記銘＋復唱＋読字理解］,MWU（完全並べ替え）,5,9,"9［5, 10］","8［7, 10］",5、7、9、10、10,7、8、8、8、8、9、9、9、10,24.0,0.9240759240759241,0.067,0.533,2355,13,0.00599,,1.0,1.0,追跡時 MMSE［時間見当識＋記銘＋復唱＋書字］ ほか4件
M_MMSE部分集合(k=3),追跡時 MMSE［時間見当識＋記銘＋復唱］,MWU（完全並べ替え）,5,9,"8［4, 9］","7［6, 9］",4、6、8、9、9,6、7、7、7、7、8、8、8、9,24.0,0.9240759240759241,0.067,0.533,2355,13,0.00599,,1.0,1.0,追跡時 MMSE［時間見当識＋物品呼称＋復唱＋読字理解］、追跡時 MMSE［時間見当識＋物品呼称＋復唱＋書字］、追跡時 MMSE［時間見当識＋物品呼称＋復唱＋図形模写］、追跡時 MMSE［時間見当識＋復唱＋読字理解＋書字＋図形模写］
M_MMSE部分集合(k=4),追跡時 MMSE［時間見当識＋記銘＋読字理解＋3段階命令］,MWU（完全並べ替え）,5,9,"11［7, 12］","10［9, 12］",7、9、11、12、12,9、10、10、10、10、11、11、11、12,24.0,0.9240759240759241,0.067,0.533,2355,13,0.00599,,1.0,1.0,追跡時 MMSE［時間見当識＋記銘＋3段階命令＋書字］ ほか4件
M_MMSE部分集合(k=3),追跡時 MMSE［時間見当識＋読字理解＋3段階命令］,MWU（完全並べ替え）,5,9,"8［4, 9］","7［6, 9］",4、6、8、9、9,6、7、7、7、7、8、8、8、9,24.0,0.9240759240759241,0.067,0.533,2355,13,0.00599,,1.0,1.0,追跡時 MMSE［時間見当識＋3段階命令＋書字］、追跡時 MMSE［時間見当識＋3段階命令＋図形模写］
M_CDR部分集合(k=4),Δ CDR［見当識＋判断力・問題解決＋家庭・趣味＋身の回りの世話］,MWU（完全並べ替え）,5,9,"0.5［0, 1.5］","0.5［0, 1.5］",0、0.5、0.5、0.5、1.5,0、0、0、0.5、0.5、0.5、1、1、1.5,23.5,0.9250749250749251,0.044,0.522,5298,14,0.00599,,1.0,1.0,
M_MMSE部分集合(k=5),Δ MMSE［時間見当識＋記銘＋注意計算＋復唱＋図形模写］,MWU（完全並べ替え）,5,9,"-1［-2, 3］","0［-4, 3］",-2、-1、-1、1、3,-4、-1、-1、-1、0、0、1、1、3,21.5,0.9250749250749251,-0.044,0.478,5298,12,0.0005,,1.0,1.0,Δ MMSE［時間見当識＋物品呼称＋記銘＋注意計算＋復唱＋図形模写］ ほか14件
M_MMSE部分集合(k=8),初回 MMSE［時間見当識＋場所見当識＋物品呼称＋記銘＋注意計算＋遅延再生＋復唱＋図形模写］,MWU（完全並べ替え）,5,9,"19［17, 23］","20［17, 23］",17、19、19、20、23,17、17、18、19、20、20、21、22、23,21.5,0.9250749250749251,-0.044,0.478,5298,11,0.003,,1.0,1.0,初回 MMSE［時間見当識＋場所見当識＋記銘＋注意計算＋遅延再生＋復唱＋読字理解＋書字＋図形模写］
M_MMSE部分集合(k=9),初回 MMSE［時間見当識＋場所見当識＋物品呼称＋記銘＋注意計算＋遅延再生＋復唱＋読字理解＋図形模写］,MWU（完全並べ替え）,5,9,"20［18, 24］","21［18, 24］",18、20、20、21、24,18、18、19、20、21、21、22、23、24,21.5,0.9250749250749251,-0.044,0.478,5298,11,0.003,,1.0,1.0,初回 MMSE［時間見当識＋場所見当識＋物品呼称＋記銘＋注意計算＋遅延再生＋復唱＋書字＋図形模写］
M_MMSE部分集合(k=10),初回 MMSE［時間見当識＋場所見当識＋物品呼称＋記銘＋注意計算＋遅延再生＋復唱＋読字理解＋書字＋図形模写］,MWU（完全並べ替え）,5,9,"21［19, 25］","22［19, 25］",19、21、21、22、25,19、19、20、21、22、22、23、24、25,21.5,0.9250749250749251,-0.044,0.478,5298,11,0.003,,1.0,1.0,
M_MMSE部分集合(k=7),初回 MMSE［時間見当識＋場所見当識＋記銘＋注意計算＋遅延再生＋復唱＋図形模写］,MWU（完全並べ替え）,5,9,"17［15, 21］","18［15, 21］",15、17、17、18、21,15、15、16、17、18、18、19、20、21,21.5,0.9250749250749251,-0.044,0.478,5298,11,0.003,,1.0,1.0,
M_MMSE部分集合(k=8),初回 MMSE［時間見当識＋場所見当識＋記銘＋注意計算＋遅延再生＋復唱＋読字理解＋図形模写］,MWU（完全並べ替え）,5,9,"18［16, 22］","19［16, 22］",16、18、18、19、22,16、16、17、18、19、19、20、21、22,21.5,0.9250749250749251,-0.044,0.478,5298,11,0.003,,1.0,1.0,初回 MMSE［時間見当識＋場所見当識＋記銘＋注意計算＋遅延再生＋復唱＋書字＋図形模写］
M_MMSE部分集合(k=3),初回 MMSE［注意計算＋3段階命令＋図形模写］,MWU（完全並べ替え）,5,9,"8［5, 9］","8［7, 9］",5、8、8、9、9,7、7、7、8、8、8、9、9、9,24.0,0.9250749250749251,0.067,0.533,2355,13,0.0005,,1.0,1.0,
M_MMSE部分集合(k=4),初回 MMSE［注意計算＋読字理解＋3段階命令＋図形模写］,MWU（完全並べ替え）,5,9,"9［6, 10］","9［8, 10］",6、9、9、10、10,8、8、8、9、9、9、10、10、10,24.0,0.9250749250749251,0.067,0.533,2355,13,0.0005,,1.0,1.0,初回 MMSE［注意計算＋3段階命令＋書字＋図形模写］
M_MMSE部分集合(k=4),初回 MMSE［物品呼称＋注意計算＋3段階命令＋図形模写］,MWU（完全並べ替え）,5,9,"10［7, 11］","10［9, 11］",7、10、10、11、11,9、9、9、10、10、10、11、11、11,24.0,0.9250749250749251,0.067,0.533,2355,13,0.0005,,1.0,1.0,初回 MMSE［注意計算＋読字理解＋3段階命令＋書字＋図形模写］
M_MMSE部分集合(k=5),初回 MMSE［物品呼称＋注意計算＋読字理解＋3段階命令＋図形模写］,MWU（完全並べ替え）,5,9,"11［8, 12］","11［10, 12］",8、11、11、12、12,10、10、10、11、11、11、12、12、12,24.0,0.9250749250749251,0.067,0.533,2355,13,0.0005,,1.0,1.0,初回 MMSE［物品呼称＋注意計算＋3段階命令＋書字＋図形模写］
M_MMSE部分集合(k=6),初回 MMSE［物品呼称＋注意計算＋読字理解＋3段階命令＋書字＋図形模写］,MWU（完全並べ替え）,5,9,"12［9, 13］","12［11, 13］",9、12、12、13、13,11、11、11、12、12、12、13、13、13,24.0,0.9250749250749251,0.067,0.533,2355,13,0.0005,,1.0,1.0,
B_追跡時値,追跡時 MMSE 時間見当識,MWU（完全並べ替え）,5,9,"4［0, 5］","4［2, 5］",0、2、4、5、5,2、3、3、3、4、4、4、4、5,23.5,0.9255744255744256,0.044,0.522,5298,13,0.0015,,1.0,1.0,追跡時 MMSE［時間見当識］
M_MMSE部分集合(k=6),追跡時 MMSE［時間見当識＋物品呼称＋記銘＋読字理解＋書字＋図形模写］,MWU（完全並べ替え）,5,9,"12［8, 13］","12［10, 13］",8、10、12、13、13,10、11、11、11、12、12、12、12、13,23.5,0.9255744255744256,0.044,0.522,5298,13,0.0015,,1.0,1.0,
M_MMSE部分集合(k=5),追跡時 MMSE［時間見当識＋物品呼称＋記銘＋読字理解＋書字］,MWU（完全並べ替え）,5,9,"11［7, 12］","11［9, 12］",7、9、11、12、12,9、10、10、10、11、11、11、11、12,23.5,0.9255744255744256,0.044,0.522,5298,13,0.0015,,1.0,1.0,追跡時 MMSE［時間見当識＋物品呼称＋記銘＋読字理解＋図形模写］、追跡時 MMSE［時間見当識＋物品呼称＋記銘＋書字＋図形模写］
M_MMSE部分集合(k=4),追跡時 MMSE［時間見当識＋物品呼称＋記銘＋読字理解］,MWU（完全並べ替え）,5,9,"10［6, 11］","10［8, 11］",6、8、10、11、11,8、9、9、9、10、10、10、10、11,23.5,0.9255744255744256,0.044,0.522,5298,13,0.0015,,1.0,1.0,追跡時 MMSE［時間見当識＋物品呼称＋記銘＋書字］、追跡時 MMSE［時間見当識＋物品呼称＋記銘＋図形模写］、追跡時 MMSE［時間見当識＋記銘＋読字理解＋書字＋図形模写］
M_MMSE部分集合(k=3),追跡時 MMSE［時間見当識＋物品呼称＋記銘］,MWU（完全並べ替え）,5,9,"9［5, 10］","9［7, 10］",5、7、9、10、10,7、8、8、8、9、9、9、9、10,23.5,0.9255744255744256,0.044,0.522,5298,13,0.0015,,1.0,1.0,追跡時 MMSE［時間見当識＋記銘＋読字理解＋書字］、追跡時 MMSE［時間見当識＋記銘＋読字理解＋図形模写］、追跡時 MMSE［時間見当識＋記銘＋書字＋図形模写］、追跡時 MMSE［時間見当識＋物品呼称＋読字理解＋書字＋図形模写］
M_MMSE部分集合(k=2),追跡時 MMSE［時間見当識＋物品呼称］,MWU（完全並べ替え）,5,9,"6［2, 7］","6［4, 7］",2、4、6、7、7,4、5、5、5、6、6、6、6、7,23.5,0.9255744255744256,0.044,0.522,5298,13,0.0015,,1.0,1.0,追跡時 MMSE［時間見当識＋読字理解＋書字］、追跡時 MMSE［時間見当識＋読字理解＋図形模写］、追跡時 MMSE［時間見当識＋書字＋図形模写］
M_MMSE部分集合(k=3),追跡時 MMSE［時間見当識＋記銘＋読字理解］,MWU（完全並べ替え）,5,9,"8［4, 9］","8［6, 9］",4、6、8、9、9,6、7、7、7、8、8、8、8、9,23.5,0.9255744255744256,0.044,0.522,5298,13,0.0015,,1.0,1.0,追跡時 MMSE［時間見当識＋記銘＋書字］ ほか4件
M_MMSE部分集合(k=2),追跡時 MMSE［時間見当識＋記銘］,MWU（完全並べ替え）,5,9,"7［3, 8］","7［5, 8］",3、5、7、8、8,5、6、6、6、7、7、7、7、8,23.5,0.9255744255744256,0.044,0.522,5298,13,0.0015,,1.0,1.0,追跡時 MMSE［時間見当識＋物品呼称＋読字理解］、追跡時 MMSE［時間見当識＋物品呼称＋書字］、追跡時 MMSE［時間見当識＋物品呼称＋図形模写］、追跡時 MMSE［時間見当識＋読字理解＋書字＋図形模写］
M_MMSE部分集合(k=2),追跡時 MMSE［時間見当識＋読字理解］,MWU（完全並べ替え）,5,9,"5［1, 6］","5［3, 6］",1、3、5、6、6,3、4、4、4、5、5、5、5、6,23.5,0.9255744255744256,0.044,0.522,5298,13,0.0015,,1.0,1.0,追跡時 MMSE［時間見当識＋書字］、追跡時 MMSE［時間見当識＋図形模写］
P_方向の組合せ,悪化したCDR領域の数,MWU（完全並べ替え）,5,9,"1［0, 4］","2［0, 4］",0、1、1、2、4,0、0、0、1、2、2、3、4、4,21.5,0.9265734265734266,-0.044,0.478,5298,13,0.003,,1.0,1.0,
L_固定時点(6か月),6か月 ΔMMSE合計,MWU（完全並べ替え）,5,9,"-1［-2, 5］","0［-3, 3］",-2、-1、-1、-1、5,-3、-2、-2、-1、0、1、1、2、3,21.5,0.9270729270729271,-0.044,0.478,5298,9,0.0005,,1.0,1.0,
M_MMSE部分集合(k=6),初回 MMSE［時間見当識＋場所見当識＋注意計算＋遅延再生＋復唱＋図形模写］,MWU（完全並べ替え）,5,9,"15［12, 18］","15［12, 18］",12、14、15、15、18,12、12、13、15、15、15、16、17、18,21.5,0.9310689310689311,-0.044,0.478,5298,10,0.0005,,1.0,1.0,
M_MMSE部分集合(k=7),初回 MMSE［時間見当識＋場所見当識＋注意計算＋遅延再生＋復唱＋読字理解＋図形模写］,MWU（完全並べ替え）,5,9,"16［13, 19］","16［13, 19］",13、15、16、16、19,13、13、14、16、16、16、17、18、19,21.5,0.9310689310689311,-0.044,0.478,5298,10,0.0005,,1.0,1.0,初回 MMSE［時間見当識＋場所見当識＋注意計算＋遅延再生＋復唱＋書字＋図形模写］
M_MMSE部分集合(k=7),初回 MMSE［時間見当識＋場所見当識＋物品呼称＋注意計算＋遅延再生＋復唱＋図形模写］,MWU（完全並べ替え）,5,9,"17［14, 20］","17［14, 20］",14、16、17、17、20,14、14、15、17、17、17、18、19、20,21.5,0.9310689310689311,-0.044,0.478,5298,10,0.0005,,1.0,1.0,初回 MMSE［時間見当識＋場所見当識＋注意計算＋遅延再生＋復唱＋読字理解＋書字＋図形模写］
M_MMSE部分集合(k=8),初回 MMSE［時間見当識＋場所見当識＋物品呼称＋注意計算＋遅延再生＋復唱＋読字理解＋図形模写］,MWU（完全並べ替え）,5,9,"18［15, 21］","18［15, 21］",15、17、18、18、21,15、15、16、18、18、18、19、20、21,21.5,0.9310689310689311,-0.044,0.478,5298,10,0.0005,,1.0,1.0,初回 MMSE［時間見当識＋場所見当識＋物品呼称＋注意計算＋遅延再生＋復唱＋書字＋図形模写］
M_MMSE部分集合(k=9),初回 MMSE［時間見当識＋場所見当識＋物品呼称＋注意計算＋遅延再生＋復唱＋読字理解＋書字＋図形模写］,MWU（完全並べ替え）,5,9,"19［16, 22］","19［16, 22］",16、18、19、19、22,16、16、17、19、19、19、20、21、22,21.5,0.9310689310689311,-0.044,0.478,5298,10,0.0005,,1.0,1.0,
M_MMSE部分集合(k=5),Δ MMSE［時間見当識＋場所見当識＋記銘＋復唱＋図形模写］,MWU（完全並べ替え）,5,9,"0［-1, 1］","0［-2, 3］",-1、-1、0、0、1,-2、-1、-1、-1、0、0、1、2、3,21.5,0.9335664335664335,-0.044,0.478,5298,11,0.002,,1.0,1.0,Δ MMSE［時間見当識＋場所見当識＋物品呼称＋記銘＋復唱＋図形模写］ ほか14件
M_CDR部分集合(k=3),追跡時 CDR［記憶＋見当識＋身の回りの世話］,MWU（完全並べ替え）,5,9,"1［0.5, 2］","1［0.5, 2］",0.5、1、1、1.5、2,0.5、1、1、1、1、1.5、1.5、1.5、2,21.5,0.9340659340659341,-0.044,0.478,5298,14,0.002,,1.0,1.0,
M_MMSE部分集合(k=5),初回 MMSE［時間見当識＋場所見当識＋注意計算＋復唱＋図形模写］,MWU（完全並べ替え）,5,9,"14［12, 17］","15［11, 17］",12、13、14、15、17,11、12、13、14、15、15、15、16、17,21.5,0.9375624375624375,-0.044,0.478,5298,12,0.0005,,1.0,1.0,
M_MMSE部分集合(k=6),初回 MMSE［時間見当識＋場所見当識＋注意計算＋復唱＋読字理解＋図形模写］,MWU（完全並べ替え）,5,9,"15［13, 18］","16［12, 18］",13、14、15、16、18,12、13、14、15、16、16、16、17、18,21.5,0.9375624375624375,-0.044,0.478,5298,12,0.0005,,1.0,1.0,初回 MMSE［時間見当識＋場所見当識＋注意計算＋復唱＋書字＋図形模写］
M_MMSE部分集合(k=6),初回 MMSE［時間見当識＋場所見当識＋物品呼称＋注意計算＋復唱＋図形模写］,MWU（完全並べ替え）,5,9,"16［14, 19］","17［13, 19］",14、15、16、17、19,13、14、15、16、17、17、17、18、19,21.5,0.9375624375624375,-0.044,0.478,5298,12,0.0005,,1.0,1.0,初回 MMSE［時間見当識＋場所見当識＋注意計算＋復唱＋読字理解＋書字＋図形模写］
M_MMSE部分集合(k=7),初回 MMSE［時間見当識＋場所見当識＋物品呼称＋注意計算＋復唱＋読字理解＋図形模写］,MWU（完全並べ替え）,5,9,"17［15, 20］","18［14, 20］",15、16、17、18、20,14、15、16、17、18、18、18、19、20,21.5,0.9375624375624375,-0.044,0.478,5298,12,0.0005,,1.0,1.0,初回 MMSE［時間見当識＋場所見当識＋物品呼称＋注意計算＋復唱＋書字＋図形模写］
M_MMSE部分集合(k=8),初回 MMSE［時間見当識＋場所見当識＋物品呼称＋注意計算＋復唱＋読字理解＋書字＋図形模写］,MWU（完全並べ替え）,5,9,"18［16, 21］","19［15, 21］",16、17、18、19、21,15、16、17、18、19、19、19、20、21,21.5,0.9375624375624375,-0.044,0.478,5298,12,0.0005,,1.0,1.0,
M_MMSE部分集合(k=5),初回 MMSE［時間見当識＋場所見当識＋物品呼称＋記銘＋3段階命令］,MWU（完全並べ替え）,5,9,"16［14, 18］","16［14, 18］",14、15、16、18、18,14、15、15、16、16、17、17、17、18,23.5,0.9385614385614386,0.044,0.522,5298,14,0.0005,,1.0,1.0,初回 MMSE［時間見当識＋場所見当識＋記銘＋読字理解＋3段階命令＋書字］
M_MMSE部分集合(k=7),初回 MMSE［時間見当識＋場所見当識＋物品呼称＋記銘＋読字理解＋3段階命令＋書字］,MWU（完全並べ替え）,5,9,"18［16, 20］","18［16, 20］",16、17、18、20、20,16、17、17、18、18、19、19、19、20,23.5,0.9385614385614386,0.044,0.522,5298,14,0.0005,,1.0,1.0,
M_MMSE部分集合(k=6),初回 MMSE［時間見当識＋場所見当識＋物品呼称＋記銘＋読字理解＋3段階命令］,MWU（完全並べ替え）,5,9,"17［15, 19］","17［15, 19］",15、16、17、19、19,15、16、16、17、17、18、18、18、19,23.5,0.9385614385614386,0.044,0.522,5298,14,0.0005,,1.0,1.0,初回 MMSE［時間見当識＋場所見当識＋物品呼称＋記銘＋3段階命令＋書字］
M_MMSE部分集合(k=4),初回 MMSE［時間見当識＋場所見当識＋記銘＋3段階命令］,MWU（完全並べ替え）,5,9,"14［12, 16］","14［12, 16］",12、13、14、16、16,12、13、13、14、14、15、15、15、16,23.5,0.9385614385614386,0.044,0.522,5298,14,0.0005,,1.0,1.0,
M_MMSE部分集合(k=5),初回 MMSE［時間見当識＋場所見当識＋記銘＋読字理解＋3段階命令］,MWU（完全並べ替え）,5,9,"15［13, 17］","15［13, 17］",13、14、15、17、17,13、14、14、15、15、16、16、16、17,23.5,0.9385614385614386,0.044,0.522,5298,14,0.0005,,1.0,1.0,初回 MMSE［時間見当識＋場所見当識＋記銘＋3段階命令＋書字］
M_CDR部分集合(k=4),Δ CDR［記憶＋判断力・問題解決＋地域社会の活動＋家庭・趣味］,MWU（完全並べ替え）,5,9,"0.5［0, 2］","0.5［0, 2］",0、0、0.5、0.5、2,0、0、0、0、0.5、1、1、1.5、2,21.5,0.939060939060939,-0.044,0.478,5298,13,0.0005,,1.0,1.0,
M_MMSE部分集合(k=6),初回 MMSE［時間見当識＋場所見当識＋物品呼称＋記銘＋遅延再生＋図形模写］,MWU（完全並べ替え）,5,9,"14［12, 17］","15［12, 18］",12、14、14、17、17,12、13、13、14、15、15、16、16、18,23.5,0.9405594405594405,0.044,0.522,5298,13,0.0005,,1.0,1.0,初回 MMSE［時間見当識＋場所見当識＋記銘＋遅延再生＋読字理解＋書字＋図形模写］
M_MMSE部分集合(k=7),初回 MMSE［時間見当識＋場所見当識＋物品呼称＋記銘＋遅延再生＋読字理解＋図形模写］,MWU（完全並べ替え）,5,9,"15［13, 18］","16［13, 19］",13、15、15、18、18,13、14、14、15、16、16、17、17、19,23.5,0.9405594405594405,0.044,0.522,5298,13,0.0005,,1.0,1.0,初回 MMSE［時間見当識＋場所見当識＋物品呼称＋記銘＋遅延再生＋書字＋図形模写］
M_MMSE部分集合(k=8),初回 MMSE［時間見当識＋場所見当識＋物品呼称＋記銘＋遅延再生＋読字理解＋書字＋図形模写］,MWU（完全並べ替え）,5,9,"16［14, 19］","17［14, 20］",14、16、16、19、19,14、15、15、16、17、17、18、18、20,23.5,0.9405594405594405,0.044,0.522,5298,13,0.0005,,1.0,1.0,
M_MMSE部分集合(k=5),初回 MMSE［時間見当識＋場所見当識＋記銘＋遅延再生＋図形模写］,MWU（完全並べ替え）,5,9,"12［10, 15］","13［10, 16］",10、12、12、15、15,10、11、11、12、13、13、14、14、16,23.5,0.9405594405594405,0.044,0.522,5298,13,0.0005,,1.0,1.0,
M_MMSE部分集合(k=6),初回 MMSE［時間見当識＋場所見当識＋記銘＋遅延再生＋読字理解＋図形模写］,MWU（完全並べ替え）,5,9,"13［11, 16］","14［11, 17］",11、13、13、16、16,11、12、12、13、14、14、15、15、17,23.5,0.9405594405594405,0.044,0.522,5298,13,0.0005,,1.0,1.0,初回 MMSE［時間見当識＋場所見当識＋記銘＋遅延再生＋書字＋図形模写］
M_MMSE部分集合(k=6),初回 MMSE［時間見当識＋場所見当識＋物品呼称＋記銘＋読字理解＋書字］,MWU（完全並べ替え）,5,9,"15［13, 17］","16［13, 17］",13、14、15、17、17,13、14、14、15、16、16、16、16、17,23.0,0.9460539460539461,0.022,0.511,21192,14,0.0005,,1.0,1.0,
M_MMSE部分集合(k=5),初回 MMSE［時間見当識＋場所見当識＋物品呼称＋記銘＋読字理解］,MWU（完全並べ替え）,5,9,"14［12, 16］","15［12, 16］",12、13、14、16、16,12、13、13、14、15、15、15、15、16,23.0,0.9460539460539461,0.022,0.511,21192,14,0.0005,,1.0,1.0,初回 MMSE［時間見当識＋場所見当識＋物品呼称＋記銘＋書字］
M_MMSE部分集合(k=4),初回 MMSE［時間見当識＋場所見当識＋物品呼称＋記銘］,MWU（完全並べ替え）,5,9,"13［11, 15］","14［11, 15］",11、12、13、15、15,11、12、12、13、14、14、14、14、15,23.0,0.9460539460539461,0.022,0.511,21192,14,0.0005,,1.0,1.0,初回 MMSE［時間見当識＋場所見当識＋記銘＋読字理解＋書字］
M_MMSE部分集合(k=4),初回 MMSE［時間見当識＋場所見当識＋記銘＋読字理解］,MWU（完全並べ替え）,5,9,"12［10, 14］","13［10, 14］",10、11、12、14、14,10、11、11、12、13、13、13、13、14,23.0,0.9460539460539461,0.022,0.511,21192,14,0.0005,,1.0,1.0,初回 MMSE［時間見当識＋場所見当識＋記銘＋書字］
M_MMSE部分集合(k=3),初回 MMSE［時間見当識＋場所見当識＋記銘］,MWU（完全並べ替え）,5,9,"11［9, 13］","12［9, 13］",9、10、11、13、13,9、10、10、11、12、12、12、12、13,23.0,0.9460539460539461,0.022,0.511,21192,14,0.0005,,1.0,1.0,
M2_下位項目の差,Δ MMSE［場所見当識−注意計算］,MWU（完全並べ替え）,5,9,"0［-3, 1］","0［-1, 3］",-3、0、0、1、1,-1、-1、0、0、0、0、0、2、3,23.0,0.951048951048951,0.022,0.511,21192,11,0.0035,,1.0,1.0,
L_固定時点(12か月),12か月 MMSE 注意計算,MWU（完全並べ替え）,3,6,"4［2, 5］","4［2, 5］",2、4、5,2、3、3、5、5、5,8.0,0.9523809523809523,-0.111,0.444,848,8,0.01587,,1.0,1.0,
M_MMSE部分集合(k=4),Δ MMSE［時間見当識＋記銘＋注意計算＋図形模写］,MWU（完全並べ替え）,5,9,"-1［-2, 3］","0［-4, 3］",-2、-1、-1、1、3,-4、-1、-1、-1、0、0、0、1、3,22.0,0.955044955044955,-0.022,0.489,21192,12,0.0015,,1.0,1.0,Δ MMSE［時間見当識＋物品呼称＋記銘＋注意計算＋図形模写］ ほか14件
M_MMSE部分集合(k=4),初回 MMSE［場所見当識＋物品呼称＋遅延再生＋図形模写］,MWU（完全並べ替え）,5,9,"8［6, 9］","8［7, 10］",6、7、8、9、9,7、7、7、8、8、8、8、9、10,21.5,0.955044955044955,-0.044,0.478,5298,12,0.0005,,1.0,1.0,初回 MMSE［場所見当識＋遅延再生＋読字理解＋書字＋図形模写］
M_MMSE部分集合(k=5),初回 MMSE［場所見当識＋物品呼称＋遅延再生＋読字理解＋図形模写］,MWU（完全並べ替え）,5,9,"9［7, 10］","9［8, 11］",7、8、9、10、10,8、8、8、9、9、9、9、10、11,21.5,0.955044955044955,-0.044,0.478,5298,12,0.0005,,1.0,1.0,初回 MMSE［場所見当識＋物品呼称＋遅延再生＋書字＋図形模写］
M_MMSE部分集合(k=6),初回 MMSE［場所見当識＋物品呼称＋遅延再生＋読字理解＋書字＋図形模写］,MWU（完全並べ替え）,5,9,"10［8, 11］","10［9, 12］",8、9、10、11、11,9、9、9、10、10、10、10、11、12,21.5,0.955044955044955,-0.044,0.478,5298,12,0.0005,,1.0,1.0,
M_MMSE部分集合(k=3),初回 MMSE［場所見当識＋遅延再生＋図形模写］,MWU（完全並べ替え）,5,9,"6［4, 7］","6［5, 8］",4、5、6、7、7,5、5、5、6、6、6、6、7、8,21.5,0.955044955044955,-0.044,0.478,5298,12,0.0005,,1.0,1.0,
M_MMSE部分集合(k=4),初回 MMSE［場所見当識＋遅延再生＋読字理解＋図形模写］,MWU（完全並べ替え）,5,9,"7［5, 8］","7［6, 9］",5、6、7、8、8,6、6、6、7、7、7、7、8、9,21.5,0.955044955044955,-0.044,0.478,5298,12,0.0005,,1.0,1.0,初回 MMSE［場所見当識＋遅延再生＋書字＋図形模写］
M_MMSE部分集合(k=3),Δ MMSE［時間見当識＋記銘＋注意計算］,MWU（完全並べ替え）,5,9,"-1［-2, 3］","-1［-4, 3］",-2、-1、-1、1、3,-4、-1、-1、-1、-1、0、0、1、3,23.0,0.9560439560439561,0.022,0.511,21192,12,0.001,,1.0,1.0,Δ MMSE［時間見当識＋物品呼称＋記銘＋注意計算］ ほか14件
M_MMSE部分集合(k=5),初回 MMSE［場所見当識＋物品呼称＋遅延再生＋復唱＋3段階命令］,MWU（完全並べ替え）,5,9,"11［9, 12］","11［9, 12］",9、10、11、12、12,9、10、10、11、11、11、11、12、12,23.5,0.957042957042957,0.044,0.522,5298,14,0.0005,,1.0,1.0,初回 MMSE［場所見当識＋遅延再生＋復唱＋読字理解＋3段階命令＋書字］
M_MMSE部分集合(k=7),初回 MMSE［場所見当識＋物品呼称＋遅延再生＋復唱＋読字理解＋3段階命令＋書字］,MWU（完全並べ替え）,5,9,"13［11, 14］","13［11, 14］",11、12、13、14、14,11、12、12、13、13、13、13、14、14,23.5,0.957042957042957,0.044,0.522,5298,14,0.0005,,1.0,1.0,
M_MMSE部分集合(k=6),初回 MMSE［場所見当識＋物品呼称＋遅延再生＋復唱＋読字理解＋3段階命令］,MWU（完全並べ替え）,5,9,"12［10, 13］","12［10, 13］",10、11、12、13、13,10、11、11、12、12、12、12、13、13,23.5,0.957042957042957,0.044,0.522,5298,14,0.0005,,1.0,1.0,初回 MMSE［場所見当識＋物品呼称＋遅延再生＋復唱＋3段階命令＋書字］
M_MMSE部分集合(k=4),初回 MMSE［場所見当識＋遅延再生＋復唱＋3段階命令］,MWU（完全並べ替え）,5,9,"9［7, 10］","9［7, 10］",7、8、9、10、10,7、8、8、9、9、9、9、10、10,23.5,0.957042957042957,0.044,0.522,5298,14,0.0005,,1.0,1.0,
M_MMSE部分集合(k=5),初回 MMSE［場所見当識＋遅延再生＋復唱＋読字理解＋3段階命令］,MWU（完全並べ替え）,5,9,"10［8, 11］","10［8, 11］",8、9、10、11、11,8、9、9、10、10、10、10、11、11,23.5,0.957042957042957,0.044,0.522,5298,14,0.0005,,1.0,1.0,初回 MMSE［場所見当識＋遅延再生＋復唱＋3段階命令＋書字］
M_MMSE部分集合(k=6),初回 MMSE［場所見当識＋物品呼称＋記銘＋遅延再生＋3段階命令＋図形模写］,MWU（完全並べ替え）,5,9,"14［12, 15］","14［12, 16］",12、12、14、15、15,12、13、13、13、14、14、14、15、16,21.5,0.9575424575424576,-0.044,0.478,5298,13,0.0015,,1.0,1.0,初回 MMSE［場所見当識＋記銘＋遅延再生＋読字理解＋3段階命令＋書字＋図形模写］
M_MMSE部分集合(k=7),初回 MMSE［場所見当識＋物品呼称＋記銘＋遅延再生＋読字理解＋3段階命令＋図形模写］,MWU（完全並べ替え）,5,9,"15［13, 16］","15［13, 17］",13、13、15、16、16,13、14、14、14、15、15、15、16、17,21.5,0.9575424575424576,-0.044,0.478,5298,13,0.0015,,1.0,1.0,初回 MMSE［場所見当識＋物品呼称＋記銘＋遅延再生＋3段階命令＋書字＋図形模写］
M_MMSE部分集合(k=8),初回 MMSE［場所見当識＋物品呼称＋記銘＋遅延再生＋読字理解＋3段階命令＋書字＋図形模写］,MWU（完全並べ替え）,5,9,"16［14, 17］","16［14, 18］",14、14、16、17、17,14、15、15、15、16、16、16、17、18,21.5,0.9575424575424576,-0.044,0.478,5298,13,0.0015,,1.0,1.0,
M_MMSE部分集合(k=5),初回 MMSE［場所見当識＋記銘＋遅延再生＋3段階命令＋図形模写］,MWU（完全並べ替え）,5,9,"12［10, 13］","12［10, 14］",10、10、12、13、13,10、11、11、11、12、12、12、13、14,21.5,0.9575424575424576,-0.044,0.478,5298,13,0.0015,,1.0,1.0,
M_MMSE部分集合(k=6),初回 MMSE［場所見当識＋記銘＋遅延再生＋読字理解＋3段階命令＋図形模写］,MWU（完全並べ替え）,5,9,"13［11, 14］","13［11, 15］",11、11、13、14、14,11、12、12、12、13、13、13、14、15,21.5,0.9575424575424576,-0.044,0.478,5298,13,0.0015,,1.0,1.0,初回 MMSE［場所見当識＋記銘＋遅延再生＋3段階命令＋書字＋図形模写］
M_CDR部分集合(k=4),追跡時 CDR［記憶＋地域社会の活動＋家庭・趣味＋身の回りの世話］,MWU（完全並べ替え）,5,9,"1［1, 3］","1.5［0.5, 3］",1、1、1、1.5、3,0.5、0.5、1、1、1.5、2、2、2.5、3,22.0,0.9590409590409591,-0.022,0.489,21192,13,0.0005,,1.0,1.0,
M_CDR部分集合(k=4),Δ CDR［記憶＋見当識＋判断力・問題解決＋身の回りの世話］,MWU（完全並べ替え）,5,9,"0.5［0, 1］","0.5［0, 1.5］",0、0、0.5、1、1,0、0、0、0.5、0.5、0.5、1、1、1.5,21.5,0.9600399600399601,-0.044,0.478,5298,13,0.001,,1.0,1.0,
M_MMSE部分集合(k=4),初回 MMSE［場所見当識＋復唱＋3段階命令＋図形模写］,MWU（完全並べ替え）,5,9,"9［8, 10］","9［8, 10］",8、9、9、10、10,8、8、9、9、9、9、10、10、10,24.0,0.9625374625374625,0.067,0.533,2355,14,0.0005,,1.0,1.0,
M_MMSE部分集合(k=5),初回 MMSE［場所見当識＋復唱＋読字理解＋3段階命令＋図形模写］,MWU（完全並べ替え）,5,9,"10［9, 11］","10［9, 11］",9、10、10、11、11,9、9、10、10、10、10、11、11、11,24.0,0.9625374625374625,0.067,0.533,2355,14,0.0005,,1.0,1.0,初回 MMSE［場所見当識＋復唱＋3段階命令＋書字＋図形模写］
M_MMSE部分集合(k=5),初回 MMSE［場所見当識＋物品呼称＋復唱＋3段階命令＋図形模写］,MWU（完全並べ替え）,5,9,"11［10, 12］","11［10, 12］",10、11、11、12、12,10、10、11、11、11、11、12、12、12,24.0,0.9625374625374625,0.067,0.533,2355,14,0.0005,,1.0,1.0,初回 MMSE［場所見当識＋復唱＋読字理解＋3段階命令＋書字＋図形模写］
M_MMSE部分集合(k=6),初回 MMSE［場所見当識＋物品呼称＋復唱＋読字理解＋3段階命令＋図形模写］,MWU（完全並べ替え）,5,9,"12［11, 13］","12［11, 13］",11、12、12、13、13,11、11、12、12、12、12、13、13、13,24.0,0.9625374625374625,0.067,0.533,2355,14,0.0005,,1.0,1.0,初回 MMSE［場所見当識＋物品呼称＋復唱＋3段階命令＋書字＋図形模写］
M_MMSE部分集合(k=7),初回 MMSE［場所見当識＋物品呼称＋復唱＋読字理解＋3段階命令＋書字＋図形模写］,MWU（完全並べ替え）,5,9,"13［12, 14］","13［12, 14］",12、13、13、14、14,12、12、13、13、13、13、14、14、14,24.0,0.9625374625374625,0.067,0.533,2355,14,0.0005,,1.0,1.0,
L_固定時点(6か月),6か月 MMSE合計,MWU（完全並べ替え）,5,9,"24［21, 29］","25［22, 27］",21、23、24、26、29,22、23、23、24、25、25、25、26、27,22.0,0.9630369630369631,-0.022,0.489,21192,10,0.0005,,1.0,1.0,
M_MMSE部分集合(k=2),Δ MMSE［時間見当識＋注意計算］,MWU（完全並べ替え）,5,9,"-1［-2, 3］","-1［-4, 3］",-2、-1、-1、0、3,-4、-1、-1、-1、-1、-1、0、1、3,23.0,0.964035964035964,0.022,0.511,21192,11,0.0005,,1.0,1.0,Δ MMSE［時間見当識＋物品呼称＋注意計算］ ほか14件
M_MMSE部分集合(k=3),初回 MMSE［時間見当識＋注意計算＋読字理解］,MWU（完全並べ替え）,5,9,"9［7, 11］","9［6, 11］",7、8、9、10、11,6、7、8、8、9、10、11、11、11,22.0,0.964035964035964,-0.022,0.489,21192,13,0.001,,1.0,1.0,初回 MMSE［時間見当識＋注意計算＋書字］
M_MMSE部分集合(k=2),初回 MMSE［時間見当識＋注意計算］,MWU（完全並べ替え）,5,9,"8［6, 10］","8［5, 10］",6、7、8、9、10,5、6、7、7、8、9、10、10、10,22.0,0.964035964035964,-0.022,0.489,21192,13,0.001,,1.0,1.0,
M_MMSE部分集合(k=5),初回 MMSE［時間見当識＋物品呼称＋注意計算＋読字理解＋書字］,MWU（完全並べ替え）,5,9,"12［10, 14］","12［9, 14］",10、11、12、13、14,9、10、11、11、12、13、14、14、14,22.0,0.964035964035964,-0.022,0.489,21192,13,0.001,,1.0,1.0,
M_MMSE部分集合(k=4),初回 MMSE［時間見当識＋物品呼称＋注意計算＋読字理解］,MWU（完全並べ替え）,5,9,"11［9, 13］","11［8, 13］",9、10、11、12、13,8、9、10、10、11、12、13、13、13,22.0,0.964035964035964,-0.022,0.489,21192,13,0.001,,1.0,1.0,初回 MMSE［時間見当識＋物品呼称＋注意計算＋書字］
M_MMSE部分集合(k=3),初回 MMSE［時間見当識＋物品呼称＋注意計算］,MWU（完全並べ替え）,5,9,"10［8, 12］","10［7, 12］",8、9、10、11、12,7、8、9、9、10、11、12、12、12,22.0,0.964035964035964,-0.022,0.489,21192,13,0.001,,1.0,1.0,初回 MMSE［時間見当識＋注意計算＋読字理解＋書字］
M_MMSE部分集合(k=5),初回 MMSE［時間見当識＋物品呼称＋記銘＋注意計算＋図形模写］,MWU（完全並べ替え）,5,9,"14［12, 16］","14［11, 16］",12、13、14、14、16,11、12、12、13、14、14、16、16、16,23.0,0.964035964035964,0.022,0.511,21192,13,0.001,,1.0,1.0,初回 MMSE［時間見当識＋記銘＋注意計算＋読字理解＋書字＋図形模写］
M_MMSE部分集合(k=6),初回 MMSE［時間見当識＋物品呼称＋記銘＋注意計算＋読字理解＋図形模写］,MWU（完全並べ替え）,5,9,"15［13, 17］","15［12, 17］",13、14、15、15、17,12、13、13、14、15、15、17、17、17,23.0,0.964035964035964,0.022,0.511,21192,13,0.001,,1.0,1.0,初回 MMSE［時間見当識＋物品呼称＋記銘＋注意計算＋書字＋図形模写］
M_MMSE部分集合(k=7),初回 MMSE［時間見当識＋物品呼称＋記銘＋注意計算＋読字理解＋書字＋図形模写］,MWU（完全並べ替え）,5,9,"16［14, 18］","16［13, 18］",14、15、16、16、18,13、14、14、15、16、16、18、18、18,23.0,0.964035964035964,0.022,0.511,21192,13,0.001,,1.0,1.0,
M_MMSE部分集合(k=4),初回 MMSE［時間見当識＋記銘＋注意計算＋図形模写］,MWU（完全並べ替え）,5,9,"12［10, 14］","12［9, 14］",10、11、12、12、14,9、10、10、11、12、12、14、14、14,23.0,0.964035964035964,0.022,0.511,21192,13,0.001,,1.0,1.0,
M_MMSE部分集合(k=5),初回 MMSE［時間見当識＋記銘＋注意計算＋読字理解＋図形模写］,MWU（完全並べ替え）,5,9,"13［11, 15］","13［10, 15］",11、12、13、13、15,10、11、11、12、13、13、15、15、15,23.0,0.964035964035964,0.022,0.511,21192,13,0.001,,1.0,1.0,初回 MMSE［時間見当識＋記銘＋注意計算＋書字＋図形模写］
M_MMSE部分集合(k=3),Δ MMSE［時間見当識＋場所見当識＋記銘］,MWU（完全並べ替え）,5,9,"0［-1, 1］","0［-2, 3］",-1、-1、0、0、1,-2、-1、-1、-1、0、0、0、1、3,23.5,0.9675324675324676,0.044,0.522,5298,12,0.0025,,1.0,1.0,Δ MMSE［時間見当識＋場所見当識＋物品呼称＋記銘］ ほか14件
M_CDR部分集合(k=4),Δ CDR［記憶＋見当識＋判断力・問題解決＋地域社会の活動］,MWU（完全並べ替え）,5,9,"0.5［0, 1.5］","0.5［0, 1.5］",0、0、0.5、1、1.5,0、0、0、0.5、0.5、1、1、1.5、1.5,21.0,0.97002997002997,-0.067,0.467,2355,14,0.0005,,1.0,1.0,
M_CDR部分集合(k=4),Δ CDR［記憶＋見当識＋地域社会の活動＋身の回りの世話］,MWU（完全並べ替え）,5,9,"0.5［0, 1.5］","0.5［0, 1.5］",0、0、0.5、1、1.5,0、0、0、0.5、0.5、1、1、1.5、1.5,21.0,0.97002997002997,-0.067,0.467,2355,14,0.0005,,1.0,1.0,
M_MMSE部分集合(k=4),Δ MMSE［時間見当識＋場所見当識＋記銘＋復唱］,MWU（完全並べ替え）,5,9,"0［-1, 1］","0［-2, 3］",-1、-1、0、0、1,-2、-1、-1、-1、0、0、1、1、3,22.0,0.97002997002997,-0.022,0.489,21192,12,0.002,,1.0,1.0,Δ MMSE［時間見当識＋場所見当識＋物品呼称＋記銘＋復唱］ ほか14件
M_MMSE部分集合(k=7),初回 MMSE［時間見当識＋場所見当識＋物品呼称＋記銘＋遅延再生＋読字理解＋書字］,MWU（完全並べ替え）,5,9,"15［13, 18］","16［14, 19］",13、15、15、18、18,14、14、14、15、16、16、17、17、19,23.0,0.97002997002997,0.022,0.511,21192,12,0.0005,,1.0,1.0,
M_MMSE部分集合(k=6),初回 MMSE［時間見当識＋場所見当識＋物品呼称＋記銘＋遅延再生＋読字理解］,MWU（完全並べ替え）,5,9,"14［12, 17］","15［13, 18］",12、14、14、17、17,13、13、13、14、15、15、16、16、18,23.0,0.97002997002997,0.022,0.511,21192,12,0.0005,,1.0,1.0,初回 MMSE［時間見当識＋場所見当識＋物品呼称＋記銘＋遅延再生＋書字］
M_MMSE部分集合(k=5),初回 MMSE［時間見当識＋場所見当識＋物品呼称＋記銘＋遅延再生］,MWU（完全並べ替え）,5,9,"13［11, 16］","14［12, 17］",11、13、13、16、16,12、12、12、13、14、14、15、15、17,23.0,0.97002997002997,0.022,0.511,21192,12,0.0005,,1.0,1.0,初回 MMSE［時間見当識＋場所見当識＋記銘＋遅延再生＋読字理解＋書字］
M_MMSE部分集合(k=5),初回 MMSE［時間見当識＋場所見当識＋記銘＋遅延再生＋読字理解］,MWU（完全並べ替え）,5,9,"12［10, 15］","13［11, 16］",10、12、12、15、15,11、11、11、12、13、13、14、14、16,23.0,0.97002997002997,0.022,0.511,21192,12,0.0005,,1.0,1.0,初回 MMSE［時間見当識＋場所見当識＋記銘＋遅延再生＋書字］
M_MMSE部分集合(k=4),初回 MMSE［時間見当識＋場所見当識＋記銘＋遅延再生］,MWU（完全並べ替え）,5,9,"11［9, 14］","12［10, 15］",9、11、11、14、14,10、10、10、11、12、12、13、13、15,23.0,0.97002997002997,0.022,0.511,21192,12,0.0005,,1.0,1.0,
M_MMSE部分集合(k=6),初回 MMSE［時間見当識＋場所見当識＋注意計算＋復唱＋3段階命令＋図形模写］,MWU（完全並べ替え）,5,9,"17［15, 20］","18［14, 20］",15、16、17、18、20,14、15、16、17、18、18、18、18、20,22.0,0.975024975024975,-0.022,0.489,21192,13,0.0005,,1.0,1.0,
M_MMSE部分集合(k=7),初回 MMSE［時間見当識＋場所見当識＋注意計算＋復唱＋読字理解＋3段階命令＋図形模写］,MWU（完全並べ替え）,5,9,"18［16, 21］","19［15, 21］",16、17、18、19、21,15、16、17、18、19、19、19、19、21,22.0,0.975024975024975,-0.022,0.489,21192,13,0.0005,,1.0,1.0,初回 MMSE［時間見当識＋場所見当識＋注意計算＋復唱＋3段階命令＋書字＋図形模写］
M_MMSE部分集合(k=7),初回 MMSE［時間見当識＋場所見当識＋物品呼称＋注意計算＋復唱＋3段階命令＋図形模写］,MWU（完全並べ替え）,5,9,"19［17, 22］","20［16, 22］",17、18、19、20、22,16、17、18、19、20、20、20、20、22,22.0,0.975024975024975,-0.022,0.489,21192,13,0.0005,,1.0,1.0,初回 MMSE［時間見当識＋場所見当識＋注意計算＋復唱＋読字理解＋3段階命令＋書字＋図形模写］
M_MMSE部分集合(k=8),初回 MMSE［時間見当識＋場所見当識＋物品呼称＋注意計算＋復唱＋読字理解＋3段階命令＋図形模写］,MWU（完全並べ替え）,5,9,"20［18, 23］","21［17, 23］",18、19、20、21、23,17、18、19、20、21、21、21、21、23,22.0,0.975024975024975,-0.022,0.489,21192,13,0.0005,,1.0,1.0,初回 MMSE［時間見当識＋場所見当識＋物品呼称＋注意計算＋復唱＋3段階命令＋書字＋図形模写］
M_MMSE部分集合(k=9),初回 MMSE［時間見当識＋場所見当識＋物品呼称＋注意計算＋復唱＋読字理解＋3段階命令＋書字＋図形模写］,MWU（完全並べ替え）,5,9,"21［19, 24］","22［18, 24］",19、20、21、22、24,18、19、20、21、22、22、22、22、24,22.0,0.975024975024975,-0.022,0.489,21192,13,0.0005,,1.0,1.0,
M_MMSE部分集合(k=6),追跡時 MMSE［時間見当識＋場所見当識＋物品呼称＋記銘＋遅延再生＋3段階命令］,MWU（完全並べ替え）,5,9,"17［13, 19］","16［14, 20］",13、15、17、17、19,14、15、15、16、16、17、17、17、20,23.0,0.975024975024975,0.022,0.511,21192,10,0.0005,,1.0,1.0,追跡時 MMSE［時間見当識＋場所見当識＋記銘＋遅延再生＋読字理解＋3段階命令＋書字］、追跡時 MMSE［時間見当識＋場所見当識＋記銘＋遅延再生＋読字理解＋3段階命令＋図形模写］、追跡時 MMSE［時間見当識＋場所見当識＋記銘＋遅延再生＋3段階命令＋書字＋図形模写］、追跡時 MMSE［時間見当識＋場所見当識＋物品呼称＋遅延再生＋読字理解＋3段階命令＋書字＋図形模写］
M_MMSE部分集合(k=9),追跡時 MMSE［時間見当識＋場所見当識＋物品呼称＋記銘＋遅延再生＋読字理解＋3段階命令＋書字＋図形模写］,MWU（完全並べ替え）,5,9,"20［16, 22］","19［17, 23］",16、18、20、20、22,17、18、18、19、19、20、20、20、23,23.0,0.975024975024975,0.022,0.511,21192,10,0.0005,,1.0,1.0,
M_MMSE部分集合(k=8),追跡時 MMSE［時間見当識＋場所見当識＋物品呼称＋記銘＋遅延再生＋読字理解＋3段階命令＋書字］,MWU（完全並べ替え）,5,9,"19［15, 21］","18［16, 22］",15、17、19、19、21,16、17、17、18、18、19、19、19、22,23.0,0.975024975024975,0.022,0.511,21192,10,0.0005,,1.0,1.0,追跡時 MMSE［時間見当識＋場所見当識＋物品呼称＋記銘＋遅延再生＋読字理解＋3段階命令＋図形模写］、追跡時 MMSE［時間見当識＋場所見当識＋物品呼称＋記銘＋遅延再生＋3段階命令＋書字＋図形模写］
M_MMSE部分集合(k=7),追跡時 MMSE［時間見当識＋場所見当識＋物品呼称＋記銘＋遅延再生＋読字理解＋3段階命令］,MWU（完全並べ替え）,5,9,"18［14, 20］","17［15, 21］",14、16、18、18、20,15、16、16、17、17、18、18、18、21,23.0,0.975024975024975,0.022,0.511,21192,10,0.0005,,1.0,1.0,追跡時 MMSE［時間見当識＋場所見当識＋物品呼称＋記銘＋遅延再生＋3段階命令＋書字］、追跡時 MMSE［時間見当識＋場所見当識＋物品呼称＋記銘＋遅延再生＋3段階命令＋図形模写］、追跡時 MMSE［時間見当識＋場所見当識＋記銘＋遅延再生＋読字理解＋3段階命令＋書字＋図形模写］
M_MMSE部分集合(k=5),追跡時 MMSE［時間見当識＋場所見当識＋物品呼称＋遅延再生＋3段階命令］,MWU（完全並べ替え）,5,9,"14［10, 16］","13［11, 17］",10、12、14、14、16,11、12、12、13、13、14、14、14、17,23.0,0.975024975024975,0.022,0.511,21192,10,0.0005,,1.0,1.0,追跡時 MMSE［時間見当識＋場所見当識＋遅延再生＋読字理解＋3段階命令＋書字］、追跡時 MMSE［時間見当識＋場所見当識＋遅延再生＋読字理解＋3段階命令＋図形模写］、追跡時 MMSE［時間見当識＋場所見当識＋遅延再生＋3段階命令＋書字＋図形模写］
M_MMSE部分集合(k=5),追跡時 MMSE［時間見当識＋場所見当識＋記銘＋遅延再生＋3段階命令］,MWU（完全並べ替え）,5,9,"15［11, 17］","14［12, 18］",11、13、15、15、17,12、13、13、14、14、15、15、15、18,23.0,0.975024975024975,0.022,0.511,21192,10,0.0005,,1.0,1.0,追跡時 MMSE［時間見当識＋場所見当識＋物品呼称＋遅延再生＋読字理解＋3段階命令］、追跡時 MMSE［時間見当識＋場所見当識＋物品呼称＋遅延再生＋3段階命令＋書字］、追跡時 MMSE［時間見当識＋場所見当識＋物品呼称＋遅延再生＋3段階命令＋図形模写］、追跡時 MMSE［時間見当識＋場所見当識＋遅延再生＋読字理解＋3段階命令＋書字＋図形模写］
M_MMSE部分集合(k=6),追跡時 MMSE［時間見当識＋場所見当識＋記銘＋遅延再生＋読字理解＋3段階命令］,MWU（完全並べ替え）,5,9,"16［12, 18］","15［13, 19］",12、14、16、16、18,13、14、14、15、15、16、16、16、19,23.0,0.975024975024975,0.022,0.511,21192,10,0.0005,,1.0,1.0,追跡時 MMSE［時間見当識＋場所見当識＋記銘＋遅延再生＋3段階命令＋書字］ ほか4件
M_MMSE部分集合(k=4),追跡時 MMSE［時間見当識＋場所見当識＋遅延再生＋3段階命令］,MWU（完全並べ替え）,5,9,"12［8, 14］","11［9, 15］",8、10、12、12、14,9、10、10、11、11、12、12、12、15,23.0,0.975024975024975,0.022,0.511,21192,10,0.0005,,1.0,1.0,
M_MMSE部分集合(k=5),追跡時 MMSE［時間見当識＋場所見当識＋遅延再生＋読字理解＋3段階命令］,MWU（完全並べ替え）,5,9,"13［9, 15］","12［10, 16］",9、11、13、13、15,10、11、11、12、12、13、13、13、16,23.0,0.975024975024975,0.022,0.511,21192,10,0.0005,,1.0,1.0,追跡時 MMSE［時間見当識＋場所見当識＋遅延再生＋3段階命令＋書字］、追跡時 MMSE［時間見当識＋場所見当識＋遅延再生＋3段階命令＋図形模写］
M_CDR部分集合(k=4),Δ CDR［記憶＋判断力・問題解決＋家庭・趣味＋身の回りの世話］,MWU（完全並べ替え）,5,9,"0.5［0, 1.5］","0［0, 1.5］",0、0、0.5、0.5、1.5,0、0、0、0、0、1、1、1.5、1.5,23.0,0.9790209790209791,0.022,0.511,21192,14,0.0005,,1.0,1.0,
M_MMSE部分集合(k=4),初回 MMSE［注意計算＋遅延再生＋3段階命令＋図形模写］,MWU（完全並べ替え）,5,9,"8［6, 10］","8［7, 12］",6、8、8、10、10,7、8、8、8、8、8、9、9、12,23.0,0.9790209790209791,0.022,0.511,21192,11,0.0005,,1.0,1.0,
M_MMSE部分集合(k=5),初回 MMSE［注意計算＋遅延再生＋読字理解＋3段階命令＋図形模写］,MWU（完全並べ替え）,5,9,"9［7, 11］","9［8, 13］",7、9、9、11、11,8、9、9、9、9、9、10、10、13,23.0,0.9790209790209791,0.022,0.511,21192,11,0.0005,,1.0,1.0,初回 MMSE［注意計算＋遅延再生＋3段階命令＋書字＋図形模写］
M_MMSE部分集合(k=5),初回 MMSE［物品呼称＋注意計算＋遅延再生＋3段階命令＋図形模写］,MWU（完全並べ替え）,5,9,"10［8, 12］","10［9, 14］",8、10、10、12、12,9、10、10、10、10、10、11、11、14,23.0,0.9790209790209791,0.022,0.511,21192,11,0.0005,,1.0,1.0,初回 MMSE［注意計算＋遅延再生＋読字理解＋3段階命令＋書字＋図形模写］
M_MMSE部分集合(k=6),初回 MMSE［物品呼称＋注意計算＋遅延再生＋読字理解＋3段階命令＋図形模写］,MWU（完全並べ替え）,5,9,"11［9, 13］","11［10, 15］",9、11、11、13、13,10、11、11、11、11、11、12、12、15,23.0,0.9790209790209791,0.022,0.511,21192,11,0.0005,,1.0,1.0,初回 MMSE［物品呼称＋注意計算＋遅延再生＋3段階命令＋書字＋図形模写］
M_MMSE部分集合(k=7),初回 MMSE［物品呼称＋注意計算＋遅延再生＋読字理解＋3段階命令＋書字＋図形模写］,MWU（完全並べ替え）,5,9,"12［10, 14］","12［11, 16］",10、12、12、14、14,11、12、12、12、12、12、13、13、16,23.0,0.9790209790209791,0.022,0.511,21192,11,0.0005,,1.0,1.0,
M_CDR部分集合(k=4),追跡時 CDR［記憶＋見当識＋地域社会の活動＋家庭・趣味］,MWU（完全並べ替え）,5,9,"1.5［1, 4］","2［1, 3］",1、1.5、1.5、2、4,1、1、1、1.5、2、2.5、2.5、2.5、3,22.0,0.9790209790209791,-0.022,0.489,21192,12,0.0005,,1.0,1.0,
M_MMSE部分集合(k=7),初回 MMSE［場所見当識＋物品呼称＋記銘＋遅延再生＋復唱＋読字理解＋書字］,MWU（完全並べ替え）,5,9,"13［11, 14］","13［11, 14］",11、11、13、14、14,11、12、12、13、13、13、13、14、14,22.0,0.98001998001998,-0.022,0.489,21192,14,0.0005,,1.0,1.0,
M_MMSE部分集合(k=6),初回 MMSE［場所見当識＋物品呼称＋記銘＋遅延再生＋復唱＋読字理解］,MWU（完全並べ替え）,5,9,"12［10, 13］","12［10, 13］",10、10、12、13、13,10、11、11、12、12、12、12、13、13,22.0,0.98001998001998,-0.022,0.489,21192,14,0.0005,,1.0,1.0,初回 MMSE［場所見当識＋物品呼称＋記銘＋遅延再生＋復唱＋書字］
M_MMSE部分集合(k=5),初回 MMSE［場所見当識＋物品呼称＋記銘＋遅延再生＋復唱］,MWU（完全並べ替え）,5,9,"11［9, 12］","11［9, 12］",9、9、11、12、12,9、10、10、11、11、11、11、12、12,22.0,0.98001998001998,-0.022,0.489,21192,14,0.0005,,1.0,1.0,初回 MMSE［場所見当識＋記銘＋遅延再生＋復唱＋読字理解＋書字］
M_MMSE部分集合(k=5),初回 MMSE［場所見当識＋記銘＋遅延再生＋復唱＋読字理解］,MWU（完全並べ替え）,5,9,"10［8, 11］","10［8, 11］",8、8、10、11、11,8、9、9、10、10、10、10、11、11,22.0,0.98001998001998,-0.022,0.489,21192,14,0.0005,,1.0,1.0,初回 MMSE［場所見当識＋記銘＋遅延再生＋復唱＋書字］
M_MMSE部分集合(k=4),初回 MMSE［場所見当識＋記銘＋遅延再生＋復唱］,MWU（完全並べ替え）,5,9,"9［7, 10］","9［7, 10］",7、7、9、10、10,7、8、8、9、9、9、9、10、10,22.0,0.98001998001998,-0.022,0.489,21192,14,0.0005,,1.0,1.0,
M_MMSE部分集合(k=6),初回 MMSE［時間見当識＋物品呼称＋記銘＋注意計算＋3段階命令＋図形模写］,MWU（完全並べ替え）,5,9,"17［15, 19］","17［14, 19］",15、16、17、17、19,14、15、15、16、17、17、18、19、19,23.5,0.9815184815184815,0.044,0.522,5298,12,0.001,,1.0,1.0,初回 MMSE［時間見当識＋記銘＋注意計算＋読字理解＋3段階命令＋書字＋図形模写］
M_MMSE部分集合(k=7),初回 MMSE［時間見当識＋物品呼称＋記銘＋注意計算＋読字理解＋3段階命令＋図形模写］,MWU（完全並べ替え）,5,9,"18［16, 20］","18［15, 20］",16、17、18、18、20,15、16、16、17、18、18、19、20、20,23.5,0.9815184815184815,0.044,0.522,5298,12,0.001,,1.0,1.0,初回 MMSE［時間見当識＋物品呼称＋記銘＋注意計算＋3段階命令＋書字＋図形模写］
M_MMSE部分集合(k=8),初回 MMSE［時間見当識＋物品呼称＋記銘＋注意計算＋読字理解＋3段階命令＋書字＋図形模写］,MWU（完全並べ替え）,5,9,"19［17, 21］","19［16, 21］",17、18、19、19、21,16、17、17、18、19、19、20、21、21,23.5,0.9815184815184815,0.044,0.522,5298,12,0.001,,1.0,1.0,
M_MMSE部分集合(k=5),初回 MMSE［時間見当識＋記銘＋注意計算＋3段階命令＋図形模写］,MWU（完全並べ替え）,5,9,"15［13, 17］","15［12, 17］",13、14、15、15、17,12、13、13、14、15、15、16、17、17,23.5,0.9815184815184815,0.044,0.522,5298,12,0.001,,1.0,1.0,
M_MMSE部分集合(k=6),初回 MMSE［時間見当識＋記銘＋注意計算＋読字理解＋3段階命令＋図形模写］,MWU（完全並べ替え）,5,9,"16［14, 18］","16［13, 18］",14、15、16、16、18,13、14、14、15、16、16、17、18、18,23.5,0.9815184815184815,0.044,0.522,5298,12,0.001,,1.0,1.0,初回 MMSE［時間見当識＋記銘＋注意計算＋3段階命令＋書字＋図形模写］
M_CDR部分集合(k=5),Δ CDR［記憶＋見当識＋判断力・問題解決＋地域社会の活動＋家庭・趣味］,MWU（完全並べ替え）,5,9,"0.5［0, 2.5］","1［0, 2］",0、0.5、0.5、1、2.5,0、0、0、0.5、1、1、1、2、2,23.0,0.9820179820179821,0.022,0.511,21192,13,0.0015,,1.0,1.0,
M_MMSE部分集合(k=3),Δ MMSE［時間見当識＋注意計算＋図形模写］,MWU（完全並べ替え）,5,9,"-1［-2, 3］","-1［-4, 3］",-2、-1、-1、0、3,-4、-1、-1、-1、-1、0、0、1、3,21.5,0.9820179820179821,-0.044,0.478,5298,11,0.0015,,1.0,1.0,Δ MMSE［時間見当識＋物品呼称＋注意計算＋図形模写］ ほか14件
M_MMSE部分集合(k=6),初回 MMSE［時間見当識＋物品呼称＋記銘＋注意計算＋読字理解＋書字］,MWU（完全並べ替え）,5,9,"15［13, 17］","15［12, 17］",13、14、15、15、17,12、13、14、14、15、15、17、17、17,22.0,0.9820179820179821,-0.022,0.489,21192,13,0.0015,,1.0,1.0,
M_MMSE部分集合(k=5),初回 MMSE［時間見当識＋物品呼称＋記銘＋注意計算＋読字理解］,MWU（完全並べ替え）,5,9,"14［12, 16］","14［11, 16］",12、13、14、14、16,11、12、13、13、14、14、16、16、16,22.0,0.9820179820179821,-0.022,0.489,21192,13,0.0015,,1.0,1.0,初回 MMSE［時間見当識＋物品呼称＋記銘＋注意計算＋書字］
M_MMSE部分集合(k=4),初回 MMSE［時間見当識＋物品呼称＋記銘＋注意計算］,MWU（完全並べ替え）,5,9,"13［11, 15］","13［10, 15］",11、12、13、13、15,10、11、12、12、13、13、15、15、15,22.0,0.9820179820179821,-0.022,0.489,21192,13,0.0015,,1.0,1.0,初回 MMSE［時間見当識＋記銘＋注意計算＋読字理解＋書字］
M_MMSE部分集合(k=4),初回 MMSE［時間見当識＋記銘＋注意計算＋読字理解］,MWU（完全並べ替え）,5,9,"12［10, 14］","12［9, 14］",10、11、12、12、14,9、10、11、11、12、12、14、14、14,22.0,0.9820179820179821,-0.022,0.489,21192,13,0.0015,,1.0,1.0,初回 MMSE［時間見当識＋記銘＋注意計算＋書字］
M_MMSE部分集合(k=3),初回 MMSE［時間見当識＋記銘＋注意計算］,MWU（完全並べ替え）,5,9,"11［9, 13］","11［8, 13］",9、10、11、11、13,8、9、10、10、11、11、13、13、13,22.0,0.9820179820179821,-0.022,0.489,21192,13,0.0015,,1.0,1.0,
M_CDR部分集合(k=2),追跡時 CDR［地域社会の活動＋家庭・趣味］,MWU（完全並べ替え）,5,9,"0.5［0, 2］","1［0, 1.5］",0、0.5、0.5、1、2,0、0、0.5、0.5、1、1、1、1.5、1.5,21.5,0.9820179820179821,-0.044,0.478,5298,13,0.00599,,1.0,1.0,
A_初回値,初回 MMSE合計,MWU（完全並べ替え）,5,9,"24［22, 28］","25［22, 28］",22、24、24、25、28,22、22、23、24、25、25、25、27、28,22.0,0.985014985014985,-0.022,0.489,21192,12,0.0015,,1.0,1.0,初回 MMSE［時間見当識＋場所見当識＋物品呼称＋記銘＋注意計算＋遅延再生＋復唱＋読字理解＋3段階命令＋書字＋図形模写］
M_MMSE部分集合(k=9),初回 MMSE［時間見当識＋場所見当識＋物品呼称＋記銘＋注意計算＋遅延再生＋復唱＋3段階命令＋図形模写］,MWU（完全並べ替え）,5,9,"22［20, 26］","23［20, 26］",20、22、22、23、26,20、20、21、22、23、23、23、25、26,22.0,0.985014985014985,-0.022,0.489,21192,12,0.0015,,1.0,1.0,初回 MMSE［時間見当識＋場所見当識＋記銘＋注意計算＋遅延再生＋復唱＋読字理解＋3段階命令＋書字＋図形模写］
M_MMSE部分集合(k=10),初回 MMSE［時間見当識＋場所見当識＋物品呼称＋記銘＋注意計算＋遅延再生＋復唱＋読字理解＋3段階命令＋図形模写］,MWU（完全並べ替え）,5,9,"23［21, 27］","24［21, 27］",21、23、23、24、27,21、21、22、23、24、24、24、26、27,22.0,0.985014985014985,-0.022,0.489,21192,12,0.0015,,1.0,1.0,初回 MMSE［時間見当識＋場所見当識＋物品呼称＋記銘＋注意計算＋遅延再生＋復唱＋3段階命令＋書字＋図形模写］
M_MMSE部分集合(k=8),初回 MMSE［時間見当識＋場所見当識＋記銘＋注意計算＋遅延再生＋復唱＋3段階命令＋図形模写］,MWU（完全並べ替え）,5,9,"20［18, 24］","21［18, 24］",18、20、20、21、24,18、18、19、20、21、21、21、23、24,22.0,0.985014985014985,-0.022,0.489,21192,12,0.0015,,1.0,1.0,
M_MMSE部分集合(k=9),初回 MMSE［時間見当識＋場所見当識＋記銘＋注意計算＋遅延再生＋復唱＋読字理解＋3段階命令＋図形模写］,MWU（完全並べ替え）,5,9,"21［19, 25］","22［19, 25］",19、21、21、22、25,19、19、20、21、22、22、22、24、25,22.0,0.985014985014985,-0.022,0.489,21192,12,0.0015,,1.0,1.0,初回 MMSE［時間見当識＋場所見当識＋記銘＋注意計算＋遅延再生＋復唱＋3段階命令＋書字＋図形模写］
M_MMSE部分集合(k=3),初回 MMSE［時間見当識＋注意計算＋3段階命令］,MWU（完全並べ替え）,5,9,"11［9, 13］","11［8, 13］",9、10、11、12、13,8、9、10、10、11、12、12、13、13,23.0,0.985014985014985,0.022,0.511,21192,13,0.003,,1.0,1.0,
M_MMSE部分集合(k=4),初回 MMSE［時間見当識＋注意計算＋読字理解＋3段階命令］,MWU（完全並べ替え）,5,9,"12［10, 14］","12［9, 14］",10、11、12、13、14,9、10、11、11、12、13、13、14、14,23.0,0.985014985014985,0.022,0.511,21192,13,0.003,,1.0,1.0,初回 MMSE［時間見当識＋注意計算＋3段階命令＋書字］
M_MMSE部分集合(k=4),初回 MMSE［時間見当識＋物品呼称＋注意計算＋3段階命令］,MWU（完全並べ替え）,5,9,"13［11, 15］","13［10, 15］",11、12、13、14、15,10、11、12、12、13、14、14、15、15,23.0,0.985014985014985,0.022,0.511,21192,13,0.003,,1.0,1.0,初回 MMSE［時間見当識＋注意計算＋読字理解＋3段階命令＋書字］
M_MMSE部分集合(k=6),初回 MMSE［時間見当識＋物品呼称＋注意計算＋読字理解＋3段階命令＋書字］,MWU（完全並べ替え）,5,9,"15［13, 17］","15［12, 17］",13、14、15、16、17,12、13、14、14、15、16、16、17、17,23.0,0.985014985014985,0.022,0.511,21192,13,0.003,,1.0,1.0,
M_MMSE部分集合(k=5),初回 MMSE［時間見当識＋物品呼称＋注意計算＋読字理解＋3段階命令］,MWU（完全並べ替え）,5,9,"14［12, 16］","14［11, 16］",12、13、14、15、16,11、12、13、13、14、15、15、16、16,23.0,0.985014985014985,0.022,0.511,21192,13,0.003,,1.0,1.0,初回 MMSE［時間見当識＋物品呼称＋注意計算＋3段階命令＋書字］
M_MMSE部分集合(k=5),追跡時 MMSE［時間見当識＋物品呼称＋記銘＋遅延再生＋3段階命令］,MWU（完全並べ替え）,5,9,"12［8, 14］","11［10, 16］",8、10、12、13、14,10、11、11、11、11、12、12、12、16,23.0,0.986013986013986,0.022,0.511,21192,10,0.00599,,1.0,1.0,追跡時 MMSE［時間見当識＋記銘＋遅延再生＋読字理解＋3段階命令＋書字］、追跡時 MMSE［時間見当識＋記銘＋遅延再生＋読字理解＋3段階命令＋図形模写］、追跡時 MMSE［時間見当識＋記銘＋遅延再生＋3段階命令＋書字＋図形模写］、追跡時 MMSE［時間見当識＋物品呼称＋遅延再生＋読字理解＋3段階命令＋書字＋図形模写］
M_MMSE部分集合(k=8),追跡時 MMSE［時間見当識＋物品呼称＋記銘＋遅延再生＋復唱＋読字理解＋書字＋図形模写］,MWU（完全並べ替え）,5,9,"13［9, 15］","12［11, 17］",9、11、13、14、15,11、12、12、12、12、13、13、13、17,23.0,0.986013986013986,0.022,0.511,21192,10,0.00599,,1.0,1.0,
M_MMSE部分集合(k=7),追跡時 MMSE［時間見当識＋物品呼称＋記銘＋遅延再生＋復唱＋読字理解＋書字］,MWU（完全並べ替え）,5,9,"12［8, 14］","11［10, 16］",8、10、12、13、14,10、11、11、11、11、12、12、12、16,23.0,0.986013986013986,0.022,0.511,21192,10,0.00599,,1.0,1.0,追跡時 MMSE［時間見当識＋物品呼称＋記銘＋遅延再生＋復唱＋読字理解＋図形模写］、追跡時 MMSE［時間見当識＋物品呼称＋記銘＋遅延再生＋復唱＋書字＋図形模写］
M_MMSE部分集合(k=6),追跡時 MMSE［時間見当識＋物品呼称＋記銘＋遅延再生＋復唱＋読字理解］,MWU（完全並べ替え）,5,9,"11［7, 13］","10［9, 15］",7、9、11、12、13,9、10、10、10、10、11、11、11、15,23.0,0.986013986013986,0.022,0.511,21192,10,0.00599,,1.0,1.0,追跡時 MMSE［時間見当識＋物品呼称＋記銘＋遅延再生＋復唱＋書字］、追跡時 MMSE［時間見当識＋物品呼称＋記銘＋遅延再生＋復唱＋図形模写］、追跡時 MMSE［時間見当識＋記銘＋遅延再生＋復唱＋読字理解＋書字＋図形模写］
M_MMSE部分集合(k=5),追跡時 MMSE［時間見当識＋物品呼称＋記銘＋遅延再生＋復唱］,MWU（完全並べ替え）,5,9,"10［6, 12］","9［8, 14］",6、8、10、11、12,8、9、9、9、9、10、10、10、14,23.0,0.986013986013986,0.022,0.511,21192,10,0.00599,,1.0,1.0,追跡時 MMSE［時間見当識＋記銘＋遅延再生＋復唱＋読字理解＋書字］、追跡時 MMSE［時間見当識＋記銘＋遅延再生＋復唱＋読字理解＋図形模写］、追跡時 MMSE［時間見当識＋記銘＋遅延再生＋復唱＋書字＋図形模写］、追跡時 MMSE［時間見当識＋物品呼称＋遅延再生＋復唱＋読字理解＋書字＋図形模写］
M_MMSE部分集合(k=8),追跡時 MMSE［時間見当識＋物品呼称＋記銘＋遅延再生＋読字理解＋3段階命令＋書字＋図形模写］,MWU（完全並べ替え）,5,9,"15［11, 17］","14［13, 19］",11、13、15、16、17,13、14、14、14、14、15、15、15、19,23.0,0.986013986013986,0.022,0.511,21192,10,0.00599,,1.0,1.0,
M_MMSE部分集合(k=7),追跡時 MMSE［時間見当識＋物品呼称＋記銘＋遅延再生＋読字理解＋3段階命令＋書字］,MWU（完全並べ替え）,5,9,"14［10, 16］","13［12, 18］",10、12、14、15、16,12、13、13、13、13、14、14、14、18,23.0,0.986013986013986,0.022,0.511,21192,10,0.00599,,1.0,1.0,追跡時 MMSE［時間見当識＋物品呼称＋記銘＋遅延再生＋読字理解＋3段階命令＋図形模写］、追跡時 MMSE［時間見当識＋物品呼称＋記銘＋遅延再生＋3段階命令＋書字＋図形模写］
M_MMSE部分集合(k=6),追跡時 MMSE［時間見当識＋物品呼称＋記銘＋遅延再生＋読字理解＋3段階命令］,MWU（完全並べ替え）,5,9,"13［9, 15］","12［11, 17］",9、11、13、14、15,11、12、12、12、12、13、13、13、17,23.0,0.986013986013986,0.022,0.511,21192,10,0.00599,,1.0,1.0,追跡時 MMSE［時間見当識＋物品呼称＋記銘＋遅延再生＋3段階命令＋書字］、追跡時 MMSE［時間見当識＋物品呼称＋記銘＋遅延再生＋3段階命令＋図形模写］、追跡時 MMSE［時間見当識＋記銘＋遅延再生＋読字理解＋3段階命令＋書字＋図形模写］
M_MMSE部分集合(k=4),追跡時 MMSE［時間見当識＋物品呼称＋遅延再生＋3段階命令］,MWU（完全並べ替え）,5,9,"9［5, 11］","8［7, 13］",5、7、9、10、11,7、8、8、8、8、9、9、9、13,23.0,0.986013986013986,0.022,0.511,21192,10,0.00599,,1.0,1.0,追跡時 MMSE［時間見当識＋遅延再生＋読字理解＋3段階命令＋書字］、追跡時 MMSE［時間見当識＋遅延再生＋読字理解＋3段階命令＋図形模写］、追跡時 MMSE［時間見当識＋遅延再生＋3段階命令＋書字＋図形模写］
M_MMSE部分集合(k=4),追跡時 MMSE［時間見当識＋物品呼称＋遅延再生＋復唱］,MWU（完全並べ替え）,5,9,"7［3, 9］","6［5, 11］",3、5、7、8、9,5、6、6、6、6、7、7、7、11,23.0,0.986013986013986,0.022,0.511,21192,10,0.00599,,1.0,1.0,追跡時 MMSE［時間見当識＋遅延再生＋復唱＋読字理解＋書字］、追跡時 MMSE［時間見当識＋遅延再生＋復唱＋読字理解＋図形模写］、追跡時 MMSE［時間見当識＋遅延再生＋復唱＋書字＋図形模写］
M_MMSE部分集合(k=4),追跡時 MMSE［時間見当識＋記銘＋遅延再生＋3段階命令］,MWU（完全並べ替え）,5,9,"10［6, 12］","9［8, 14］",6、8、10、11、12,8、9、9、9、9、10、10、10、14,23.0,0.986013986013986,0.022,0.511,21192,10,0.00599,,1.0,1.0,追跡時 MMSE［時間見当識＋物品呼称＋遅延再生＋読字理解＋3段階命令］、追跡時 MMSE［時間見当識＋物品呼称＋遅延再生＋3段階命令＋書字］、追跡時 MMSE［時間見当識＋物品呼称＋遅延再生＋3段階命令＋図形模写］、追跡時 MMSE［時間見当識＋遅延再生＋読字理解＋3段階命令＋書字＋図形模写］
M_MMSE部分集合(k=5),追跡時 MMSE［時間見当識＋記銘＋遅延再生＋復唱＋読字理解］,MWU（完全並べ替え）,5,9,"9［5, 11］","8［7, 13］",5、7、9、10、11,7、8、8、8、8、9、9、9、13,23.0,0.986013986013986,0.022,0.511,21192,10,0.00599,,1.0,1.0,追跡時 MMSE［時間見当識＋記銘＋遅延再生＋復唱＋書字］ ほか4件
M_MMSE部分集合(k=4),追跡時 MMSE［時間見当識＋記銘＋遅延再生＋復唱］,MWU（完全並べ替え）,5,9,"8［4, 10］","7［6, 12］",4、6、8、9、10,6、7、7、7、7、8、8、8、12,23.0,0.986013986013986,0.022,0.511,21192,10,0.00599,,1.0,1.0,追跡時 MMSE［時間見当識＋物品呼称＋遅延再生＋復唱＋読字理解］、追跡時 MMSE［時間見当識＋物品呼称＋遅延再生＋復唱＋書字］、追跡時 MMSE［時間見当識＋物品呼称＋遅延再生＋復唱＋図形模写］、追跡時 MMSE［時間見当識＋遅延再生＋復唱＋読字理解＋書字＋図形模写］
M_MMSE部分集合(k=5),追跡時 MMSE［時間見当識＋記銘＋遅延再生＋読字理解＋3段階命令］,MWU（完全並べ替え）,5,9,"11［7, 13］","10［9, 15］",7、9、11、12、13,9、10、10、10、10、11、11、11、15,23.0,0.986013986013986,0.022,0.511,21192,10,0.00599,,1.0,1.0,追跡時 MMSE［時間見当識＋記銘＋遅延再生＋3段階命令＋書字］ ほか4件
M_MMSE部分集合(k=3),追跡時 MMSE［時間見当識＋遅延再生＋3段階命令］,MWU（完全並べ替え）,5,9,"7［3, 9］","6［5, 11］",3、5、7、8、9,5、6、6、6、6、7、7、7、11,23.0,0.986013986013986,0.022,0.511,21192,10,0.00599,,1.0,1.0,
M_MMSE部分集合(k=4),追跡時 MMSE［時間見当識＋遅延再生＋復唱＋読字理解］,MWU（完全並べ替え）,5,9,"6［2, 8］","5［4, 10］",2、4、6、7、8,4、5、5、5、5、6、6、6、10,23.0,0.986013986013986,0.022,0.511,21192,10,0.00599,,1.0,1.0,追跡時 MMSE［時間見当識＋遅延再生＋復唱＋書字］、追跡時 MMSE［時間見当識＋遅延再生＋復唱＋図形模写］
M_MMSE部分集合(k=3),追跡時 MMSE［時間見当識＋遅延再生＋復唱］,MWU（完全並べ替え）,5,9,"5［1, 7］","4［3, 9］",1、3、5、6、7,3、4、4、4、4、5、5、5、9,23.0,0.986013986013986,0.022,0.511,21192,10,0.00599,,1.0,1.0,
M_MMSE部分集合(k=4),追跡時 MMSE［時間見当識＋遅延再生＋読字理解＋3段階命令］,MWU（完全並べ替え）,5,9,"8［4, 10］","7［6, 12］",4、6、8、9、10,6、7、7、7、7、8、8、8、12,23.0,0.986013986013986,0.022,0.511,21192,10,0.00599,,1.0,1.0,追跡時 MMSE［時間見当識＋遅延再生＋3段階命令＋書字］、追跡時 MMSE［時間見当識＋遅延再生＋3段階命令＋図形模写］
M2_下位項目の差,初回 CDR［地域社会の活動−家庭・趣味］,MWU（完全並べ替え）,5,9,"0［-0.5, 0.5］","0［-0.5, 0.5］",-0.5、0、0、0、0.5,-0.5、0、0、0、0、0、0、0.5、0.5,20.5,0.9865134865134865,-0.089,0.456,1325,14,0.01798,,1.0,1.0,
M_MMSE部分集合(k=4),初回 MMSE［注意計算＋遅延再生＋復唱＋3段階命令］,MWU（完全並べ替え）,5,9,"8［6, 10］","8［7, 11］",6、8、8、10、10,7、7、8、8、8、9、9、9、11,23.0,0.989010989010989,0.022,0.511,21192,12,0.0015,,1.0,1.0,
M_MMSE部分集合(k=4),初回 MMSE［注意計算＋遅延再生＋復唱＋図形模写］,MWU（完全並べ替え）,5,9,"6［4, 8］","6［5, 9］",4、6、6、8、8,5、5、6、6、6、7、7、7、9,23.0,0.989010989010989,0.022,0.511,21192,12,0.0015,,1.0,1.0,
M_MMSE部分集合(k=5),初回 MMSE［注意計算＋遅延再生＋復唱＋読字理解＋3段階命令］,MWU（完全並べ替え）,5,9,"9［7, 11］","9［8, 12］",7、9、9、11、11,8、8、9、9、9、10、10、10、12,23.0,0.989010989010989,0.022,0.511,21192,12,0.0015,,1.0,1.0,初回 MMSE［注意計算＋遅延再生＋復唱＋3段階命令＋書字］
M_MMSE部分集合(k=5),初回 MMSE［注意計算＋遅延再生＋復唱＋読字理解＋図形模写］,MWU（完全並べ替え）,5,9,"7［5, 9］","7［6, 10］",5、7、7、9、9,6、6、7、7、7、8、8、8、10,23.0,0.989010989010989,0.022,0.511,21192,12,0.0015,,1.0,1.0,初回 MMSE［注意計算＋遅延再生＋復唱＋書字＋図形模写］
M_MMSE部分集合(k=5),初回 MMSE［物品呼称＋注意計算＋遅延再生＋復唱＋3段階命令］,MWU（完全並べ替え）,5,9,"10［8, 12］","10［9, 13］",8、10、10、12、12,9、9、10、10、10、11、11、11、13,23.0,0.989010989010989,0.022,0.511,21192,12,0.0015,,1.0,1.0,初回 MMSE［注意計算＋遅延再生＋復唱＋読字理解＋3段階命令＋書字］
M_MMSE部分集合(k=5),初回 MMSE［物品呼称＋注意計算＋遅延再生＋復唱＋図形模写］,MWU（完全並べ替え）,5,9,"8［6, 10］","8［7, 11］",6、8、8、10、10,7、7、8、8、8、9、9、9、11,23.0,0.989010989010989,0.022,0.511,21192,12,0.0015,,1.0,1.0,初回 MMSE［注意計算＋遅延再生＋復唱＋読字理解＋書字＋図形模写］
M_MMSE部分集合(k=7),初回 MMSE［物品呼称＋注意計算＋遅延再生＋復唱＋読字理解＋3段階命令＋書字］,MWU（完全並べ替え）,5,9,"12［10, 14］","12［11, 15］",10、12、12、14、14,11、11、12、12、12、13、13、13、15,23.0,0.989010989010989,0.022,0.511,21192,12,0.0015,,1.0,1.0,
M_MMSE部分集合(k=6),初回 MMSE［物品呼称＋注意計算＋遅延再生＋復唱＋読字理解＋3段階命令］,MWU（完全並べ替え）,5,9,"11［9, 13］","11［10, 14］",9、11、11、13、13,10、10、11、11、11、12、12、12、14,23.0,0.989010989010989,0.022,0.511,21192,12,0.0015,,1.0,1.0,初回 MMSE［物品呼称＋注意計算＋遅延再生＋復唱＋3段階命令＋書字］
M_MMSE部分集合(k=6),初回 MMSE［物品呼称＋注意計算＋遅延再生＋復唱＋読字理解＋図形模写］,MWU（完全並べ替え）,5,9,"9［7, 11］","9［8, 12］",7、9、9、11、11,8、8、9、9、9、10、10、10、12,23.0,0.989010989010989,0.022,0.511,21192,12,0.0015,,1.0,1.0,初回 MMSE［物品呼称＋注意計算＋遅延再生＋復唱＋書字＋図形模写］
M_MMSE部分集合(k=7),初回 MMSE［物品呼称＋注意計算＋遅延再生＋復唱＋読字理解＋書字＋図形模写］,MWU（完全並べ替え）,5,9,"10［8, 12］","10［9, 13］",8、10、10、12、12,9、9、10、10、10、11、11、11、13,23.0,0.989010989010989,0.022,0.511,21192,12,0.0015,,1.0,1.0,
M_MMSE部分集合(k=3),初回 MMSE［場所見当識＋3段階命令＋図形模写］,MWU（完全並べ替え）,5,9,"8［7, 9］","8［7, 9］",7、8、8、9、9,7、8、8、8、8、9、9、9、9,20.5,0.99000999000999,-0.089,0.456,1325,14,0.003,,1.0,1.0,
M_MMSE部分集合(k=3),初回 MMSE［場所見当識＋復唱＋読字理解］,MWU（完全並べ替え）,5,9,"6［5, 7］","6［5, 7］",5、6、6、7、7,5、6、6、6、6、7、7、7、7,20.5,0.99000999000999,-0.089,0.456,1325,14,0.003,,1.0,1.0,初回 MMSE［場所見当識＋復唱＋書字］
M_MMSE部分集合(k=2),初回 MMSE［場所見当識＋復唱］,MWU（完全並べ替え）,5,9,"5［4, 6］","5［4, 6］",4、5、5、6、6,4、5、5、5、5、6、6、6、6,20.5,0.99000999000999,-0.089,0.456,1325,14,0.003,,1.0,1.0,
M_MMSE部分集合(k=4),初回 MMSE［場所見当識＋物品呼称＋3段階命令＋図形模写］,MWU（完全並べ替え）,5,9,"10［9, 11］","10［9, 11］",9、10、10、11、11,9、10、10、10、10、11、11、11、11,20.5,0.99000999000999,-0.089,0.456,1325,14,0.003,,1.0,1.0,初回 MMSE［場所見当識＋読字理解＋3段階命令＋書字＋図形模写］
M_MMSE部分集合(k=5),初回 MMSE［場所見当識＋物品呼称＋復唱＋読字理解＋書字］,MWU（完全並べ替え）,5,9,"9［8, 10］","9［8, 10］",8、9、9、10、10,8、9、9、9、9、10、10、10、10,20.5,0.99000999000999,-0.089,0.456,1325,14,0.003,,1.0,1.0,
M_MMSE部分集合(k=4),初回 MMSE［場所見当識＋物品呼称＋復唱＋読字理解］,MWU（完全並べ替え）,5,9,"8［7, 9］","8［7, 9］",7、8、8、9、9,7、8、8、8、8、9、9、9、9,20.5,0.99000999000999,-0.089,0.456,1325,14,0.003,,1.0,1.0,初回 MMSE［場所見当識＋物品呼称＋復唱＋書字］
M_MMSE部分集合(k=3),初回 MMSE［場所見当識＋物品呼称＋復唱］,MWU（完全並べ替え）,5,9,"7［6, 8］","7［6, 8］",6、7、7、8、8,6、7、7、7、7、8、8、8、8,20.5,0.99000999000999,-0.089,0.456,1325,14,0.003,,1.0,1.0,初回 MMSE［場所見当識＋復唱＋読字理解＋書字］
M_MMSE部分集合(k=5),初回 MMSE［場所見当識＋物品呼称＋読字理解＋3段階命令＋図形模写］,MWU（完全並べ替え）,5,9,"11［10, 12］","11［10, 12］",10、11、11、12、12,10、11、11、11、11、12、12、12、12,20.5,0.99000999000999,-0.089,0.456,1325,14,0.003,,1.0,1.0,初回 MMSE［場所見当識＋物品呼称＋3段階命令＋書字＋図形模写］
M_MMSE部分集合(k=6),初回 MMSE［場所見当識＋物品呼称＋読字理解＋3段階命令＋書字＋図形模写］,MWU（完全並べ替え）,5,9,"12［11, 13］","12［11, 13］",11、12、12、13、13,11、12、12、12、12、13、13、13、13,20.5,0.99000999000999,-0.089,0.456,1325,14,0.003,,1.0,1.0,
M_MMSE部分集合(k=4),初回 MMSE［場所見当識＋読字理解＋3段階命令＋図形模写］,MWU（完全並べ替え）,5,9,"9［8, 10］","9［8, 10］",8、9、9、10、10,8、9、9、9、9、10、10、10、10,20.5,0.99000999000999,-0.089,0.456,1325,14,0.003,,1.0,1.0,初回 MMSE［場所見当識＋3段階命令＋書字＋図形模写］
M_CDR部分集合(k=3),追跡時 CDR［見当識＋家庭・趣味＋身の回りの世話］,MWU（完全並べ替え）,5,9,"1［0.5, 2］","1［0.5, 2］",0.5、0.5、1、1、2,0.5、0.5、0.5、0.5、1、1、1、1、2,24.5,0.99000999000999,0.089,0.544,1325,14,0.003,,1.0,1.0,
M_MMSE部分集合(k=3),初回 MMSE［時間見当識＋注意計算＋図形模写］,MWU（完全並べ替え）,5,9,"9［7, 11］","9［6, 11］",7、8、9、10、11,6、7、7、8、9、10、11、11、11,23.0,0.993006993006993,0.022,0.511,21192,13,0.002,,1.0,1.0,
M_MMSE部分集合(k=4),初回 MMSE［時間見当識＋注意計算＋読字理解＋図形模写］,MWU（完全並べ替え）,5,9,"10［8, 12］","10［7, 12］",8、9、10、11、12,7、8、8、9、10、11、12、12、12,23.0,0.993006993006993,0.022,0.511,21192,13,0.002,,1.0,1.0,初回 MMSE［時間見当識＋注意計算＋書字＋図形模写］
M_MMSE部分集合(k=4),初回 MMSE［時間見当識＋物品呼称＋注意計算＋図形模写］,MWU（完全並べ替え）,5,9,"11［9, 13］","11［8, 13］",9、10、11、12、13,8、9、9、10、11、12、13、13、13,23.0,0.993006993006993,0.022,0.511,21192,13,0.002,,1.0,1.0,初回 MMSE［時間見当識＋注意計算＋読字理解＋書字＋図形模写］
M_MMSE部分集合(k=5),初回 MMSE［時間見当識＋物品呼称＋注意計算＋読字理解＋図形模写］,MWU（完全並べ替え）,5,9,"12［10, 14］","12［9, 14］",10、11、12、13、14,9、10、10、11、12、13、14、14、14,23.0,0.993006993006993,0.022,0.511,21192,13,0.002,,1.0,1.0,初回 MMSE［時間見当識＋物品呼称＋注意計算＋書字＋図形模写］
M_MMSE部分集合(k=6),初回 MMSE［時間見当識＋物品呼称＋注意計算＋読字理解＋書字＋図形模写］,MWU（完全並べ替え）,5,9,"13［11, 15］","13［10, 15］",11、12、13、14、15,10、11、11、12、13、14、15、15、15,23.0,0.993006993006993,0.022,0.511,21192,13,0.002,,1.0,1.0,
D_年換算変化量,Δ CDR-SB／年,MWU（完全並べ替え）,3,8,"0.8219［0, 1.7143］","0.8287［0, 2.0168］",0、0.8219、1.7143,0、0、0、0.6897、0.9677、1.0084、1.3559、2.0168,12.5,0.9939393939393939,0.042,0.521,6028,4,0.00433,,1.0,1.0,
O_月あたり変化量,Δ CDR-SB／月,MWU（完全並べ替え）,3,8,"0.06849［0, 0.14286］","0.06906［0, 0.16807］",0、0.06849、0.14286,0、0、0、0.05747、0.08065、0.08403、0.11299、0.16807,12.5,0.9939393939393939,0.042,0.521,6028,4,0.00433,,1.0,1.0,
M_CDR部分集合(k=5),追跡時 CDR［記憶＋見当識＋地域社会の活動＋家庭・趣味＋身の回りの世話］,MWU（完全並べ替え）,5,9,"1.5［1, 4］","2［1, 3.5］",1、1.5、1.5、2、4,1、1、1、1.5、2、2.5、2.5、3、3.5,22.0,0.994005994005994,-0.022,0.489,21192,11,0.0005,,1.0,1.0,
M_CDR部分集合(k=4),Δ CDR［記憶＋地域社会の活動＋家庭・趣味＋身の回りの世話］,MWU（完全並べ替え）,5,9,"0.5［0, 2］","0.5［0, 1.5］",0、0、0.5、0.5、2,0、0、0、0、0.5、1、1.5、1.5、1.5,22.0,0.997002997002997,-0.022,0.489,21192,12,0.0005,,1.0,1.0,
M_CDR部分集合(k=3),Δ CDR［記憶＋地域社会の活動＋家庭・趣味］,MWU（完全並べ替え）,5,9,"0.5［0, 2］","0.5［0, 1.5］",0、0、0.5、0.5、2,0、0、0、0、0.5、0.5、1、1.5、1.5,23.0,0.997002997002997,0.022,0.511,21192,12,0.002,,1.0,1.0,
E_合成指標,初回 MMSE 注意・構成計（注意計算＋図形模写）,MWU（完全並べ替え）,5,9,"5［2, 6］","5［4, 6］",2、5、5、6、6,4、4、4、5、5、6、6、6、6,22.0,0.997002997002997,-0.022,0.489,21192,13,0.002,,1.0,1.0,初回 MMSE［注意計算＋図形模写］
M_MMSE部分集合(k=2),初回 MMSE［注意計算＋3段階命令］,MWU（完全並べ替え）,5,9,"7［4, 8］","7［6, 8］",4、7、7、8、8,6、6、6、7、7、8、8、8、8,22.0,0.997002997002997,-0.022,0.489,21192,13,0.002,,1.0,1.0,
M_MMSE部分集合(k=3),初回 MMSE［注意計算＋読字理解＋3段階命令］,MWU（完全並べ替え）,5,9,"8［5, 9］","8［7, 9］",5、8、8、9、9,7、7、7、8、8、9、9、9、9,22.0,0.997002997002997,-0.022,0.489,21192,13,0.002,,1.0,1.0,初回 MMSE［注意計算＋3段階命令＋書字］
M_MMSE部分集合(k=3),初回 MMSE［注意計算＋読字理解＋図形模写］,MWU（完全並べ替え）,5,9,"6［3, 7］","6［5, 7］",3、6、6、7、7,5、5、5、6、6、7、7、7、7,22.0,0.997002997002997,-0.022,0.489,21192,13,0.002,,1.0,1.0,初回 MMSE［注意計算＋書字＋図形模写］
M_MMSE部分集合(k=3),初回 MMSE［注意計算＋遅延再生＋3段階命令］,MWU（完全並べ替え）,5,9,"7［5, 9］","7［6, 11］",5、7、7、9、9,6、7、7、7、7、8、8、8、11,22.0,0.997002997002997,-0.022,0.489,21192,11,0.0015,,1.0,1.0,
M_MMSE部分集合(k=3),初回 MMSE［注意計算＋遅延再生＋図形模写］,MWU（完全並べ替え）,5,9,"5［3, 7］","5［4, 9］",3、5、5、7、7,4、5、5、5、5、6、6、6、9,22.0,0.997002997002997,-0.022,0.489,21192,11,0.0015,,1.0,1.0,
M_MMSE部分集合(k=4),初回 MMSE［注意計算＋遅延再生＋読字理解＋3段階命令］,MWU（完全並べ替え）,5,9,"8［6, 10］","8［7, 12］",6、8、8、10、10,7、8、8、8、8、9、9、9、12,22.0,0.997002997002997,-0.022,0.489,21192,11,0.0015,,1.0,1.0,初回 MMSE［注意計算＋遅延再生＋3段階命令＋書字］
M_MMSE部分集合(k=4),初回 MMSE［注意計算＋遅延再生＋読字理解＋図形模写］,MWU（完全並べ替え）,5,9,"6［4, 8］","6［5, 10］",4、6、6、8、8,5、6、6、6、6、7、7、7、10,22.0,0.997002997002997,-0.022,0.489,21192,11,0.0015,,1.0,1.0,初回 MMSE［注意計算＋遅延再生＋書字＋図形模写］
M_MMSE部分集合(k=3),初回 MMSE［物品呼称＋注意計算＋3段階命令］,MWU（完全並べ替え）,5,9,"9［6, 10］","9［8, 10］",6、9、9、10、10,8、8、8、9、9、10、10、10、10,22.0,0.997002997002997,-0.022,0.489,21192,13,0.002,,1.0,1.0,初回 MMSE［注意計算＋読字理解＋3段階命令＋書字］
M_MMSE部分集合(k=3),初回 MMSE［物品呼称＋注意計算＋図形模写］,MWU（完全並べ替え）,5,9,"7［4, 8］","7［6, 8］",4、7、7、8、8,6、6、6、7、7、8、8、8、8,22.0,0.997002997002997,-0.022,0.489,21192,13,0.002,,1.0,1.0,初回 MMSE［注意計算＋読字理解＋書字＋図形模写］
M_MMSE部分集合(k=5),初回 MMSE［物品呼称＋注意計算＋読字理解＋3段階命令＋書字］,MWU（完全並べ替え）,5,9,"11［8, 12］","11［10, 12］",8、11、11、12、12,10、10、10、11、11、12、12、12、12,22.0,0.997002997002997,-0.022,0.489,21192,13,0.002,,1.0,1.0,
M_MMSE部分集合(k=4),初回 MMSE［物品呼称＋注意計算＋読字理解＋3段階命令］,MWU（完全並べ替え）,5,9,"10［7, 11］","10［9, 11］",7、10、10、11、11,9、9、9、10、10、11、11、11、11,22.0,0.997002997002997,-0.022,0.489,21192,13,0.002,,1.0,1.0,初回 MMSE［物品呼称＋注意計算＋3段階命令＋書字］
M_MMSE部分集合(k=4),初回 MMSE［物品呼称＋注意計算＋読字理解＋図形模写］,MWU（完全並べ替え）,5,9,"8［5, 9］","8［7, 9］",5、8、8、9、9,7、7、7、8、8、9、9、9、9,22.0,0.997002997002997,-0.022,0.489,21192,13,0.002,,1.0,1.0,初回 MMSE［物品呼称＋注意計算＋書字＋図形模写］
M_MMSE部分集合(k=5),初回 MMSE［物品呼称＋注意計算＋読字理解＋書字＋図形模写］,MWU（完全並べ替え）,5,9,"9［6, 10］","9［8, 10］",6、9、9、10、10,8、8、8、9、9、10、10、10、10,22.0,0.997002997002997,-0.022,0.489,21192,13,0.002,,1.0,1.0,
M_MMSE部分集合(k=4),初回 MMSE［物品呼称＋注意計算＋遅延再生＋3段階命令］,MWU（完全並べ替え）,5,9,"9［7, 11］","9［8, 13］",7、9、9、11、11,8、9、9、9、9、10、10、10、13,22.0,0.997002997002997,-0.022,0.489,21192,11,0.0015,,1.0,1.0,初回 MMSE［注意計算＋遅延再生＋読字理解＋3段階命令＋書字］
M_MMSE部分集合(k=4),初回 MMSE［物品呼称＋注意計算＋遅延再生＋図形模写］,MWU（完全並べ替え）,5,9,"7［5, 9］","7［6, 11］",5、7、7、9、9,6、7、7、7、7、8、8、8、11,22.0,0.997002997002997,-0.022,0.489,21192,11,0.0015,,1.0,1.0,初回 MMSE［注意計算＋遅延再生＋読字理解＋書字＋図形模写］
M_MMSE部分集合(k=6),初回 MMSE［物品呼称＋注意計算＋遅延再生＋読字理解＋3段階命令＋書字］,MWU（完全並べ替え）,5,9,"11［9, 13］","11［10, 15］",9、11、11、13、13,10、11、11、11、11、12、12、12、15,22.0,0.997002997002997,-0.022,0.489,21192,11,0.0015,,1.0,1.0,
M_MMSE部分集合(k=5),初回 MMSE［物品呼称＋注意計算＋遅延再生＋読字理解＋3段階命令］,MWU（完全並べ替え）,5,9,"10［8, 12］","10［9, 14］",8、10、10、12、12,9、10、10、10、10、11、11、11、14,22.0,0.997002997002997,-0.022,0.489,21192,11,0.0015,,1.0,1.0,初回 MMSE［物品呼称＋注意計算＋遅延再生＋3段階命令＋書字］
M_MMSE部分集合(k=5),初回 MMSE［物品呼称＋注意計算＋遅延再生＋読字理解＋図形模写］,MWU（完全並べ替え）,5,9,"8［6, 10］","8［7, 12］",6、8、8、10、10,7、8、8、8、8、9、9、9、12,22.0,0.997002997002997,-0.022,0.489,21192,11,0.0015,,1.0,1.0,初回 MMSE［物品呼称＋注意計算＋遅延再生＋書字＋図形模写］
M_MMSE部分集合(k=6),初回 MMSE［物品呼称＋注意計算＋遅延再生＋読字理解＋書字＋図形模写］,MWU（完全並べ替え）,5,9,"9［7, 11］","9［8, 13］",7、9、9、11、11,8、9、9、9、9、10、10、10、13,22.0,0.997002997002997,-0.022,0.489,21192,11,0.0015,,1.0,1.0,
M2_下位項目の差,Δ MMSE［時間見当識−遅延再生］,MWU（完全並べ替え）,5,9,"0［-3, 0］","0［-1, 3］",-3、0、0、0、0,-1、-1、-1、-1、0、0、0、1、3,22.0,0.998001998001998,-0.022,0.489,21192,11,0.0005,,1.0,1.0,
L_固定時点(12か月),12か月 CDR 見当識,MWU（完全並べ替え）,3,6,"0.5［0, 0.5］","0.5［0, 0.5］",0、0.5、0.5,0、0.5、0.5、0.5、0.5、0.5,7.5,1.0,-0.167,0.417,377,9,0.02778,,1.0,1.0,
L_固定時点(12か月),12か月 CDR 記憶,MWU（完全並べ替え）,3,6,"0.5［0.5, 1］","0.75［0.5, 1］",0.5、0.5、1,0.5、0.5、0.5、1、1、1,7.5,1.0,-0.167,0.417,377,9,0.00794,,1.0,1.0,
L_固定時点(12か月),12か月 CDR 身の回りの世話,MWU（完全並べ替え）,3,6,"0［0, 0］","0［0, 1］",0、0、0,0、0、0、0、0、1,7.5,1.0,-0.167,0.417,377,8,0.11111,,1.0,1.0,12か月 ΔCDR 身の回りの世話
L_固定時点(12か月),12か月 Global CDR,MWU（完全並べ替え）,3,6,"0.5［0.5, 1］","0.5［0.5, 1］",0.5、0.5、1,0.5、0.5、0.5、0.5、0.5、1,10.5,1.0,0.167,0.583,377,9,0.02778,,1.0,1.0,
L_固定時点(12か月),12か月 MMSE 3段階命令,MWU（完全並べ替え）,3,6,"3［3, 3］","3［2, 3］",3、3、3,2、3、3、3、3、3,10.5,1.0,0.167,0.583,377,8,0.11111,,1.0,1.0,
L_固定時点(12か月),12か月 MMSE 復唱,MWU,3,6,"1［1, 1］","1［1, 1］",,,,1.0,,,,,,全例が同値のため差が定義されない,1.0,1.0,12か月 MMSE 読字理解、12か月 MMSE 書字
L_固定時点(12か月),12か月 MMSE 物品呼称,MWU,3,6,"2［2, 2］","2［2, 2］",,,,1.0,,,,,,全例が同値のため差が定義されない,1.0,1.0,
L_固定時点(12か月),12か月 MMSE 記銘,MWU,3,6,"3［3, 3］","3［3, 3］",,,,1.0,,,,,,全例が同値のため差が定義されない,1.0,1.0,
L_固定時点(12か月),12か月 MMSE 遅延再生,MWU（完全並べ替え）,3,6,"0［0, 2］","0［0, 3］",0、0、2,0、0、0、0、1、3,9.0,1.0,0.0,0.5,,6,0.0119,,1.0,1.0,
L_固定時点(12か月),12か月 ΔCDR 判断力・問題解決,MWU（完全並べ替え）,3,6,"0［0, 0］","0［0, 0.5］",0、0、0,0、0、0、0、0、0.5,7.5,1.0,-0.167,0.417,377,8,0.11111,,1.0,1.0,
L_固定時点(12か月),12か月 ΔCDR 地域社会の活動,MWU（完全並べ替え）,3,6,"0［0, 0.5］","0.25［0, 0.5］",0、0、0.5,0、0、0、0.5、0.5、0.5,7.5,1.0,-0.167,0.417,377,9,0.00794,,1.0,1.0,
L_固定時点(12か月),12か月 ΔCDR 家庭・趣味,MWU（完全並べ替え）,3,6,"0［0, 1］","0.25［0, 0.5］",0、0、1,0、0、0、0.5、0.5、0.5,9.0,1.0,0.0,0.5,,8,0.00794,,1.0,1.0,
L_固定時点(12か月),12か月 ΔCDR 見当識,MWU（完全並べ替え）,3,6,"0［0, 0.5］","0［0, 0.5］",0、0、0.5,0、0、0、0、0.5、0.5,9.0,1.0,0.0,0.5,,9,0.0119,,1.0,1.0,
L_固定時点(12か月),12か月 ΔCDR 記憶,MWU（完全並べ替え）,3,6,"0［0, 0.5］","0.25［0, 0.5］",0、0、0.5,0、0、0、0.5、0.5、0.5,7.5,1.0,-0.167,0.417,377,9,0.00794,,1.0,1.0,
L_固定時点(12か月),12か月 ΔGlobal CDR,MWU（完全並べ替え）,3,6,"0［0, 0.5］","0［0, 0.5］",0、0、0.5,0、0、0、0、0、0.5,10.5,1.0,0.167,0.583,377,9,0.02778,,1.0,1.0,
L_固定時点(12か月),12か月 ΔMMSE 復唱,MWU（完全並べ替え）,3,6,"0［0, 0］","0［0, 1］",0、0、0,0、0、0、0、0、1,7.5,1.0,-0.167,0.417,377,8,0.11111,,1.0,1.0,
L_固定時点(12か月),12か月 ΔMMSE 時間見当識,MWU（完全並べ替え）,3,6,"0［-1, 0］","-0.5［-1, 1］",-1、0、0,-1、-1、-1、0、0、1,9.5,1.0,0.056,0.528,3391,8,0.00794,,1.0,1.0,
L_固定時点(12か月),12か月 ΔMMSE 物品呼称,MWU,3,6,"0［0, 0］","0［0, 0］",,,,1.0,,,,,,全例が同値のため差が定義されない,1.0,1.0,12か月 ΔMMSE 読字理解、12か月 ΔMMSE 3段階命令、12か月 ΔMMSE 書字
L_固定時点(18か月),18か月 CDR 家庭・趣味,MWU（完全並べ替え）,3,3,"0.5［0, 1］","0.5［0, 0.5］",0、0.5、1,0、0.5、0.5,5.5,1.0,0.222,0.611,212,5,0.06667,,1.0,1.0,
L_固定時点(18か月),18か月 CDR 見当識,MWU（完全並べ替え）,3,3,"0.5［0, 1］","0.5［0.5, 1］",0、0.5、1,0.5、0.5、1,3.5,1.0,-0.222,0.389,212,5,0.06667,,1.0,1.0,
L_固定時点(18か月),18か月 CDR 記憶,MWU（完全並べ替え）,3,3,"1［0.5, 1］","0.5［0.5, 1］",0.5、1、1,0.5、0.5、1,6.0,1.0,0.333,0.667,95,6,0.1,,1.0,1.0,
L_固定時点(18か月),18か月 CDR 身の回りの世話,MWU（完全並べ替え）,3,3,"0［0, 0］","0［0, 1］",0、0、0,0、0、1,3.0,1.0,-0.333,0.333,95,5,0.16667,,1.0,1.0,18か月 ΔCDR 身の回りの世話
L_固定時点(18か月),18か月 Global CDR,MWU（完全並べ替え）,3,3,"0.5［0.5, 1］","1［0.5, 1］",0.5、0.5、1,0.5、1、1,3.0,1.0,-0.333,0.333,95,6,0.1,,1.0,1.0,
L_固定時点(18か月),18か月 MMSE 場所見当識,MWU（完全並べ替え）,3,3,"5［4, 5］","5［4, 5］",4、5、5,4、5、5,4.5,1.0,0.0,0.5,,6,0.06667,,1.0,1.0,
L_固定時点(18か月),18か月 MMSE 復唱,MWU,3,3,"1［1, 1］","1［1, 1］",,,,1.0,,,,,,全例が同値のため差が定義されない,1.0,1.0,18か月 MMSE 読字理解、18か月 MMSE 書字、18か月 MMSE 図形模写
L_固定時点(18か月),18か月 MMSE 注意計算,MWU（完全並べ替え）,3,3,"4［4, 5］","4［3, 5］",4、4、5,3、4、5,5.5,1.0,0.222,0.611,212,5,0.06667,,1.0,1.0,
L_固定時点(18か月),18か月 MMSE 物品呼称,MWU,3,3,"2［2, 2］","2［2, 2］",,,,1.0,,,,,,全例が同値のため差が定義されない,1.0,1.0,
L_固定時点(18か月),18か月 MMSE 記銘,MWU,3,3,"3［3, 3］","3［3, 3］",,,,1.0,,,,,,全例が同値のため差が定義されない,1.0,1.0,18か月 MMSE 3段階命令
L_固定時点(18か月),18か月 MMSE 遅延再生,MWU（完全並べ替え）,3,3,"0［0, 1］","0［0, 0］",0、0、1,0、0、0,6.0,1.0,0.333,0.667,95,5,0.16667,,1.0,1.0,
L_固定時点(18か月),18か月 ΔCDR 見当識,MWU（完全並べ替え）,3,3,"0.5［0, 0.5］","0.5［0, 0.5］",0、0.5、0.5,0、0.5、0.5,4.5,1.0,0.0,0.5,,6,0.06667,,1.0,1.0,
L_固定時点(18か月),18か月 ΔCDR 記憶,MWU（完全並べ替え）,3,3,"0.5［0, 0.5］","0［0, 0.5］",0、0.5、0.5,0、0、0.5,6.0,1.0,0.333,0.667,95,6,0.1,,1.0,1.0,
L_固定時点(18か月),18か月 ΔGlobal CDR,MWU（完全並べ替え）,3,3,"0［0, 0.5］","0.5［0, 0.5］",0、0、0.5,0、0.5、0.5,3.0,1.0,-0.333,0.333,95,6,0.1,,1.0,1.0,
L_固定時点(18か月),18か月 ΔMMSE 図形模写,MWU（完全並べ替え）,3,3,"0［0, 0］","0［0, 1］",0、0、0,0、0、1,3.0,1.0,-0.333,0.333,95,5,0.16667,,1.0,1.0,
L_固定時点(18か月),18か月 ΔMMSE 場所見当識,MWU（完全並べ替え）,3,3,"0［0, 2］","0［0, 0］",0、0、2,0、0、0,6.0,1.0,0.333,0.667,95,5,0.16667,,1.0,1.0,
L_固定時点(18か月),18か月 ΔMMSE 時間見当識,MWU（完全並べ替え）,3,3,"0［-3, 0］","0［-1, 0］",-3、0、0,-1、0、0,4.0,1.0,-0.111,0.444,848,4,0.06667,,1.0,1.0,
L_固定時点(18か月),18か月 ΔMMSE 物品呼称,MWU,3,3,"0［0, 0］","0［0, 0］",,,,1.0,,,,,,全例が同値のため差が定義されない,1.0,1.0,18か月 ΔMMSE 遅延再生 ほか4件
L_固定時点(18か月),18か月 ΔMMSE 記銘,MWU（完全並べ替え）,3,3,"0［0, 1］","0［0, 0］",0、0、1,0、0、0,6.0,1.0,0.333,0.667,95,5,0.16667,,1.0,1.0,
L_固定時点(24か月),24か月 CDR 家庭・趣味,MWU,1,1,"0.5［0.5, 0.5］","0.5［0.5, 0.5］",,,,1.0,,,,,,全例が同値のため差が定義されない,1.0,1.0,24か月 ΔCDR 家庭・趣味
L_固定時点(24か月),24か月 CDR-SB,MWU（完全並べ替え）,1,1,"1［1, 1］","4［4, 4］",1,4,0.0,1.0,-1.0,0.0,11,0,1.0,,1.0,1.0,
L_固定時点(24か月),24か月 Global CDR,MWU（完全並べ替え）,1,1,"0.5［0.5, 0.5］","1［1, 1］",0.5,1,0.0,1.0,-1.0,0.0,11,0,1.0,,1.0,1.0,24か月 CDR 記憶
L_固定時点(24か月),24か月 MMSE 場所見当識,MWU,1,1,"5［5, 5］","5［5, 5］",,,,1.0,,,,,,全例が同値のため差が定義されない,1.0,1.0,
L_固定時点(24か月),24か月 MMSE 復唱,MWU,1,1,"1［1, 1］","1［1, 1］",,,,1.0,,,,,,全例が同値のため差が定義されない,1.0,1.0,24か月 MMSE 読字理解、24か月 MMSE 書字、24か月 MMSE 図形模写
L_固定時点(24か月),24か月 MMSE 時間見当識,MWU（完全並べ替え）,1,1,"5［5, 5］","3［3, 3］",5,3,1.0,1.0,1.0,1.0,11,0,1.0,,1.0,1.0,
L_固定時点(24か月),24か月 MMSE 注意計算,MWU（完全並べ替え）,1,1,"4［4, 4］","3［3, 3］",4,3,1.0,1.0,1.0,1.0,11,0,1.0,,1.0,1.0,
L_固定時点(24か月),24か月 MMSE 物品呼称,MWU,1,1,"2［2, 2］","2［2, 2］",,,,1.0,,,,,,全例が同値のため差が定義されない,1.0,1.0,
L_固定時点(24か月),24か月 MMSE 記銘,MWU,1,1,"3［3, 3］","3［3, 3］",,,,1.0,,,,,,全例が同値のため差が定義されない,1.0,1.0,24か月 MMSE 3段階命令
L_固定時点(24か月),24か月 MMSE 遅延再生,MWU（完全並べ替え）,1,1,"1［1, 1］","0［0, 0］",1,0,1.0,1.0,1.0,1.0,11,0,1.0,,1.0,1.0,
L_固定時点(24か月),24か月 MMSE合計,MWU（完全並べ替え）,1,1,"27［27, 27］","23［23, 23］",27,23,1.0,1.0,1.0,1.0,11,0,1.0,,1.0,1.0,
L_固定時点(24か月),24か月 ΔCDR-SB,MWU（完全並べ替え）,1,1,"0.5［0.5, 0.5］","2［2, 2］",0.5,2,0.0,1.0,-1.0,0.0,11,0,1.0,,1.0,1.0,
L_固定時点(24か月),24か月 ΔGlobal CDR,MWU（完全並べ替え）,1,1,"0［0, 0］","0.5［0.5, 0.5］",0,0.5,0.0,1.0,-1.0,0.0,11,0,1.0,,1.0,1.0,24か月 ΔCDR 記憶、24か月 CDR 見当識、24か月 ΔCDR 判断力・問題解決、24か月 ΔCDR 地域社会の活動
L_固定時点(24か月),24か月 ΔMMSE 場所見当識,MWU,1,1,"0［0, 0］","0［0, 0］",,,,1.0,,,,,,全例が同値のため差が定義されない,1.0,1.0,24か月 ΔMMSE 物品呼称 ほか9件
L_固定時点(24か月),24か月 ΔMMSE 時間見当識,MWU（完全並べ替え）,1,1,"0［0, 0］","1［1, 1］",0,1,0.0,1.0,-1.0,0.0,11,0,1.0,,1.0,1.0,24か月 ΔMMSE 図形模写、24か月 CDR 判断力・問題解決、24か月 CDR 地域社会の活動
L_固定時点(24か月),24か月 ΔMMSE 注意計算,MWU（完全並べ替え）,1,1,"3［3, 3］","-2［-2, -2］",3,-2,1.0,1.0,1.0,1.0,11,0,1.0,,1.0,1.0,
L_固定時点(24か月),24か月 ΔMMSE合計,MWU（完全並べ替え）,1,1,"3［3, 3］","0［0, 0］",3,0,1.0,1.0,1.0,1.0,11,0,1.0,,1.0,1.0,
L_固定時点(6か月),6か月 CDR 家庭・趣味,MWU（完全並べ替え）,5,9,"0.5［0, 0.5］","0.5［0, 0.5］",0、0、0.5、0.5、0.5,0、0、0、0、0.5、0.5、0.5、0.5、0.5,23.5,1.0,0.044,0.522,5298,14,0.003,,1.0,1.0,
L_固定時点(6か月),6か月 CDR 見当識,MWU（完全並べ替え）,5,9,"0.5［0, 1］","0.5［0, 0.5］",0、0.5、0.5、0.5、1,0、0.5、0.5、0.5、0.5、0.5、0.5、0.5、0.5,24.5,1.0,0.089,0.544,1325,13,0.08242,,1.0,1.0,
L_固定時点(6か月),6か月 CDR 記憶,MWU（完全並べ替え）,5,9,"0.5［0.5, 1］","0.5［0.5, 1］",0.5、0.5、0.5、0.5、1,0.5、0.5、0.5、0.5、0.5、0.5、0.5、0.5、1,24.5,1.0,0.089,0.544,1325,14,0.10989,,1.0,1.0,
L_固定時点(6か月),6か月 MMSE 場所見当識,MWU（完全並べ替え）,5,9,"5［5, 5］","5［4, 5］",5、5、5、5、5,4、5、5、5、5、5、5、5、5,25.0,1.0,0.111,0.556,848,13,0.35714,,1.0,1.0,
L_固定時点(6か月),6か月 MMSE 遅延再生,MWU（完全並べ替え）,5,9,"0［0, 2］","0［0, 2］",0、0、0、0、2,0、0、0、0、0、0、0、0、2,24.5,1.0,0.089,0.544,1325,14,0.10989,,1.0,1.0,
L_固定時点(6か月),6か月 MoCA-J,MWU（完全並べ替え）,3,2,"21［18, 23］","21［20, 22］",18、21、23,20、22,3.0,1.0,0.0,0.5,,0,0.2,,1.0,1.0,
L_固定時点(6か月),6か月 ΔCDR 家庭・趣味,MWU（完全並べ替え）,5,9,"0［0, 0.5］","0［0, 0.5］",0、0、0、0、0.5,0、0、0、0、0、0、0、0.5、0.5,22.0,1.0,-0.022,0.489,21192,14,0.02747,,1.0,1.0,
L_固定時点(6か月),6か月 ΔCDR 記憶,MWU（完全並べ替え）,5,9,"0［0, 0.5］","0［0, 0.5］",0、0、0、0、0.5,0、0、0、0、0、0、0、0、0.5,24.5,1.0,0.089,0.544,1325,14,0.10989,,1.0,1.0,
L_固定時点(6か月),6か月 ΔMMSE 3段階命令,MWU（完全並べ替え）,5,9,"0［0, 0］","0［0, 1］",0、0、0、0、0,0、0、0、0、0、0、0、0、1,20.0,1.0,-0.111,0.444,848,13,0.35714,,1.0,1.0,
L_固定時点(6か月),6か月 ΔMMSE 遅延再生,MWU（完全並べ替え）,5,9,"0［-1, 1］","0［-1, 0］",-1、-1、0、0、1,-1、-1、-1、0、0、0、0、0、0,24.0,1.0,0.067,0.533,2355,13,0.0005,,1.0,1.0,
J_2値（不変）,CDR 家庭・趣味 不変,Fisher（正確）,5,9,3/5,6/9,,,,1.0,,,,,0.0005,,1.0,1.0,
H_2値（悪化の有無）,CDR 家庭・趣味 悪化あり,Fisher（正確）,5,9,2/5,3/9,,,,1.0,,,,,0.0005,,1.0,1.0,Δ CDR 家庭・趣味 ≧0.5
J_2値（不変）,CDR 記憶 不変,Fisher（正確）,5,9,3/5,6/9,,,,1.0,,,,,0.0005,,1.0,1.0,
H_2値（悪化の有無）,CDR 記憶 悪化あり,Fisher（正確）,5,9,2/5,3/9,,,,1.0,,,,,0.0005,,1.0,1.0,Δ CDR 記憶 ≧0.5、追跡時 CDR 記憶 ≧1
J_2値（不変）,CDR 身の回りの世話 不変,Fisher（正確）,5,9,5/5,8/9,,,,1.0,,,,,0.35714,,1.0,1.0,
H_2値（悪化の有無）,CDR 身の回りの世話 悪化あり,Fisher（正確）,5,9,0/5,1/9,,,,1.0,,,,,0.35714,,1.0,1.0,Δ CDR 身の回りの世話 ≧1、追跡時 CDR 身の回りの世話 ≧1
J_2値（不変）,CDR-SB 不変,Fisher（正確）,5,9,1/5,3/9,,,,1.0,,,,,0.005,,1.0,1.0,
H_2値（悪化の有無）,CDR-SB 悪化あり,Fisher（正確）,5,9,4/5,6/9,,,,1.0,,,,,0.005,,1.0,1.0,Δ CDR-SB ≧0.5
K_2値（背景）,CDR全時点で6領域が同一,Fisher,1,1,"0［0, 0］","0［0, 0］",,,,1.0,,,,,,全例が同値のため差が定義されない,1.0,1.0,
J_2値（不変）,Global CDR 不変,Fisher（正確）,5,9,4/5,7/9,,,,1.0,,,,,0.02747,,1.0,1.0,
H_2値（悪化の有無）,Global CDR 悪化あり,Fisher（正確）,5,9,1/5,2/9,,,,1.0,,,,,0.02747,,1.0,1.0,Δ Global CDR ≧0.5、追跡時 CDR-SB ≧4、追跡時 Global CDR ≧1、追跡時 CDR 地域社会の活動 ≧1
J_2値（不変）,MMSE 図形模写 不変,Fisher（正確）,5,9,5/5,8/9,,,,1.0,,,,,0.35714,,1.0,1.0,初回 MMSE 図形模写 ≧1
I_2値（改善の有無）,MMSE 図形模写 改善あり,Fisher（正確）,5,9,0/5,1/9,,,,1.0,,,,,0.35714,,1.0,1.0,Δ MMSE 図形模写 ≧1
H_2値（悪化の有無）,MMSE 場所見当識 悪化あり,Fisher（正確）,5,9,0/5,1/9,,,,1.0,,,,,0.35714,,1.0,1.0,
J_2値（不変）,MMSE 復唱 不変,Fisher（正確）,5,9,5/5,8/9,,,,1.0,,,,,0.35714,,1.0,1.0,
I_2値（改善の有無）,MMSE 復唱 改善あり,Fisher（正確）,5,9,0/5,1/9,,,,1.0,,,,,0.35714,,1.0,1.0,初回 MMSE 遅延再生 ≧3、Δ MMSE 復唱 ≧1、追跡時 MMSE合計 ≧29、追跡時 MMSE 遅延再生 ≧3
H_2値（悪化の有無）,MMSE 時間見当識 悪化あり,Fisher（正確）,5,9,3/5,5/9,,,,1.0,,,,,0.003,,1.0,1.0,
J_2値（不変）,MMSE 注意計算 不変,Fisher（正確）,5,9,3/5,5/9,,,,1.0,,,,,0.003,,1.0,1.0,
J_2値（不変）,MMSE 物品呼称 不変,Fisher,5,9,"1［1, 1］","1［1, 1］",,,,1.0,,,,,,全例が同値のため差が定義されない,1.0,1.0,MMSE 読字理解 不変、MMSE 3段階命令 不変、MMSE 書字 不変
H_2値（悪化の有無）,MMSE 物品呼称 悪化あり,Fisher,5,9,"0［0, 0］","0［0, 0］",,,,1.0,,,,,,全例が同値のため差が定義されない,1.0,1.0,MMSE 記銘 悪化あり ほか18件
J_2値（不変）,MMSE 記銘 不変,Fisher（正確）,5,9,4/5,8/9,,,,1.0,,,,,0.10989,,1.0,1.0,初回 MMSE 記銘 ≧3
I_2値（改善の有無）,MMSE 記銘 改善あり,Fisher（正確）,5,9,1/5,1/9,,,,1.0,,,,,0.10989,,1.0,1.0,Δ MMSE 記銘 ≧1
P_方向の組合せ,MMSE低下かつCDR-SB上昇,Fisher（正確）,5,9,1/5,3/9,,,,1.0,,,,,0.005,,1.0,1.0,
J_2値（不変）,MMSE合計 不変,Fisher（正確）,5,9,1/5,2/9,,,,1.0,,,,,0.02747,,1.0,1.0,
H_2値（悪化の有無）,MMSE合計 悪化あり,Fisher（正確）,5,9,2/5,4/9,,,,1.0,,,,,0.003,,1.0,1.0,
I_2値（改善の有無）,MMSE合計 改善あり,Fisher（正確）,5,9,2/5,3/9,,,,1.0,,,,,0.0005,,1.0,1.0,Δ MMSE合計 ≧1
J_2値（不変）,MoCA-J 不変,Fisher（正確）,3,3,0/3,1/3,,,,1.0,,,,,0.16667,,1.0,1.0,初回 MoCA-J ≧24、追跡時 MoCA-J ≧24
I_2値（改善の有無）,MoCA-J 改善あり,Fisher（正確）,3,3,1/3,2/3,,,,1.0,,,,,0.1,,1.0,1.0,Δ MoCA-J ≧1
K_2値（背景）,NPI追跡の時点ラベルと原資料が不一致,Fisher（正確）,5,9,4/5,6/9,,,,1.0,,,,,0.005,,1.0,1.0,
R_初回値調整残差,Δ CDR 判断力・問題解決（初回値調整残差）,MWU（完全並べ替え）,5,9,"-0.08333［-0.08333, -0］","-0.08333［-0.08333, 0.41667］",-0.08333、-0.08333、-0.08333、-0、-0,-0.08333、-0.08333、-0.08333、-0.08333、-0.08333、-0.08333、-0.08333、0.41667、0.41667,24.5,1.0,0.089,0.544,1325,14,0.005,,1.0,1.0,
D_年換算変化量,Δ CDR 判断力・問題解決／年,MWU（完全並べ替え）,3,8,"0［0, 0］","0［0, 0.339］",0、0、0,0、0、0、0、0、0、0、0.339,10.5,1.0,-0.125,0.438,670,10,0.18182,,1.0,1.0,
O_月あたり変化量,Δ CDR 判断力・問題解決／月,MWU（完全並べ替え）,3,8,"0［0, 0］","0［0, 0.02825］",0、0、0,0、0、0、0、0、0、0、0.02825,10.5,1.0,-0.125,0.438,670,10,0.18182,,1.0,1.0,
C_変化量,Δ CDR 記憶,MWU（完全並べ替え）,5,9,"0［0, 0.5］","0［0, 0.5］",0、0、0、0.5、0.5,0、0、0、0、0、0、0.5、0.5、0.5,24.0,1.0,0.067,0.533,2355,14,0.0005,,1.0,1.0,Δ CDR［記憶］
D_年換算変化量,Δ CDR 記憶／年,MWU（完全並べ替え）,3,8,"0［0, 0.3429］","0［0, 0.5042］",0、0、0.3429,0、0、0、0、0、0、0.5042、0.5042,12.0,1.0,0.0,0.5,,10,0.00606,,1.0,1.0,
O_月あたり変化量,Δ CDR 記憶／月,MWU（完全並べ替え）,3,8,"0［0, 0.02857］","0［0, 0.04202］",0、0、0.02857,0、0、0、0、0、0、0.04202、0.04202,12.0,1.0,0.0,0.5,,10,0.00606,,1.0,1.0,
E_合成指標,Δ CDR 認知3領域計（記憶＋見当識＋判断力・問題解決）,MWU（完全並べ替え）,5,9,"0.5［0, 1］","0.5［0, 1］",0、0、0.5、1、1,0、0、0、0.5、0.5、0.5、0.5、1、1,24.0,1.0,0.067,0.533,2355,14,0.0005,,1.0,1.0,Δ CDR［記憶＋見当識＋判断力・問題解決］
D_年換算変化量,Δ CDR 身の回りの世話／年,MWU（完全並べ替え）,3,8,"0［0, 0］","0［0, 0.678］",0、0、0,0、0、0、0、0、0、0、0.678,10.5,1.0,-0.125,0.438,670,10,0.18182,,1.0,1.0,
O_月あたり変化量,Δ CDR 身の回りの世話／月,MWU（完全並べ替え）,3,8,"0［0, 0］","0［0, 0.0565］",0、0、0,0、0、0、0、0、0、0、0.0565,10.5,1.0,-0.125,0.438,670,10,0.18182,,1.0,1.0,
C_変化量,Δ CDR-SB,MWU（完全並べ替え）,5,9,"0.5［0, 2.5］","1［0, 2］",0、0.5、0.5、1、2.5,0、0、0、0.5、1、1、2、2、2,22.5,1.0,0.0,0.5,,13,0.003,,1.0,1.0,Δ CDR［記憶＋見当識＋判断力・問題解決＋地域社会の活動＋家庭・趣味＋身の回りの世話］
N_全切点2値化,Δ CDR-SB ≧1,Fisher（正確）,5,9,2/5,5/9,,,,1.0,,,,,0.02098,,1.0,1.0,
N_全切点2値化,Δ CDR-SB ≧2,Fisher（正確）,5,9,1/5,3/9,,,,1.0,,,,,0.005,,1.0,1.0,
R_初回値調整残差,Δ CDR-SB（初回値調整残差）,MWU（完全並べ替え）,5,9,"-0.1413［-1.17754, 1.45652］","-0.04348［-0.90942, 1.22464］",-1.17754、-0.27536、-0.1413、0.22464、1.45652,-0.90942、-0.90942、-0.90942、-0.54348、-0.04348、0.22464、0.82246、0.95652、1.22464,22.5,1.0,0.0,0.5,,5,0.0005,,1.0,1.0,
M2_下位項目の差,Δ CDR［判断力・問題解決−地域社会の活動］,MWU（完全並べ替え）,5,9,"0［-0.5, 0］","0［-0.5, 0］",-0.5、0、0、0、0,-0.5、-0.5、0、0、0、0、0、0、0,23.0,1.0,0.022,0.511,21192,14,0.02747,,1.0,1.0,
M2_下位項目の差,Δ CDR［判断力・問題解決−身の回りの世話］,MWU（完全並べ替え）,5,9,"0［0, 0］","0［-0.5, 0.5］",0、0、0、0、0,-0.5、0、0、0、0、0、0、0、0.5,22.5,1.0,0.0,0.5,,12,0.49451,,1.0,1.0,
M_CDR部分集合(k=2),Δ CDR［判断力・問題解決＋家庭・趣味］,MWU（完全並べ替え）,5,9,"0［0, 1］","0［0, 1］",0、0、0、0.5、1,0、0、0、0、0、0.5、0.5、0.5、1,22.5,1.0,0.0,0.5,,14,0.002,,1.0,1.0,
M_CDR部分集合(k=2),Δ CDR［家庭・趣味＋身の回りの世話］,MWU（完全並べ替え）,5,9,"0［0, 1］","0［0, 1］",0、0、0、0.5、1,0、0、0、0、0、0.5、0.5、0.5、1,22.5,1.0,0.0,0.5,,14,0.002,,1.0,1.0,
M2_下位項目の差,Δ CDR［見当識−家庭・趣味］,MWU（完全並べ替え）,5,9,"0［-0.5, 0.5］","0［-0.5, 0.5］",-0.5、-0.5、0、0.5、0.5,-0.5、-0.5、0、0、0、0、0、0.5、0.5,22.5,1.0,0.0,0.5,,14,0.00599,,1.0,1.0,
M_CDR部分集合(k=5),Δ CDR［見当識＋判断力・問題解決＋地域社会の活動＋家庭・趣味＋身の回りの世話］,MWU（完全並べ替え）,5,9,"0.5［0, 2］","0.5［0, 2］",0、0.5、0.5、0.5、2,0、0、0、0.5、0.5、1、1.5、1.5、2,22.0,1.0,-0.022,0.489,21192,13,0.0005,,1.0,1.0,
M_CDR部分集合(k=4),Δ CDR［見当識＋判断力・問題解決＋地域社会の活動＋家庭・趣味］,MWU（完全並べ替え）,5,9,"0.5［0, 2］","0.5［0, 1.5］",0、0.5、0.5、0.5、2,0、0、0、0.5、0.5、1、1、1.5、1.5,22.5,1.0,0.0,0.5,,13,0.0005,,1.0,1.0,
M_CDR部分集合(k=3),Δ CDR［見当識＋判断力・問題解決＋身の回りの世話］,MWU（完全並べ替え）,5,9,"0.5［0, 0.5］","0.5［0, 1.5］",0、0、0.5、0.5、0.5,0、0、0、0、0.5、0.5、0.5、0.5、1.5,22.0,1.0,-0.022,0.489,21192,13,0.003,,1.0,1.0,
M_CDR部分集合(k=2),Δ CDR［見当識＋判断力・問題解決］,MWU（完全並べ替え）,5,9,"0.5［0, 0.5］","0.5［0, 0.5］",0、0、0.5、0.5、0.5,0、0、0、0、0.5、0.5、0.5、0.5、0.5,23.5,1.0,0.044,0.522,5298,14,0.003,,1.0,1.0,
M_CDR部分集合(k=4),Δ CDR［見当識＋地域社会の活動＋家庭・趣味＋身の回りの世話］,MWU（完全並べ替え）,5,9,"0.5［0, 2］","0.5［0, 1.5］",0、0.5、0.5、0.5、2,0、0、0、0.5、0.5、1、1、1.5、1.5,22.5,1.0,0.0,0.5,,13,0.0005,,1.0,1.0,
M_CDR部分集合(k=2),Δ CDR［見当識＋地域社会の活動］,MWU（完全並べ替え）,5,9,"0.5［0, 1］","0.5［0, 1］",0、0、0.5、0.5、1,0、0、0、0、0.5、0.5、0.5、1、1,23.0,1.0,0.022,0.511,21192,14,0.003,,1.0,1.0,
M_CDR部分集合(k=5),Δ CDR［記憶＋見当識＋地域社会の活動＋家庭・趣味＋身の回りの世話］,MWU（完全並べ替え）,5,9,"0.5［0, 2.5］","1［0, 2］",0、0.5、0.5、1、2.5,0、0、0、0.5、1、1、1.5、1.5、2,22.5,1.0,0.0,0.5,,12,0.003,,1.0,1.0,
M_CDR部分集合(k=3),Δ CDR［記憶＋見当識＋地域社会の活動］,MWU（完全並べ替え）,5,9,"0.5［0, 1.5］","0.5［0, 1.5］",0、0、0.5、1、1.5,0、0、0、0.5、0.5、0.5、1、1、1.5,23.0,1.0,0.022,0.511,21192,14,0.001,,1.0,1.0,
M_CDR部分集合(k=3),Δ CDR［記憶＋見当識＋身の回りの世話］,MWU（完全並べ替え）,5,9,"0.5［0, 1］","0.5［0, 1］",0、0、0.5、1、1,0、0、0、0.5、0.5、0.5、0.5、1、1,24.0,1.0,0.067,0.533,2355,14,0.0005,,1.0,1.0,
C_変化量,Δ Global CDR,MWU（完全並べ替え）,5,9,"0［0, 0.5］","0［0, 0.5］",0、0、0、0、0.5,0、0、0、0、0、0、0、0.5、0.5,22.0,1.0,-0.022,0.489,21192,14,0.02747,,1.0,1.0,
C_変化量,Δ MMSE 図形模写,MWU（完全並べ替え）,5,9,"0［0, 0］","0［0, 1］",0、0、0、0、0,0、0、0、0、0、0、0、0、1,20.0,1.0,-0.111,0.444,848,13,0.35714,,1.0,1.0,Δ MMSE［図形模写］ ほか17件
N_全切点2値化,Δ MMSE 場所見当識 ≧0,Fisher（正確）,5,9,5/5,8/9,,,,1.0,,,,,0.35714,,1.0,1.0,
C_変化量,Δ MMSE 復唱,MWU（完全並べ替え）,5,9,"0［0, 0］","0［0, 1］",0、0、0、0、0,0、0、0、0、0、0、0、0、1,20.0,1.0,-0.111,0.444,848,13,0.35714,,1.0,1.0,Δ MMSE 言語計（呼称＋復唱＋読字理解＋3段階命令＋書字） ほか20件
R_初回値調整残差,Δ MMSE 復唱（初回値調整残差）,MWU（完全並べ替え）,5,9,"0［0, 0］","0［-0.5, 0.5］",0、0、0、0、0,-0.5、0、0、0、0、0、0、0、0.5,22.5,1.0,0.0,0.5,,12,0.49451,,1.0,1.0,
D_年換算変化量,Δ MMSE 復唱／年,MWU（完全並べ替え）,3,8,"0［0, 0］","0［0, 0.9677］",0、0、0,0、0、0、0、0、0、0、0.9677,10.5,1.0,-0.125,0.438,670,10,0.18182,,1.0,1.0,
O_月あたり変化量,Δ MMSE 復唱／月,MWU（完全並べ替え）,3,8,"0［0, 0］","0［0, 0.08065］",0、0、0,0、0、0、0、0、0、0、0.08065,10.5,1.0,-0.125,0.438,670,10,0.18182,,1.0,1.0,
N_全切点2値化,Δ MMSE 時間見当識 ≧0,Fisher（正確）,5,9,2/5,4/9,,,,1.0,,,,,0.003,,1.0,1.0,
N_全切点2値化,Δ MMSE 時間見当識 ≧2,Fisher（正確）,5,9,0/5,1/9,,,,1.0,,,,,0.35714,,1.0,1.0,
C_変化量,Δ MMSE 物品呼称,MWU,5,9,"0［0, 0］","0［0, 0］",,,,1.0,,,,,,全例が同値のため差が定義されない,1.0,1.0,Δ MMSE 読字理解 ほか36件
D_年換算変化量,Δ MMSE 物品呼称／年,MWU,3,8,"0［0, 0］","0［0, 0］",,,,1.0,,,,,,全例が同値のため差が定義されない,1.0,1.0,Δ MMSE 読字理解／年 ほか8件
C_変化量,Δ MMSE 記銘,MWU（完全並べ替え）,5,9,"0［0, 1］","0［0, 1］",0、0、0、0、1,0、0、0、0、0、0、0、0、1,24.5,1.0,0.089,0.544,1325,14,0.10989,,1.0,1.0,6か月 ΔMMSE 記銘 ほか19件
D_年換算変化量,Δ MMSE 記銘／年,MWU（完全並べ替え）,3,8,"0［0, 0］","0［0, 1.9355］",0、0、0,0、0、0、0、0、0、0、1.9355,10.5,1.0,-0.125,0.438,670,10,0.18182,,1.0,1.0,
O_月あたり変化量,Δ MMSE 記銘／月,MWU（完全並べ替え）,3,8,"0［0, 0］","0［0, 0.16129］",0、0、0,0、0、0、0、0、0、0、0.16129,10.5,1.0,-0.125,0.438,670,10,0.18182,,1.0,1.0,
N_全切点2値化,Δ MMSE合計 ≧-1,Fisher（正確）,5,9,4/5,6/9,,,,1.0,,,,,0.005,,1.0,1.0,
N_全切点2値化,Δ MMSE合計 ≧0,Fisher（正確）,5,9,3/5,5/9,,,,1.0,,,,,0.003,,1.0,1.0,
N_全切点2値化,Δ MMSE合計 ≧3,Fisher（正確）,5,9,1/5,1/9,,,,1.0,,,,,0.10989,,1.0,1.0,
M2_下位項目の差,Δ MMSE［復唱−図形模写］,MWU（完全並べ替え）,5,9,"0［0, 0］","0［-1, 1］",0、0、0、0、0,-1、0、0、0、0、0、0、0、1,22.5,1.0,0.0,0.5,,12,0.49451,,1.0,1.0,
M_MMSE部分集合(k=4),Δ MMSE［時間見当識＋場所見当識＋復唱＋図形模写］,MWU（完全並べ替え）,5,9,"0［-1, 0］","-1［-2, 3］",-1、-1、0、0、0,-2、-1、-1、-1、-1、0、1、2、3,22.5,1.0,0.0,0.5,,10,0.003,,1.0,1.0,Δ MMSE［時間見当識＋場所見当識＋物品呼称＋復唱＋図形模写］ ほか14件
M_MMSE部分集合(k=3),Δ MMSE［時間見当識＋場所見当識＋復唱］,MWU（完全並べ替え）,5,9,"0［-1, 0］","-1［-2, 3］",-1、-1、0、0、0,-2、-1、-1、-1、-1、0、1、1、3,22.5,1.0,0.0,0.5,,12,0.003,,1.0,1.0,Δ MMSE［時間見当識＋場所見当識＋物品呼称＋復唱］ ほか14件
M_MMSE部分集合(k=4),Δ MMSE［時間見当識＋場所見当識＋記銘＋図形模写］,MWU（完全並べ替え）,5,9,"0［-1, 1］","0［-2, 3］",-1、-1、0、0、1,-2、-1、-1、-1、0、0、0、2、3,23.0,1.0,0.022,0.511,21192,10,0.0025,,1.0,1.0,Δ MMSE［時間見当識＋場所見当識＋物品呼称＋記銘＋図形模写］ ほか14件
M_MMSE部分集合(k=3),Δ MMSE［時間見当識＋注意計算＋復唱］,MWU（完全並べ替え）,5,9,"-1［-2, 3］","-1［-4, 3］",-2、-1、-1、0、3,-4、-1、-1、-1、-1、-1、1、1、3,22.5,1.0,0.0,0.5,,11,0.0005,,1.0,1.0,Δ MMSE［時間見当識＋物品呼称＋注意計算＋復唱］ ほか14件
M_MMSE部分集合(k=4),Δ MMSE［時間見当識＋記銘＋注意計算＋復唱］,MWU（完全並べ替え）,5,9,"-1［-2, 3］","-1［-4, 3］",-2、-1、-1、1、3,-4、-1、-1、-1、-1、0、1、1、3,22.5,1.0,0.0,0.5,,11,0.0005,,1.0,1.0,Δ MMSE［時間見当識＋物品呼称＋記銘＋注意計算＋復唱］ ほか14件
M2_下位項目の差,Δ MMSE［物品呼称−図形模写］,MWU（完全並べ替え）,5,9,"0［0, 0］","0［-1, 0］",0、0、0、0、0,-1、0、0、0、0、0、0、0、0,25.0,1.0,0.111,0.556,848,13,0.35714,,1.0,1.0,Δ MMSE［読字理解−図形模写］、Δ MMSE［3段階命令−図形模写］、Δ MMSE［書字−図形模写］
M2_下位項目の差,Δ MMSE［物品呼称−復唱］,MWU（完全並べ替え）,5,9,"0［0, 0］","0［-1, 0］",0、0、0、0、0,-1、0、0、0、0、0、0、0、0,25.0,1.0,0.111,0.556,848,13,0.35714,,1.0,1.0,
M2_下位項目の差,Δ MMSE［物品呼称−記銘］,MWU（完全並べ替え）,5,9,"0［-1, 0］","0［-1, 0］",-1、0、0、0、0,-1、0、0、0、0、0、0、0、0,20.5,1.0,-0.089,0.456,1325,14,0.10989,,1.0,1.0,
M_MMSE部分集合(k=2),Δ MMSE［記銘＋図形模写］,MWU（完全並べ替え）,5,9,"0［0, 1］","0［0, 1］",0、0、0、0、1,0、0、0、0、0、0、0、1、1,22.0,1.0,-0.022,0.489,21192,14,0.02747,,1.0,1.0,Δ MMSE［物品呼称＋記銘＋図形模写］ ほか14件
M_MMSE部分集合(k=3),Δ MMSE［記銘＋復唱＋図形模写］,MWU（完全並べ替え）,5,9,"0［0, 1］","0［0, 1］",0、0、0、0、1,0、0、0、0、0、0、1、1、1,19.5,1.0,-0.133,0.433,589,14,0.005,,1.0,1.0,Δ MMSE［物品呼称＋記銘＋復唱＋図形模写］ ほか14件
M_MMSE部分集合(k=2),Δ MMSE［記銘＋復唱］,MWU（完全並べ替え）,5,9,"0［0, 1］","0［0, 1］",0、0、0、0、1,0、0、0、0、0、0、0、1、1,22.0,1.0,-0.022,0.489,21192,14,0.02747,,1.0,1.0,Δ MMSE［物品呼称＋記銘＋復唱］ ほか14件
M2_下位項目の差,Δ MMSE［遅延再生−図形模写］,MWU（完全並べ替え）,5,9,"0［-1, 0］","0［-1, 0］",-1、-1、0、0、0,-1、-1、-1、0、0、0、0、0、0,21.0,1.0,-0.067,0.467,2355,14,0.0005,,1.0,1.0,
M2_下位項目の差,Δ MMSE［遅延再生−復唱］,MWU（完全並べ替え）,5,9,"0［-1, 0］","0［-1, 0］",-1、-1、0、0、0,-1、-1、-1、0、0、0、0、0、0,21.0,1.0,-0.067,0.467,2355,14,0.0005,,1.0,1.0,
N_全切点2値化,Δ MoCA-J ≧-2,Fisher（正確）,3,3,2/3,3/3,,,,1.0,,,,,0.16667,,1.0,1.0,追跡時 MoCA-J ≧18
N_全切点2値化,Δ MoCA-J ≧2,Fisher（正確）,3,3,0/3,1/3,,,,1.0,,,,,0.16667,,1.0,1.0,
A_初回値,初回 CDR 地域社会の活動,MWU（完全並べ替え）,5,9,"0［0, 0.5］","0［0, 0.5］",0、0、0、0.5、0.5,0、0、0、0、0、0.5、0.5、0.5、0.5,21.5,1.0,-0.044,0.478,5298,14,0.003,,1.0,1.0,6か月 CDR 地域社会の活動、初回 CDR［地域社会の活動］、初回 CDR［地域社会の活動＋身の回りの世話］、初回 CDR［地域社会の活動−身の回りの世話］
A_初回値,初回 CDR 家庭・趣味,MWU（完全並べ替え）,5,9,"0［0, 0.5］","0［0, 0.5］",0、0、0、0.5、0.5,0、0、0、0、0、0、0.5、0.5、0.5,24.0,1.0,0.067,0.533,2355,14,0.0005,,1.0,1.0,初回 CDR［家庭・趣味］、初回 CDR［家庭・趣味＋身の回りの世話］、初回 CDR［家庭・趣味−身の回りの世話］
N_全切点2値化,初回 CDR 家庭・趣味 ≧0.5,Fisher（正確）,5,9,2/5,3/9,,,,1.0,,,,,0.0005,,1.0,1.0,
E_合成指標,初回 CDR 生活3領域計（地域社会＋家庭・趣味＋身の回り）,MWU（完全並べ替え）,5,9,"0.5［0, 1］","0.5［0, 1］",0、0、0.5、0.5、1,0、0、0、0、0.5、0.5、0.5、1、1,23.0,1.0,0.022,0.511,21192,14,0.003,,1.0,1.0,初回 CDR［地域社会の活動＋家庭・趣味］、初回 CDR［地域社会の活動＋家庭・趣味＋身の回りの世話］
A_初回値,初回 CDR 見当識,MWU（完全並べ替え）,5,9,"0［0, 0.5］","0.5［0, 0.5］",0、0、0、0.5、0.5,0、0、0、0、0.5、0.5、0.5、0.5、0.5,19.0,1.0,-0.156,0.422,433,14,0.02098,,1.0,1.0,初回 CDR［見当識］、初回 CDR［見当識＋身の回りの世話］、初回 CDR［見当識−身の回りの世話］
N_全切点2値化,初回 CDR 見当識 ≧0.5,Fisher（正確）,5,9,2/5,5/9,,,,1.0,,,,,0.02098,,1.0,1.0,
N_全切点2値化,初回 CDR-SB ≧2,Fisher（正確）,5,9,2/5,4/9,,,,1.0,,,,,0.003,,1.0,1.0,初回 CDR 地域社会の活動 ≧0.5
N_全切点2値化,初回 CDR-SB ≧2.5,Fisher（正確）,5,9,1/5,1/9,,,,1.0,,,,,0.10989,,1.0,1.0,
M2_下位項目の差,初回 CDR［記憶−地域社会の活動］,MWU（完全並べ替え）,5,9,"0.5［0, 0.5］","0.5［0, 0.5］",0、0、0.5、0.5、0.5,0、0、0、0、0.5、0.5、0.5、0.5、0.5,23.5,1.0,0.044,0.522,5298,14,0.003,,1.0,1.0,
M2_下位項目の差,初回 CDR［記憶−家庭・趣味］,MWU（完全並べ替え）,5,9,"0.5［0, 0.5］","0.5［0, 0.5］",0、0、0.5、0.5、0.5,0、0、0、0.5、0.5、0.5、0.5、0.5、0.5,21.0,1.0,-0.067,0.467,2355,14,0.0005,,1.0,1.0,
M2_下位項目の差,初回 CDR［記憶−見当識］,MWU（完全並べ替え）,5,9,"0.5［0, 0.5］","0［0, 0.5］",0、0、0.5、0.5、0.5,0、0、0、0、0、0.5、0.5、0.5、0.5,26.0,1.0,0.156,0.578,433,14,0.02098,,1.0,1.0,
M_CDR部分集合(k=3),初回 CDR［記憶＋地域社会の活動＋家庭・趣味］,MWU（完全並べ替え）,5,9,"1［0.5, 1.5］","1［0.5, 1.5］",0.5、0.5、1、1、1.5,0.5、0.5、0.5、0.5、1、1、1、1.5、1.5,23.0,1.0,0.022,0.511,21192,14,0.003,,1.0,1.0,初回 CDR［記憶＋地域社会の活動＋家庭・趣味＋身の回りの世話］
M_CDR部分集合(k=2),初回 CDR［記憶＋地域社会の活動］,MWU（完全並べ替え）,5,9,"0.5［0.5, 1］","0.5［0.5, 1］",0.5、0.5、0.5、1、1,0.5、0.5、0.5、0.5、0.5、1、1、1、1,21.5,1.0,-0.044,0.478,5298,14,0.003,,1.0,1.0,初回 CDR［記憶＋地域社会の活動＋身の回りの世話］
M_CDR部分集合(k=2),初回 CDR［記憶＋家庭・趣味］,MWU（完全並べ替え）,5,9,"0.5［0.5, 1］","0.5［0.5, 1］",0.5、0.5、0.5、1、1,0.5、0.5、0.5、0.5、0.5、0.5、1、1、1,24.0,1.0,0.067,0.533,2355,14,0.0005,,1.0,1.0,初回 CDR［記憶＋家庭・趣味＋身の回りの世話］
M_CDR部分集合(k=2),初回 CDR［記憶＋見当識］,MWU（完全並べ替え）,5,9,"0.5［0.5, 1］","1［0.5, 1］",0.5、0.5、0.5、1、1,0.5、0.5、0.5、0.5、1、1、1、1、1,19.0,1.0,-0.156,0.422,433,14,0.02098,,1.0,1.0,初回 CDR［記憶＋見当識＋身の回りの世話］
A_初回値,初回 Global CDR,MWU,5,9,"0.5［0.5, 0.5］","0.5［0.5, 0.5］",,,,1.0,,,,,,全例が同値のため差が定義されない,1.0,1.0,初回 CDR 記憶、初回 CDR［記憶］、初回 CDR［記憶＋身の回りの世話］、初回 CDR［記憶−身の回りの世話］
A_初回値,初回 MMSE 3段階命令,MWU（完全並べ替え）,5,9,"3［3, 3］","3［2, 3］",3、3、3、3、3,2、3、3、3、3、3、3、3、3,25.0,1.0,0.111,0.556,848,13,0.35714,,1.0,1.0,追跡時 MMSE 3段階命令、初回 MMSE［3段階命令］、追跡時 MMSE［3段階命令］
N_全切点2値化,初回 MMSE 3段階命令 ≧3,Fisher（正確）,5,9,5/5,8/9,,,,1.0,,,,,0.35714,,1.0,1.0,Δ MMSE合計 ≧-2 ほか4件
A_初回値,初回 MMSE 図形模写,MWU（完全並べ替え）,5,9,"1［1, 1］","1［0, 1］",1、1、1、1、1,0、1、1、1、1、1、1、1、1,25.0,1.0,0.111,0.556,848,13,0.35714,,1.0,1.0,初回 MMSE［図形模写］
N_全切点2値化,初回 MMSE 場所見当識 ≧5,Fisher（正確）,5,9,2/5,5/9,,,,1.0,,,,,0.02098,,1.0,1.0,
N_全切点2値化,初回 MMSE 時間見当識 ≧4,Fisher（正確）,5,9,3/5,5/9,,,,1.0,,,,,0.003,,1.0,1.0,
N_全切点2値化,初回 MMSE 時間見当識 ≧5,Fisher（正確）,5,9,3/5,4/9,,,,1.0,,,,,0.02098,,1.0,1.0,
N_全切点2値化,初回 MMSE 注意計算 ≧4,Fisher（正確）,5,9,4/5,6/9,,,,1.0,,,,,0.005,,1.0,1.0,
N_全切点2値化,初回 MMSE 注意計算 ≧5,Fisher（正確）,5,9,2/5,5/9,,,,1.0,,,,,0.02098,,1.0,1.0,
A_初回値,初回 MMSE 物品呼称,MWU,5,9,"2［2, 2］","2［2, 2］",,,,1.0,,,,,,全例が同値のため差が定義されない,1.0,1.0,追跡時 MMSE 物品呼称 ほか7件
A_初回値,初回 MMSE 記銘,MWU（完全並べ替え）,5,9,"3［2, 3］","3［2, 3］",2、3、3、3、3,2、3、3、3、3、3、3、3、3,20.5,1.0,-0.089,0.456,1325,14,0.10989,,1.0,1.0,初回 MMSE［記銘］
A_初回値,初回 MMSE 読字理解,MWU,5,9,"1［1, 1］","1［1, 1］",,,,1.0,,,,,,全例が同値のため差が定義されない,1.0,1.0,追跡時 MMSE 読字理解 ほか12件
N_全切点2値化,初回 MMSE合計 ≧23,Fisher（正確）,5,9,4/5,7/9,,,,1.0,,,,,0.02747,,1.0,1.0,
N_全切点2値化,初回 MMSE合計 ≧24,Fisher（正確）,5,9,4/5,6/9,,,,1.0,,,,,0.005,,1.0,1.0,
N_全切点2値化,初回 MMSE合計 ≧25,Fisher（正確）,5,9,2/5,5/9,,,,1.0,,,,,0.02098,,1.0,1.0,
N_全切点2値化,初回 MMSE合計 ≧27,Fisher（正確）,5,9,1/5,2/9,,,,1.0,,,,,0.02747,,1.0,1.0,
N_全切点2値化,初回 MMSE合計 ≧28,Fisher（正確）,5,9,1/5,1/9,,,,1.0,,,,,0.10989,,1.0,1.0,
M2_下位項目の差,初回 MMSE［3段階命令−図形模写］,MWU（完全並べ替え）,5,9,"2［2, 2］","2［1, 3］",2、2、2、2、2,1、2、2、2、2、2、2、2、3,22.5,1.0,0.0,0.5,,12,0.49451,,1.0,1.0,
M2_下位項目の差,初回 MMSE［3段階命令−書字］,MWU（完全並べ替え）,5,9,"2［2, 2］","2［1, 2］",2、2、2、2、2,1、2、2、2、2、2、2、2、2,25.0,1.0,0.111,0.556,848,13,0.35714,,1.0,1.0,
M_MMSE部分集合(k=3),初回 MMSE［場所見当識＋復唱＋3段階命令］,MWU（完全並べ替え）,5,9,"8［7, 9］","8［7, 9］",7、8、8、9、9,7、7、8、8、8、9、9、9、9,22.0,1.0,-0.022,0.489,21192,14,0.003,,1.0,1.0,
M_MMSE部分集合(k=3),初回 MMSE［場所見当識＋復唱＋図形模写］,MWU（完全並べ替え）,5,9,"6［5, 7］","6［5, 7］",5、6、6、7、7,5、6、6、6、6、6、7、7、7,22.5,1.0,0.0,0.5,,14,0.0005,,1.0,1.0,
M_MMSE部分集合(k=4),初回 MMSE［場所見当識＋復唱＋読字理解＋3段階命令］,MWU（完全並べ替え）,5,9,"9［8, 10］","9［8, 10］",8、9、9、10、10,8、8、9、9、9、10、10、10、10,22.0,1.0,-0.022,0.489,21192,14,0.003,,1.0,1.0,初回 MMSE［場所見当識＋復唱＋3段階命令＋書字］
M_MMSE部分集合(k=4),初回 MMSE［場所見当識＋復唱＋読字理解＋図形模写］,MWU（完全並べ替え）,5,9,"7［6, 8］","7［6, 8］",6、7、7、8、8,6、7、7、7、7、7、8、8、8,22.5,1.0,0.0,0.5,,14,0.0005,,1.0,1.0,初回 MMSE［場所見当識＋復唱＋書字＋図形模写］
M_MMSE部分集合(k=4),初回 MMSE［場所見当識＋物品呼称＋復唱＋3段階命令］,MWU（完全並べ替え）,5,9,"10［9, 11］","10［9, 11］",9、10、10、11、11,9、9、10、10、10、11、11、11、11,22.0,1.0,-0.022,0.489,21192,14,0.003,,1.0,1.0,初回 MMSE［場所見当識＋復唱＋読字理解＋3段階命令＋書字］
M_MMSE部分集合(k=4),初回 MMSE［場所見当識＋物品呼称＋復唱＋図形模写］,MWU（完全並べ替え）,5,9,"8［7, 9］","8［7, 9］",7、8、8、9、9,7、8、8、8、8、8、9、9、9,22.5,1.0,0.0,0.5,,14,0.0005,,1.0,1.0,初回 MMSE［場所見当識＋復唱＋読字理解＋書字＋図形模写］
M_MMSE部分集合(k=6),初回 MMSE［場所見当識＋物品呼称＋復唱＋読字理解＋3段階命令＋書字］,MWU（完全並べ替え）,5,9,"12［11, 13］","12［11, 13］",11、12、12、13、13,11、11、12、12、12、13、13、13、13,22.0,1.0,-0.022,0.489,21192,14,0.003,,1.0,1.0,
M_MMSE部分集合(k=5),初回 MMSE［場所見当識＋物品呼称＋復唱＋読字理解＋3段階命令］,MWU（完全並べ替え）,5,9,"11［10, 12］","11［10, 12］",10、11、11、12、12,10、10、11、11、11、12、12、12、12,22.0,1.0,-0.022,0.489,21192,14,0.003,,1.0,1.0,初回 MMSE［場所見当識＋物品呼称＋復唱＋3段階命令＋書字］
M_MMSE部分集合(k=5),初回 MMSE［場所見当識＋物品呼称＋復唱＋読字理解＋図形模写］,MWU（完全並べ替え）,5,9,"9［8, 10］","9［8, 10］",8、9、9、10、10,8、9、9、9、9、9、10、10、10,22.5,1.0,0.0,0.5,,14,0.0005,,1.0,1.0,初回 MMSE［場所見当識＋物品呼称＋復唱＋書字＋図形模写］
M_MMSE部分集合(k=6),初回 MMSE［場所見当識＋物品呼称＋復唱＋読字理解＋書字＋図形模写］,MWU（完全並べ替え）,5,9,"10［9, 11］","10［9, 11］",9、10、10、11、11,9、10、10、10、10、10、11、11、11,22.5,1.0,0.0,0.5,,14,0.0005,,1.0,1.0,
M_MMSE部分集合(k=6),初回 MMSE［場所見当識＋物品呼称＋記銘＋復唱＋3段階命令＋図形模写］,MWU（完全並べ替え）,5,9,"14［13, 15］","14［13, 15］",13、13、14、15、15,13、13、13、14、14、14、15、15、15,22.5,1.0,0.0,0.5,,14,0.001,,1.0,1.0,初回 MMSE［場所見当識＋記銘＋復唱＋読字理解＋3段階命令＋書字＋図形模写］
M_MMSE部分集合(k=5),初回 MMSE［場所見当識＋物品呼称＋記銘＋復唱＋3段階命令］,MWU（完全並べ替え）,5,9,"13［12, 14］","13［12, 14］",12、12、13、14、14,12、12、12、13、13、14、14、14、14,21.0,1.0,-0.067,0.467,2355,14,0.0005,,1.0,1.0,初回 MMSE［場所見当識＋記銘＋復唱＋読字理解＋3段階命令＋書字］
M_MMSE部分集合(k=5),初回 MMSE［場所見当識＋物品呼称＋記銘＋復唱＋図形模写］,MWU（完全並べ替え）,5,9,"11［10, 12］","11［10, 12］",10、10、11、12、12,10、10、11、11、11、11、12、12、12,21.0,1.0,-0.067,0.467,2355,14,0.0005,,1.0,1.0,初回 MMSE［場所見当識＋記銘＋復唱＋読字理解＋書字＋図形模写］
M_MMSE部分集合(k=7),初回 MMSE［場所見当識＋物品呼称＋記銘＋復唱＋読字理解＋3段階命令＋図形模写］,MWU（完全並べ替え）,5,9,"15［14, 16］","15［14, 16］",14、14、15、16、16,14、14、14、15、15、15、16、16、16,22.5,1.0,0.0,0.5,,14,0.001,,1.0,1.0,初回 MMSE［場所見当識＋物品呼称＋記銘＋復唱＋3段階命令＋書字＋図形模写］
M_MMSE部分集合(k=8),初回 MMSE［場所見当識＋物品呼称＋記銘＋復唱＋読字理解＋3段階命令＋書字＋図形模写］,MWU（完全並べ替え）,5,9,"16［15, 17］","16［15, 17］",15、15、16、17、17,15、15、15、16、16、16、17、17、17,22.5,1.0,0.0,0.5,,14,0.001,,1.0,1.0,
M_MMSE部分集合(k=7),初回 MMSE［場所見当識＋物品呼称＋記銘＋復唱＋読字理解＋3段階命令＋書字］,MWU（完全並べ替え）,5,9,"15［14, 16］","15［14, 16］",14、14、15、16、16,14、14、14、15、15、16、16、16、16,21.0,1.0,-0.067,0.467,2355,14,0.0005,,1.0,1.0,
M_MMSE部分集合(k=6),初回 MMSE［場所見当識＋物品呼称＋記銘＋復唱＋読字理解＋3段階命令］,MWU（完全並べ替え）,5,9,"14［13, 15］","14［13, 15］",13、13、14、15、15,13、13、13、14、14、15、15、15、15,21.0,1.0,-0.067,0.467,2355,14,0.0005,,1.0,1.0,初回 MMSE［場所見当識＋物品呼称＋記銘＋復唱＋3段階命令＋書字］
M_MMSE部分集合(k=6),初回 MMSE［場所見当識＋物品呼称＋記銘＋復唱＋読字理解＋図形模写］,MWU（完全並べ替え）,5,9,"12［11, 13］","12［11, 13］",11、11、12、13、13,11、11、12、12、12、12、13、13、13,21.0,1.0,-0.067,0.467,2355,14,0.0005,,1.0,1.0,初回 MMSE［場所見当識＋物品呼称＋記銘＋復唱＋書字＋図形模写］
M_MMSE部分集合(k=7),初回 MMSE［場所見当識＋物品呼称＋記銘＋復唱＋読字理解＋書字＋図形模写］,MWU（完全並べ替え）,5,9,"13［12, 14］","13［12, 14］",12、12、13、14、14,12、12、13、13、13、13、14、14、14,21.0,1.0,-0.067,0.467,2355,14,0.0005,,1.0,1.0,
M_MMSE部分集合(k=6),初回 MMSE［場所見当識＋物品呼称＋記銘＋遅延再生＋復唱＋3段階命令］,MWU（完全並べ替え）,5,9,"14［12, 15］","14［12, 15］",12、12、14、15、15,12、12、13、14、14、14、14、15、15,23.0,1.0,0.022,0.511,21192,13,0.0005,,1.0,1.0,初回 MMSE［場所見当識＋記銘＋遅延再生＋復唱＋読字理解＋3段階命令＋書字］
M_MMSE部分集合(k=6),初回 MMSE［場所見当識＋物品呼称＋記銘＋遅延再生＋復唱＋図形模写］,MWU（完全並べ替え）,5,9,"12［10, 13］","12［10, 13］",10、10、12、13、13,10、11、11、11、12、12、12、13、13,22.5,1.0,0.0,0.5,,14,0.0015,,1.0,1.0,初回 MMSE［場所見当識＋記銘＋遅延再生＋復唱＋読字理解＋書字＋図形模写］
M_MMSE部分集合(k=8),初回 MMSE［場所見当識＋物品呼称＋記銘＋遅延再生＋復唱＋読字理解＋3段階命令＋書字］,MWU（完全並べ替え）,5,9,"16［14, 17］","16［14, 17］",14、14、16、17、17,14、14、15、16、16、16、16、17、17,23.0,1.0,0.022,0.511,21192,13,0.0005,,1.0,1.0,
M_MMSE部分集合(k=7),初回 MMSE［場所見当識＋物品呼称＋記銘＋遅延再生＋復唱＋読字理解＋3段階命令］,MWU（完全並べ替え）,5,9,"15［13, 16］","15［13, 16］",13、13、15、16、16,13、13、14、15、15、15、15、16、16,23.0,1.0,0.022,0.511,21192,13,0.0005,,1.0,1.0,初回 MMSE［場所見当識＋物品呼称＋記銘＋遅延再生＋復唱＋3段階命令＋書字］
M_MMSE部分集合(k=7),初回 MMSE［場所見当識＋物品呼称＋記銘＋遅延再生＋復唱＋読字理解＋図形模写］,MWU（完全並べ替え）,5,9,"13［11, 14］","13［11, 14］",11、11、13、14、14,11、12、12、12、13、13、13、14、14,22.5,1.0,0.0,0.5,,14,0.0015,,1.0,1.0,初回 MMSE［場所見当識＋物品呼称＋記銘＋遅延再生＋復唱＋書字＋図形模写］
M_MMSE部分集合(k=8),初回 MMSE［場所見当識＋物品呼称＋記銘＋遅延再生＋復唱＋読字理解＋書字＋図形模写］,MWU（完全並べ替え）,5,9,"14［12, 15］","14［12, 15］",12、12、14、15、15,12、13、13、13、14、14、14、15、15,22.5,1.0,0.0,0.5,,14,0.0015,,1.0,1.0,
M_MMSE部分集合(k=5),初回 MMSE［場所見当識＋物品呼称＋遅延再生＋3段階命令＋図形模写］,MWU（完全並べ替え）,5,9,"11［9, 12］","11［9, 13］",9、10、11、12、12,9、10、10、11、11、11、11、12、13,22.5,1.0,0.0,0.5,,13,0.0005,,1.0,1.0,初回 MMSE［場所見当識＋遅延再生＋読字理解＋3段階命令＋書字＋図形模写］
M_MMSE部分集合(k=6),初回 MMSE［場所見当識＋物品呼称＋遅延再生＋復唱＋読字理解＋書字］,MWU（完全並べ替え）,5,9,"10［8, 11］","10［9, 11］",8、9、10、11、11,9、9、9、10、10、10、10、11、11,22.5,1.0,0.0,0.5,,13,0.0005,,1.0,1.0,
M_MMSE部分集合(k=5),初回 MMSE［場所見当識＋物品呼称＋遅延再生＋復唱＋読字理解］,MWU（完全並べ替え）,5,9,"9［7, 10］","9［8, 10］",7、8、9、10、10,8、8、8、9、9、9、9、10、10,22.5,1.0,0.0,0.5,,13,0.0005,,1.0,1.0,初回 MMSE［場所見当識＋物品呼称＋遅延再生＋復唱＋書字］
M_MMSE部分集合(k=4),初回 MMSE［場所見当識＋物品呼称＋遅延再生＋復唱］,MWU（完全並べ替え）,5,9,"8［6, 9］","8［7, 9］",6、7、8、9、9,7、7、7、8、8、8、8、9、9,22.5,1.0,0.0,0.5,,13,0.0005,,1.0,1.0,初回 MMSE［場所見当識＋遅延再生＋復唱＋読字理解＋書字］
M_MMSE部分集合(k=6),初回 MMSE［場所見当識＋物品呼称＋遅延再生＋読字理解＋3段階命令＋図形模写］,MWU（完全並べ替え）,5,9,"12［10, 13］","12［10, 14］",10、11、12、13、13,10、11、11、12、12、12、12、13、14,22.5,1.0,0.0,0.5,,13,0.0005,,1.0,1.0,初回 MMSE［場所見当識＋物品呼称＋遅延再生＋3段階命令＋書字＋図形模写］
M_MMSE部分集合(k=7),初回 MMSE［場所見当識＋物品呼称＋遅延再生＋読字理解＋3段階命令＋書字＋図形模写］,MWU（完全並べ替え）,5,9,"13［11, 14］","13［11, 15］",11、12、13、14、14,11、12、12、13、13、13、13、14、15,22.5,1.0,0.0,0.5,,13,0.0005,,1.0,1.0,
M_MMSE部分集合(k=5),初回 MMSE［場所見当識＋記銘＋復唱＋3段階命令＋図形模写］,MWU（完全並べ替え）,5,9,"12［11, 13］","12［11, 13］",11、11、12、13、13,11、11、11、12、12、12、13、13、13,22.5,1.0,0.0,0.5,,14,0.001,,1.0,1.0,
M_MMSE部分集合(k=4),初回 MMSE［場所見当識＋記銘＋復唱＋3段階命令］,MWU（完全並べ替え）,5,9,"11［10, 12］","11［10, 12］",10、10、11、12、12,10、10、10、11、11、12、12、12、12,21.0,1.0,-0.067,0.467,2355,14,0.0005,,1.0,1.0,
M_MMSE部分集合(k=4),初回 MMSE［場所見当識＋記銘＋復唱＋図形模写］,MWU（完全並べ替え）,5,9,"9［8, 10］","9［8, 10］",8、8、9、10、10,8、8、9、9、9、9、10、10、10,21.0,1.0,-0.067,0.467,2355,14,0.0005,,1.0,1.0,
M_MMSE部分集合(k=6),初回 MMSE［場所見当識＋記銘＋復唱＋読字理解＋3段階命令＋図形模写］,MWU（完全並べ替え）,5,9,"13［12, 14］","13［12, 14］",12、12、13、14、14,12、12、12、13、13、13、14、14、14,22.5,1.0,0.0,0.5,,14,0.001,,1.0,1.0,初回 MMSE［場所見当識＋記銘＋復唱＋3段階命令＋書字＋図形模写］
M_MMSE部分集合(k=5),初回 MMSE［場所見当識＋記銘＋復唱＋読字理解＋3段階命令］,MWU（完全並べ替え）,5,9,"12［11, 13］","12［11, 13］",11、11、12、13、13,11、11、11、12、12、13、13、13、13,21.0,1.0,-0.067,0.467,2355,14,0.0005,,1.0,1.0,初回 MMSE［場所見当識＋記銘＋復唱＋3段階命令＋書字］
M_MMSE部分集合(k=5),初回 MMSE［場所見当識＋記銘＋復唱＋読字理解＋図形模写］,MWU（完全並べ替え）,5,9,"10［9, 11］","10［9, 11］",9、9、10、11、11,9、9、10、10、10、10、11、11、11,21.0,1.0,-0.067,0.467,2355,14,0.0005,,1.0,1.0,初回 MMSE［場所見当識＋記銘＋復唱＋書字＋図形模写］
M_MMSE部分集合(k=5),初回 MMSE［場所見当識＋記銘＋遅延再生＋復唱＋3段階命令］,MWU（完全並べ替え）,5,9,"12［10, 13］","12［10, 13］",10、10、12、13、13,10、10、11、12、12、12、12、13、13,23.0,1.0,0.022,0.511,21192,13,0.0005,,1.0,1.0,
M_MMSE部分集合(k=5),初回 MMSE［場所見当識＋記銘＋遅延再生＋復唱＋図形模写］,MWU（完全並べ替え）,5,9,"10［8, 11］","10［8, 11］",8、8、10、11、11,8、9、9、9、10、10、10、11、11,22.5,1.0,0.0,0.5,,14,0.0015,,1.0,1.0,
M_MMSE部分集合(k=6),初回 MMSE［場所見当識＋記銘＋遅延再生＋復唱＋読字理解＋3段階命令］,MWU（完全並べ替え）,5,9,"13［11, 14］","13［11, 14］",11、11、13、14、14,11、11、12、13、13、13、13、14、14,23.0,1.0,0.022,0.511,21192,13,0.0005,,1.0,1.0,初回 MMSE［場所見当識＋記銘＋遅延再生＋復唱＋3段階命令＋書字］
M_MMSE部分集合(k=6),初回 MMSE［場所見当識＋記銘＋遅延再生＋復唱＋読字理解＋図形模写］,MWU（完全並べ替え）,5,9,"11［9, 12］","11［9, 12］",9、9、11、12、12,9、10、10、10、11、11、11、12、12,22.5,1.0,0.0,0.5,,14,0.0015,,1.0,1.0,初回 MMSE［場所見当識＋記銘＋遅延再生＋復唱＋書字＋図形模写］
M_MMSE部分集合(k=4),初回 MMSE［場所見当識＋遅延再生＋3段階命令＋図形模写］,MWU（完全並べ替え）,5,9,"9［7, 10］","9［7, 11］",7、8、9、10、10,7、8、8、9、9、9、9、10、11,22.5,1.0,0.0,0.5,,13,0.0005,,1.0,1.0,
M_MMSE部分集合(k=4),初回 MMSE［場所見当識＋遅延再生＋復唱＋読字理解］,MWU（完全並べ替え）,5,9,"7［5, 8］","7［6, 8］",5、6、7、8、8,6、6、6、7、7、7、7、8、8,22.5,1.0,0.0,0.5,,13,0.0005,,1.0,1.0,初回 MMSE［場所見当識＋遅延再生＋復唱＋書字］
M_MMSE部分集合(k=3),初回 MMSE［場所見当識＋遅延再生＋復唱］,MWU（完全並べ替え）,5,9,"6［4, 7］","6［5, 7］",4、5、6、7、7,5、5、5、6、6、6、6、7、7,22.5,1.0,0.0,0.5,,13,0.0005,,1.0,1.0,
M_MMSE部分集合(k=5),初回 MMSE［場所見当識＋遅延再生＋読字理解＋3段階命令＋図形模写］,MWU（完全並べ替え）,5,9,"10［8, 11］","10［8, 12］",8、9、10、11、11,8、9、9、10、10、10、10、11、12,22.5,1.0,0.0,0.5,,13,0.0005,,1.0,1.0,初回 MMSE［場所見当識＋遅延再生＋3段階命令＋書字＋図形模写］
M_MMSE部分集合(k=7),初回 MMSE［時間見当識＋場所見当識＋注意計算＋遅延再生＋復唱＋3段階命令＋図形模写］,MWU（完全並べ替え）,5,9,"18［15, 21］","18［15, 21］",15、17、18、18、21,15、15、16、18、18、18、18、20、21,22.5,1.0,0.0,0.5,,11,0.0005,,1.0,1.0,
M_MMSE部分集合(k=6),初回 MMSE［時間見当識＋場所見当識＋注意計算＋遅延再生＋復唱＋3段階命令］,MWU（完全並べ替え）,5,9,"17［14, 20］","17［14, 20］",14、16、17、17、20,14、14、16、17、17、17、17、19、20,22.0,1.0,-0.022,0.489,21192,13,0.0005,,1.0,1.0,
M_MMSE部分集合(k=8),初回 MMSE［時間見当識＋場所見当識＋注意計算＋遅延再生＋復唱＋読字理解＋3段階命令＋図形模写］,MWU（完全並べ替え）,5,9,"19［16, 22］","19［16, 22］",16、18、19、19、22,16、16、17、19、19、19、19、21、22,22.5,1.0,0.0,0.5,,11,0.0005,,1.0,1.0,初回 MMSE［時間見当識＋場所見当識＋注意計算＋遅延再生＋復唱＋3段階命令＋書字＋図形模写］
M_MMSE部分集合(k=7),初回 MMSE［時間見当識＋場所見当識＋注意計算＋遅延再生＋復唱＋読字理解＋3段階命令］,MWU（完全並べ替え）,5,9,"18［15, 21］","18［15, 21］",15、17、18、18、21,15、15、17、18、18、18、18、20、21,22.0,1.0,-0.022,0.489,21192,13,0.0005,,1.0,1.0,初回 MMSE［時間見当識＋場所見当識＋注意計算＋遅延再生＋復唱＋3段階命令＋書字］
M_MMSE部分集合(k=8),初回 MMSE［時間見当識＋場所見当識＋物品呼称＋注意計算＋遅延再生＋復唱＋3段階命令＋図形模写］,MWU（完全並べ替え）,5,9,"20［17, 23］","20［17, 23］",17、19、20、20、23,17、17、18、20、20、20、20、22、23,22.5,1.0,0.0,0.5,,11,0.0005,,1.0,1.0,初回 MMSE［時間見当識＋場所見当識＋注意計算＋遅延再生＋復唱＋読字理解＋3段階命令＋書字＋図形模写］
M_MMSE部分集合(k=7),初回 MMSE［時間見当識＋場所見当識＋物品呼称＋注意計算＋遅延再生＋復唱＋3段階命令］,MWU（完全並べ替え）,5,9,"19［16, 22］","19［16, 22］",16、18、19、19、22,16、16、18、19、19、19、19、21、22,22.0,1.0,-0.022,0.489,21192,13,0.0005,,1.0,1.0,初回 MMSE［時間見当識＋場所見当識＋注意計算＋遅延再生＋復唱＋読字理解＋3段階命令＋書字］
M_MMSE部分集合(k=9),初回 MMSE［時間見当識＋場所見当識＋物品呼称＋注意計算＋遅延再生＋復唱＋読字理解＋3段階命令＋図形模写］,MWU（完全並べ替え）,5,9,"21［18, 24］","21［18, 24］",18、20、21、21、24,18、18、19、21、21、21、21、23、24,22.5,1.0,0.0,0.5,,11,0.0005,,1.0,1.0,初回 MMSE［時間見当識＋場所見当識＋物品呼称＋注意計算＋遅延再生＋復唱＋3段階命令＋書字＋図形模写］
M_MMSE部分集合(k=10),初回 MMSE［時間見当識＋場所見当識＋物品呼称＋注意計算＋遅延再生＋復唱＋読字理解＋3段階命令＋書字＋図形模写］,MWU（完全並べ替え）,5,9,"22［19, 25］","22［19, 25］",19、21、22、22、25,19、19、20、22、22、22、22、24、25,22.5,1.0,0.0,0.5,,11,0.0005,,1.0,1.0,
M_MMSE部分集合(k=9),初回 MMSE［時間見当識＋場所見当識＋物品呼称＋注意計算＋遅延再生＋復唱＋読字理解＋3段階命令＋書字］,MWU（完全並べ替え）,5,9,"21［18, 24］","21［18, 24］",18、20、21、21、24,18、18、20、21、21、21、21、23、24,22.0,1.0,-0.022,0.489,21192,13,0.0005,,1.0,1.0,
M_MMSE部分集合(k=8),初回 MMSE［時間見当識＋場所見当識＋物品呼称＋注意計算＋遅延再生＋復唱＋読字理解＋3段階命令］,MWU（完全並べ替え）,5,9,"20［17, 23］","20［17, 23］",17、19、20、20、23,17、17、19、20、20、20、20、22、23,22.0,1.0,-0.022,0.489,21192,13,0.0005,,1.0,1.0,初回 MMSE［時間見当識＋場所見当識＋物品呼称＋注意計算＋遅延再生＋復唱＋3段階命令＋書字］
M_MMSE部分集合(k=5),初回 MMSE［時間見当識＋物品呼称＋記銘＋注意計算＋3段階命令］,MWU（完全並べ替え）,5,9,"16［14, 18］","16［13, 18］",14、15、16、16、18,13、14、15、15、16、16、17、18、18,22.5,1.0,0.0,0.5,,12,0.0015,,1.0,1.0,初回 MMSE［時間見当識＋記銘＋注意計算＋読字理解＋3段階命令＋書字］
M_MMSE部分集合(k=7),初回 MMSE［時間見当識＋物品呼称＋記銘＋注意計算＋読字理解＋3段階命令＋書字］,MWU（完全並べ替え）,5,9,"18［16, 20］","18［15, 20］",16、17、18、18、20,15、16、17、17、18、18、19、20、20,22.5,1.0,0.0,0.5,,12,0.0015,,1.0,1.0,
M_MMSE部分集合(k=6),初回 MMSE［時間見当識＋物品呼称＋記銘＋注意計算＋読字理解＋3段階命令］,MWU（完全並べ替え）,5,9,"17［15, 19］","17［14, 19］",15、16、17、17、19,14、15、16、16、17、17、18、19、19,22.5,1.0,0.0,0.5,,12,0.0015,,1.0,1.0,初回 MMSE［時間見当識＋物品呼称＋記銘＋注意計算＋3段階命令＋書字］
M_MMSE部分集合(k=4),初回 MMSE［時間見当識＋記銘＋注意計算＋3段階命令］,MWU（完全並べ替え）,5,9,"14［12, 16］","14［11, 16］",12、13、14、14、16,11、12、13、13、14、14、15、16、16,22.5,1.0,0.0,0.5,,12,0.0015,,1.0,1.0,
M_MMSE部分集合(k=5),初回 MMSE［時間見当識＋記銘＋注意計算＋読字理解＋3段階命令］,MWU（完全並べ替え）,5,9,"15［13, 17］","15［12, 17］",13、14、15、15、17,12、13、14、14、15、15、16、17、17,22.5,1.0,0.0,0.5,,12,0.0015,,1.0,1.0,初回 MMSE［時間見当識＋記銘＋注意計算＋3段階命令＋書字］
M_MMSE部分集合(k=3),初回 MMSE［注意計算＋復唱＋読字理解］,MWU（完全並べ替え）,5,9,"6［3, 7］","6［5, 7］",3、6、6、7、7,5、5、5、5、6、7、7、7、7,23.0,1.0,0.022,0.511,21192,13,0.0005,,1.0,1.0,初回 MMSE［注意計算＋復唱＋書字］
M_MMSE部分集合(k=2),初回 MMSE［注意計算＋復唱］,MWU（完全並べ替え）,5,9,"5［2, 6］","5［4, 6］",2、5、5、6、6,4、4、4、4、5、6、6、6、6,23.0,1.0,0.022,0.511,21192,13,0.0005,,1.0,1.0,
M_MMSE部分集合(k=4),初回 MMSE［注意計算＋遅延再生＋復唱＋読字理解］,MWU（完全並べ替え）,5,9,"6［4, 8］","7［5, 9］",4、6、6、8、8,5、5、6、6、7、7、7、7、9,22.0,1.0,-0.022,0.489,21192,12,0.00599,,1.0,1.0,初回 MMSE［注意計算＋遅延再生＋復唱＋書字］
M_MMSE部分集合(k=3),初回 MMSE［注意計算＋遅延再生＋復唱］,MWU（完全並べ替え）,5,9,"5［3, 7］","6［4, 8］",3、5、5、7、7,4、4、5、5、6、6、6、6、8,22.0,1.0,-0.022,0.489,21192,12,0.00599,,1.0,1.0,
M2_下位項目の差,初回 MMSE［物品呼称−3段階命令］,MWU（完全並べ替え）,5,9,"-1［-1, -1］","-1［-1, 0］",-1、-1、-1、-1、-1,-1、-1、-1、-1、-1、-1、-1、-1、0,20.0,1.0,-0.111,0.444,848,13,0.35714,,1.0,1.0,
M2_下位項目の差,初回 MMSE［物品呼称−図形模写］,MWU（完全並べ替え）,5,9,"1［1, 1］","1［1, 2］",1、1、1、1、1,1、1、1、1、1、1、1、1、2,20.0,1.0,-0.111,0.444,848,13,0.35714,,1.0,1.0,
M2_下位項目の差,初回 MMSE［物品呼称−記銘］,MWU（完全並べ替え）,5,9,"-1［-1, 0］","-1［-1, 0］",-1、-1、-1、-1、0,-1、-1、-1、-1、-1、-1、-1、-1、0,24.5,1.0,0.089,0.544,1325,14,0.10989,,1.0,1.0,
M_MMSE部分集合(k=2),初回 MMSE［物品呼称＋3段階命令］,MWU（完全並べ替え）,5,9,"5［5, 5］","5［4, 5］",5、5、5、5、5,4、5、5、5、5、5、5、5、5,25.0,1.0,0.111,0.556,848,13,0.35714,,1.0,1.0,追跡時 MMSE［物品呼称＋3段階命令］ ほか4件
M_MMSE部分集合(k=2),初回 MMSE［物品呼称＋図形模写］,MWU（完全並べ替え）,5,9,"3［3, 3］","3［2, 3］",3、3、3、3、3,2、3、3、3、3、3、3、3、3,25.0,1.0,0.111,0.556,848,13,0.35714,,1.0,1.0,初回 MMSE［読字理解＋書字＋図形模写］
M_MMSE部分集合(k=5),初回 MMSE［物品呼称＋注意計算＋復唱＋読字理解＋書字］,MWU（完全並べ替え）,5,9,"9［6, 10］","9［8, 10］",6、9、9、10、10,8、8、8、8、9、10、10、10、10,23.0,1.0,0.022,0.511,21192,13,0.0005,,1.0,1.0,
M_MMSE部分集合(k=4),初回 MMSE［物品呼称＋注意計算＋復唱＋読字理解］,MWU（完全並べ替え）,5,9,"8［5, 9］","8［7, 9］",5、8、8、9、9,7、7、7、7、8、9、9、9、9,23.0,1.0,0.022,0.511,21192,13,0.0005,,1.0,1.0,初回 MMSE［物品呼称＋注意計算＋復唱＋書字］
M_MMSE部分集合(k=3),初回 MMSE［物品呼称＋注意計算＋復唱］,MWU（完全並べ替え）,5,9,"7［4, 8］","7［6, 8］",4、7、7、8、8,6、6、6、6、7、8、8、8、8,23.0,1.0,0.022,0.511,21192,13,0.0005,,1.0,1.0,初回 MMSE［注意計算＋復唱＋読字理解＋書字］
M_MMSE部分集合(k=6),初回 MMSE［物品呼称＋注意計算＋遅延再生＋復唱＋読字理解＋書字］,MWU（完全並べ替え）,5,9,"9［7, 11］","10［8, 12］",7、9、9、11、11,8、8、9、9、10、10、10、10、12,22.0,1.0,-0.022,0.489,21192,12,0.00599,,1.0,1.0,
M_MMSE部分集合(k=5),初回 MMSE［物品呼称＋注意計算＋遅延再生＋復唱＋読字理解］,MWU（完全並べ替え）,5,9,"8［6, 10］","9［7, 11］",6、8、8、10、10,7、7、8、8、9、9、9、9、11,22.0,1.0,-0.022,0.489,21192,12,0.00599,,1.0,1.0,初回 MMSE［物品呼称＋注意計算＋遅延再生＋復唱＋書字］
M_MMSE部分集合(k=4),初回 MMSE［物品呼称＋注意計算＋遅延再生＋復唱］,MWU（完全並べ替え）,5,9,"7［5, 9］","8［6, 10］",5、7、7、9、9,6、6、7、7、8、8、8、8、10,22.0,1.0,-0.022,0.489,21192,12,0.00599,,1.0,1.0,初回 MMSE［注意計算＋遅延再生＋復唱＋読字理解＋書字］
M_MMSE部分集合(k=4),初回 MMSE［物品呼称＋記銘＋3段階命令＋図形模写］,MWU（完全並べ替え）,5,9,"9［8, 9］","9［8, 9］",8、9、9、9、9,8、8、8、9、9、9、9、9、9,25.5,1.0,0.133,0.567,589,14,0.005,,1.0,1.0,初回 MMSE［記銘＋読字理解＋3段階命令＋書字＋図形模写］
M_MMSE部分集合(k=3),初回 MMSE［物品呼称＋記銘＋3段階命令］,MWU（完全並べ替え）,5,9,"8［7, 8］","8［7, 8］",7、8、8、8、8,7、7、8、8、8、8、8、8、8,23.0,1.0,0.022,0.511,21192,14,0.02747,,1.0,1.0,初回 MMSE［記銘＋読字理解＋3段階命令＋書字］
M_MMSE部分集合(k=3),初回 MMSE［物品呼称＋記銘＋図形模写］,MWU（完全並べ替え）,5,9,"6［5, 6］","6［5, 6］",5、6、6、6、6,5、5、6、6、6、6、6、6、6,23.0,1.0,0.022,0.511,21192,14,0.02747,,1.0,1.0,初回 MMSE［記銘＋読字理解＋書字＋図形模写］
M_MMSE部分集合(k=5),初回 MMSE［物品呼称＋記銘＋注意計算＋3段階命令＋図形模写］,MWU（完全並べ替え）,5,9,"13［10, 14］","13［12, 14］",10、12、13、14、14,12、12、12、12、13、13、14、14、14,22.0,1.0,-0.022,0.489,21192,13,0.0005,,1.0,1.0,初回 MMSE［記銘＋注意計算＋読字理解＋3段階命令＋書字＋図形模写］
M_MMSE部分集合(k=5),初回 MMSE［物品呼称＋記銘＋注意計算＋復唱＋3段階命令］,MWU（完全並べ替え）,5,9,"13［10, 14］","13［11, 14］",10、12、13、14、14,11、12、12、12、13、13、14、14、14,22.5,1.0,0.0,0.5,,12,0.0005,,1.0,1.0,初回 MMSE［記銘＋注意計算＋復唱＋読字理解＋3段階命令＋書字］
M_MMSE部分集合(k=5),初回 MMSE［物品呼称＋記銘＋注意計算＋復唱＋図形模写］,MWU（完全並べ替え）,5,9,"11［8, 12］","11［9, 12］",8、10、11、12、12,9、10、10、10、11、11、12、12、12,22.5,1.0,0.0,0.5,,12,0.0005,,1.0,1.0,初回 MMSE［記銘＋注意計算＋復唱＋読字理解＋書字＋図形模写］
M_MMSE部分集合(k=7),初回 MMSE［物品呼称＋記銘＋注意計算＋復唱＋読字理解＋3段階命令＋書字］,MWU（完全並べ替え）,5,9,"15［12, 16］","15［13, 16］",12、14、15、16、16,13、14、14、14、15、15、16、16、16,22.5,1.0,0.0,0.5,,12,0.0005,,1.0,1.0,
M_MMSE部分集合(k=6),初回 MMSE［物品呼称＋記銘＋注意計算＋復唱＋読字理解＋3段階命令］,MWU（完全並べ替え）,5,9,"14［11, 15］","14［12, 15］",11、13、14、15、15,12、13、13、13、14、14、15、15、15,22.5,1.0,0.0,0.5,,12,0.0005,,1.0,1.0,初回 MMSE［物品呼称＋記銘＋注意計算＋復唱＋3段階命令＋書字］
M_MMSE部分集合(k=6),初回 MMSE［物品呼称＋記銘＋注意計算＋復唱＋読字理解＋図形模写］,MWU（完全並べ替え）,5,9,"12［9, 13］","12［10, 13］",9、11、12、13、13,10、11、11、11、12、12、13、13、13,22.5,1.0,0.0,0.5,,12,0.0005,,1.0,1.0,初回 MMSE［物品呼称＋記銘＋注意計算＋復唱＋書字＋図形模写］
M_MMSE部分集合(k=7),初回 MMSE［物品呼称＋記銘＋注意計算＋復唱＋読字理解＋書字＋図形模写］,MWU（完全並べ替え）,5,9,"13［10, 14］","13［11, 14］",10、12、13、14、14,11、12、12、12、13、13、14、14、14,22.5,1.0,0.0,0.5,,12,0.0005,,1.0,1.0,
M_MMSE部分集合(k=6),初回 MMSE［物品呼称＋記銘＋注意計算＋読字理解＋3段階命令＋図形模写］,MWU（完全並べ替え）,5,9,"14［11, 15］","14［13, 15］",11、13、14、15、15,13、13、13、13、14、14、15、15、15,22.0,1.0,-0.022,0.489,21192,13,0.0005,,1.0,1.0,初回 MMSE［物品呼称＋記銘＋注意計算＋3段階命令＋書字＋図形模写］
M_MMSE部分集合(k=7),初回 MMSE［物品呼称＋記銘＋注意計算＋読字理解＋3段階命令＋書字＋図形模写］,MWU（完全並べ替え）,5,9,"15［12, 16］","15［14, 16］",12、14、15、16、16,14、14、14、14、15、15、16、16、16,22.0,1.0,-0.022,0.489,21192,13,0.0005,,1.0,1.0,
M_MMSE部分集合(k=7),初回 MMSE［物品呼称＋記銘＋注意計算＋遅延再生＋復唱＋3段階命令＋図形模写］,MWU（完全並べ替え）,5,9,"14［12, 16］","14［12, 17］",12、13、14、16、16,12、13、14、14、14、14、15、15、17,22.0,1.0,-0.022,0.489,21192,13,0.0005,,1.0,1.0,初回 MMSE［記銘＋注意計算＋遅延再生＋復唱＋読字理解＋3段階命令＋書字＋図形模写］
M_MMSE部分集合(k=8),初回 MMSE［物品呼称＋記銘＋注意計算＋遅延再生＋復唱＋読字理解＋3段階命令＋図形模写］,MWU（完全並べ替え）,5,9,"15［13, 17］","15［13, 18］",13、14、15、17、17,13、14、15、15、15、15、16、16、18,22.0,1.0,-0.022,0.489,21192,13,0.0005,,1.0,1.0,初回 MMSE［物品呼称＋記銘＋注意計算＋遅延再生＋復唱＋3段階命令＋書字＋図形模写］
M_MMSE部分集合(k=9),初回 MMSE［物品呼称＋記銘＋注意計算＋遅延再生＋復唱＋読字理解＋3段階命令＋書字＋図形模写］,MWU（完全並べ替え）,5,9,"16［14, 18］","16［14, 19］",14、15、16、18、18,14、15、16、16、16、16、17、17、19,22.0,1.0,-0.022,0.489,21192,13,0.0005,,1.0,1.0,
M_MMSE部分集合(k=5),初回 MMSE［物品呼称＋記銘＋読字理解＋3段階命令＋図形模写］,MWU（完全並べ替え）,5,9,"10［9, 10］","10［9, 10］",9、10、10、10、10,9、9、9、10、10、10、10、10、10,25.5,1.0,0.133,0.567,589,14,0.005,,1.0,1.0,初回 MMSE［物品呼称＋記銘＋3段階命令＋書字＋図形模写］
M_MMSE部分集合(k=6),初回 MMSE［物品呼称＋記銘＋読字理解＋3段階命令＋書字＋図形模写］,MWU（完全並べ替え）,5,9,"11［10, 11］","11［10, 11］",10、11、11、11、11,10、10、10、11、11、11、11、11、11,25.5,1.0,0.133,0.567,589,14,0.005,,1.0,1.0,
M_MMSE部分集合(k=5),初回 MMSE［物品呼称＋記銘＋読字理解＋3段階命令＋書字］,MWU（完全並べ替え）,5,9,"10［9, 10］","10［9, 10］",9、10、10、10、10,9、9、10、10、10、10、10、10、10,23.0,1.0,0.022,0.511,21192,14,0.02747,,1.0,1.0,
M_MMSE部分集合(k=4),初回 MMSE［物品呼称＋記銘＋読字理解＋3段階命令］,MWU（完全並べ替え）,5,9,"9［8, 9］","9［8, 9］",8、9、9、9、9,8、8、9、9、9、9、9、9、9,23.0,1.0,0.022,0.511,21192,14,0.02747,,1.0,1.0,初回 MMSE［物品呼称＋記銘＋3段階命令＋書字］
M_MMSE部分集合(k=4),初回 MMSE［物品呼称＋記銘＋読字理解＋図形模写］,MWU（完全並べ替え）,5,9,"7［6, 7］","7［6, 7］",6、7、7、7、7,6、6、7、7、7、7、7、7、7,23.0,1.0,0.022,0.511,21192,14,0.02747,,1.0,1.0,初回 MMSE［物品呼称＋記銘＋書字＋図形模写］
M_MMSE部分集合(k=5),初回 MMSE［物品呼称＋記銘＋読字理解＋書字＋図形模写］,MWU（完全並べ替え）,5,9,"8［7, 8］","8［7, 8］",7、8、8、8、8,7、7、8、8、8、8、8、8、8,23.0,1.0,0.022,0.511,21192,14,0.02747,,1.0,1.0,
M_MMSE部分集合(k=4),初回 MMSE［物品呼称＋記銘＋読字理解＋書字］,MWU（完全並べ替え）,5,9,"7［6, 7］","7［6, 7］",6、7、7、7、7,6、7、7、7、7、7、7、7、7,20.5,1.0,-0.089,0.456,1325,14,0.10989,,1.0,1.0,
M_MMSE部分集合(k=3),初回 MMSE［物品呼称＋記銘＋読字理解］,MWU（完全並べ替え）,5,9,"6［5, 6］","6［5, 6］",5、6、6、6、6,5、6、6、6、6、6、6、6、6,20.5,1.0,-0.089,0.456,1325,14,0.10989,,1.0,1.0,初回 MMSE［物品呼称＋記銘＋書字］
M_MMSE部分集合(k=2),初回 MMSE［物品呼称＋記銘］,MWU（完全並べ替え）,5,9,"5［4, 5］","5［4, 5］",4、5、5、5、5,4、5、5、5、5、5、5、5、5,20.5,1.0,-0.089,0.456,1325,14,0.10989,,1.0,1.0,初回 MMSE［記銘＋読字理解＋書字］
M_MMSE部分集合(k=3),初回 MMSE［物品呼称＋読字理解＋図形模写］,MWU（完全並べ替え）,5,9,"4［4, 4］","4［3, 4］",4、4、4、4、4,3、4、4、4、4、4、4、4、4,25.0,1.0,0.111,0.556,848,13,0.35714,,1.0,1.0,初回 MMSE［物品呼称＋書字＋図形模写］
M_MMSE部分集合(k=4),初回 MMSE［物品呼称＋読字理解＋書字＋図形模写］,MWU（完全並べ替え）,5,9,"5［5, 5］","5［4, 5］",5、5、5、5、5,4、5、5、5、5、5、5、5、5,25.0,1.0,0.111,0.556,848,13,0.35714,,1.0,1.0,
M2_下位項目の差,初回 MMSE［記銘−読字理解］,MWU（完全並べ替え）,5,9,"2［1, 2］","2［1, 2］",1、2、2、2、2,1、2、2、2、2、2、2、2、2,20.5,1.0,-0.089,0.456,1325,14,0.10989,,1.0,1.0,初回 MMSE［記銘−書字］
M_MMSE部分集合(k=3),初回 MMSE［記銘＋3段階命令＋図形模写］,MWU（完全並べ替え）,5,9,"7［6, 7］","7［6, 7］",6、7、7、7、7,6、6、6、7、7、7、7、7、7,25.5,1.0,0.133,0.567,589,14,0.005,,1.0,1.0,
M_MMSE部分集合(k=2),初回 MMSE［記銘＋3段階命令］,MWU（完全並べ替え）,5,9,"6［5, 6］","6［5, 6］",5、6、6、6、6,5、5、6、6、6、6、6、6、6,23.0,1.0,0.022,0.511,21192,14,0.02747,,1.0,1.0,
M_MMSE部分集合(k=2),初回 MMSE［記銘＋図形模写］,MWU（完全並べ替え）,5,9,"4［3, 4］","4［3, 4］",3、4、4、4、4,3、3、4、4、4、4、4、4、4,23.0,1.0,0.022,0.511,21192,14,0.02747,,1.0,1.0,
M_MMSE部分集合(k=4),初回 MMSE［記銘＋注意計算＋3段階命令＋図形模写］,MWU（完全並べ替え）,5,9,"11［8, 12］","11［10, 12］",8、10、11、12、12,10、10、10、10、11、11、12、12、12,22.0,1.0,-0.022,0.489,21192,13,0.0005,,1.0,1.0,
M_MMSE部分集合(k=4),初回 MMSE［記銘＋注意計算＋復唱＋3段階命令］,MWU（完全並べ替え）,5,9,"11［8, 12］","11［9, 12］",8、10、11、12、12,9、10、10、10、11、11、12、12、12,22.5,1.0,0.0,0.5,,12,0.0005,,1.0,1.0,
M_MMSE部分集合(k=4),初回 MMSE［記銘＋注意計算＋復唱＋図形模写］,MWU（完全並べ替え）,5,9,"9［6, 10］","9［7, 10］",6、8、9、10、10,7、8、8、8、9、9、10、10、10,22.5,1.0,0.0,0.5,,12,0.0005,,1.0,1.0,
M_MMSE部分集合(k=5),初回 MMSE［記銘＋注意計算＋復唱＋読字理解＋3段階命令］,MWU（完全並べ替え）,5,9,"12［9, 13］","12［10, 13］",9、11、12、13、13,10、11、11、11、12、12、13、13、13,22.5,1.0,0.0,0.5,,12,0.0005,,1.0,1.0,初回 MMSE［記銘＋注意計算＋復唱＋3段階命令＋書字］
M_MMSE部分集合(k=5),初回 MMSE［記銘＋注意計算＋復唱＋読字理解＋図形模写］,MWU（完全並べ替え）,5,9,"10［7, 11］","10［8, 11］",7、9、10、11、11,8、9、9、9、10、10、11、11、11,22.5,1.0,0.0,0.5,,12,0.0005,,1.0,1.0,初回 MMSE［記銘＋注意計算＋復唱＋書字＋図形模写］
M_MMSE部分集合(k=5),初回 MMSE［記銘＋注意計算＋読字理解＋3段階命令＋図形模写］,MWU（完全並べ替え）,5,9,"12［9, 13］","12［11, 13］",9、11、12、13、13,11、11、11、11、12、12、13、13、13,22.0,1.0,-0.022,0.489,21192,13,0.0005,,1.0,1.0,初回 MMSE［記銘＋注意計算＋3段階命令＋書字＋図形模写］
M_MMSE部分集合(k=6),初回 MMSE［記銘＋注意計算＋遅延再生＋復唱＋3段階命令＋図形模写］,MWU（完全並べ替え）,5,9,"12［10, 14］","12［10, 15］",10、11、12、14、14,10、11、12、12、12、12、13、13、15,22.0,1.0,-0.022,0.489,21192,13,0.0005,,1.0,1.0,
M_MMSE部分集合(k=7),初回 MMSE［記銘＋注意計算＋遅延再生＋復唱＋読字理解＋3段階命令＋図形模写］,MWU（完全並べ替え）,5,9,"13［11, 15］","13［11, 16］",11、12、13、15、15,11、12、13、13、13、13、14、14、16,22.0,1.0,-0.022,0.489,21192,13,0.0005,,1.0,1.0,初回 MMSE［記銘＋注意計算＋遅延再生＋復唱＋3段階命令＋書字＋図形模写］
M_MMSE部分集合(k=4),初回 MMSE［記銘＋読字理解＋3段階命令＋図形模写］,MWU（完全並べ替え）,5,9,"8［7, 8］","8［7, 8］",7、8、8、8、8,7、7、7、8、8、8、8、8、8,25.5,1.0,0.133,0.567,589,14,0.005,,1.0,1.0,初回 MMSE［記銘＋3段階命令＋書字＋図形模写］
M_MMSE部分集合(k=3),初回 MMSE［記銘＋読字理解＋3段階命令］,MWU（完全並べ替え）,5,9,"7［6, 7］","7［6, 7］",6、7、7、7、7,6、6、7、7、7、7、7、7、7,23.0,1.0,0.022,0.511,21192,14,0.02747,,1.0,1.0,初回 MMSE［記銘＋3段階命令＋書字］
M_MMSE部分集合(k=3),初回 MMSE［記銘＋読字理解＋図形模写］,MWU（完全並べ替え）,5,9,"5［4, 5］","5［4, 5］",4、5、5、5、5,4、4、5、5、5、5、5、5、5,23.0,1.0,0.022,0.511,21192,14,0.02747,,1.0,1.0,初回 MMSE［記銘＋書字＋図形模写］
M_MMSE部分集合(k=2),初回 MMSE［記銘＋読字理解］,MWU（完全並べ替え）,5,9,"4［3, 4］","4［3, 4］",3、4、4、4、4,3、4、4、4、4、4、4、4、4,20.5,1.0,-0.089,0.456,1325,14,0.10989,,1.0,1.0,初回 MMSE［記銘＋書字］
M2_下位項目の差,初回 MMSE［読字理解−3段階命令］,MWU（完全並べ替え）,5,9,"-2［-2, -2］","-2［-2, -1］",-2、-2、-2、-2、-2,-2、-2、-2、-2、-2、-2、-2、-2、-1,20.0,1.0,-0.111,0.444,848,13,0.35714,,1.0,1.0,
M_MMSE部分集合(k=2),初回 MMSE［読字理解＋3段階命令］,MWU（完全並べ替え）,5,9,"4［4, 4］","4［3, 4］",4、4、4、4、4,3、4、4、4、4、4、4、4、4,25.0,1.0,0.111,0.556,848,13,0.35714,,1.0,1.0,追跡時 MMSE［読字理解＋3段階命令］、初回 MMSE［3段階命令＋書字］、追跡時 MMSE［3段階命令＋書字］、追跡時 MMSE［3段階命令＋図形模写］
M_MMSE部分集合(k=2),初回 MMSE［読字理解＋図形模写］,MWU（完全並べ替え）,5,9,"2［2, 2］","2［1, 2］",2、2、2、2、2,1、2、2、2、2、2、2、2、2,25.0,1.0,0.111,0.556,848,13,0.35714,,1.0,1.0,初回 MMSE［書字＋図形模写］
A_初回値,初回 MoCA-J,MWU（完全並べ替え）,3,3,"21［19, 23］","21［17, 24］",19、21、23,17、21、24,4.5,1.0,0.0,0.5,,2,0.13333,,1.0,1.0,
N_全切点2値化,初回 MoCA-J ≧19,Fisher（正確）,3,3,3/3,2/3,,,,1.0,,,,,0.16667,,1.0,1.0,
N_全切点2値化,初回 MoCA-J ≧21,Fisher（正確）,3,3,2/3,2/3,,,,1.0,,,,,0.06667,,1.0,1.0,追跡時 MoCA-J ≧21
N_全切点2値化,初回 MoCA-J ≧23,Fisher（正確）,3,3,1/3,1/3,,,,1.0,,,,,0.06667,,1.0,1.0,
P_方向の組合せ,悪化したMMSE下位項目の数,MWU（完全並べ替え）,5,9,"1［0, 2］","1［0, 2］",0、0、1、2、2,0、0、1、1、1、1、2、2、2,21.0,1.0,-0.067,0.467,2355,14,0.0005,,1.0,1.0,
N_全切点2値化,追跡時 CDR 家庭・趣味 ≧0.5,Fisher（正確）,5,9,4/5,6/9,,,,1.0,,,,,0.005,,1.0,1.0,
B_追跡時値,追跡時 CDR 見当識,MWU（完全並べ替え）,5,9,"0.5［0, 1］","0.5［0, 0.5］",0、0.5、0.5、0.5、1,0、0.5、0.5、0.5、0.5、0.5、0.5、0.5、0.5,24.5,1.0,0.089,0.544,1325,13,0.08242,,1.0,1.0,追跡時 CDR［見当識］
N_全切点2値化,追跡時 CDR 見当識 ≧0.5,Fisher（正確）,5,9,4/5,8/9,,,,1.0,,,,,0.10989,,1.0,1.0,
B_追跡時値,追跡時 CDR 記憶,MWU（完全並べ替え）,5,9,"0.5［0.5, 1］","0.5［0.5, 1］",0.5、0.5、0.5、1、1,0.5、0.5、0.5、0.5、0.5、0.5、1、1、1,24.0,1.0,0.067,0.533,2355,14,0.0005,,1.0,1.0,追跡時 CDR［記憶］
B_追跡時値,追跡時 CDR 身の回りの世話,MWU（完全並べ替え）,5,9,"0［0, 0］","0［0, 1］",0、0、0、0、0,0、0、0、0、0、0、0、0、1,20.0,1.0,-0.111,0.444,848,13,0.35714,,1.0,1.0,Δ CDR 身の回りの世話、追跡時 CDR［身の回りの世話］、Δ CDR［身の回りの世話］
N_全切点2値化,追跡時 CDR-SB ≧2,Fisher（正確）,5,9,3/5,6/9,,,,1.0,,,,,0.0005,,1.0,1.0,
N_全切点2値化,追跡時 CDR-SB ≧2.5,Fisher（正確）,5,9,2/5,5/9,,,,1.0,,,,,0.02098,,1.0,1.0,
N_全切点2値化,追跡時 CDR-SB ≧4.5,Fisher（正確）,5,9,1/5,1/9,,,,1.0,,,,,0.10989,,1.0,1.0,
M_CDR部分集合(k=3),追跡時 CDR［記憶＋地域社会の活動＋家庭・趣味］,MWU（完全並べ替え）,5,9,"1［1, 3］","1.5［0.5, 2.5］",1、1、1、1.5、3,0.5、0.5、1、1、1.5、2、2、2、2.5,22.5,1.0,0.0,0.5,,12,0.0005,,1.0,1.0,
B_追跡時値,追跡時 Global CDR,MWU（完全並べ替え）,5,9,"0.5［0.5, 1］","0.5［0.5, 1］",0.5、0.5、0.5、0.5、1,0.5、0.5、0.5、0.5、0.5、0.5、0.5、1、1,22.0,1.0,-0.022,0.489,21192,14,0.02747,,1.0,1.0,
B_追跡時値,追跡時 MMSE 復唱,MWU（完全並べ替え）,5,9,"1［1, 1］","1［0, 1］",1、1、1、1、1,0、1、1、1、1、1、1、1、1,25.0,1.0,0.111,0.556,848,13,0.35714,,1.0,1.0,6か月 MMSE 復唱、追跡時 MMSE［復唱］
N_全切点2値化,追跡時 MMSE 復唱 ≧1,Fisher（正確）,5,9,5/5,8/9,,,,1.0,,,,,0.35714,,1.0,1.0,
N_全切点2値化,追跡時 MMSE 時間見当識 ≧4,Fisher（正確）,5,9,3/5,5/9,,,,1.0,,,,,0.003,,1.0,1.0,
E_合成指標,追跡時 MMSE 記憶計（記銘＋遅延再生）,MWU（完全並べ替え）,5,9,"3［3, 4］","3［3, 6］",3、3、3、3、4,3、3、3、3、3、3、3、3、6,24.0,1.0,0.067,0.533,2355,12,0.10989,,1.0,1.0,追跡時 MMSE［記銘＋遅延再生］ ほか4件
B_追跡時値,追跡時 MMSE 記銘,MWU,5,9,"3［3, 3］","3［3, 3］",,,,1.0,,,,,,全例が同値のため差が定義されない,1.0,1.0,6か月 MMSE 記銘 ほか8件
B_追跡時値,追跡時 MMSE 遅延再生,MWU（完全並べ替え）,5,9,"0［0, 1］","0［0, 3］",0、0、0、0、1,0、0、0、0、0、0、0、0、3,24.0,1.0,0.067,0.533,2355,12,0.10989,,1.0,1.0,追跡時 MMSE［遅延再生］
N_全切点2値化,追跡時 MMSE合計 ≧23,Fisher（正確）,5,9,4/5,8/9,,,,1.0,,,,,0.10989,,1.0,1.0,
N_全切点2値化,追跡時 MMSE合計 ≧27,Fisher（正確）,5,9,1/5,1/9,,,,1.0,,,,,0.10989,,1.0,1.0,追跡時 MMSE 遅延再生 ≧1
M_MMSE部分集合(k=2),追跡時 MMSE［復唱＋読字理解］,MWU（完全並べ替え）,5,9,"2［2, 2］","2［1, 2］",2、2、2、2、2,1、2、2、2、2、2、2、2、2,25.0,1.0,0.111,0.556,848,13,0.35714,,1.0,1.0,追跡時 MMSE［復唱＋書字］、追跡時 MMSE［復唱＋図形模写］
M_MMSE部分集合(k=8),追跡時 MMSE［時間見当識＋場所見当識＋物品呼称＋記銘＋遅延再生＋読字理解＋書字＋図形模写］,MWU（完全並べ替え）,5,9,"17［13, 19］","16［14, 20］",13、15、17、17、19,14、15、16、16、16、17、17、17、20,22.5,1.0,0.0,0.5,,10,0.0015,,1.0,1.0,
M_MMSE部分集合(k=7),追跡時 MMSE［時間見当識＋場所見当識＋物品呼称＋記銘＋遅延再生＋読字理解＋書字］,MWU（完全並べ替え）,5,9,"16［12, 18］","15［13, 19］",12、14、16、16、18,13、14、15、15、15、16、16、16、19,22.5,1.0,0.0,0.5,,10,0.0015,,1.0,1.0,追跡時 MMSE［時間見当識＋場所見当識＋物品呼称＋記銘＋遅延再生＋読字理解＋図形模写］、追跡時 MMSE［時間見当識＋場所見当識＋物品呼称＋記銘＋遅延再生＋書字＋図形模写］
M_MMSE部分集合(k=6),追跡時 MMSE［時間見当識＋場所見当識＋物品呼称＋記銘＋遅延再生＋読字理解］,MWU（完全並べ替え）,5,9,"15［11, 17］","14［12, 18］",11、13、15、15、17,12、13、14、14、14、15、15、15、18,22.5,1.0,0.0,0.5,,10,0.0015,,1.0,1.0,追跡時 MMSE［時間見当識＋場所見当識＋物品呼称＋記銘＋遅延再生＋書字］、追跡時 MMSE［時間見当識＋場所見当識＋物品呼称＋記銘＋遅延再生＋図形模写］、追跡時 MMSE［時間見当識＋場所見当識＋記銘＋遅延再生＋読字理解＋書字＋図形模写］
M_MMSE部分集合(k=5),追跡時 MMSE［時間見当識＋場所見当識＋物品呼称＋記銘＋遅延再生］,MWU（完全並べ替え）,5,9,"14［10, 16］","13［11, 17］",10、12、14、14、16,11、12、13、13、13、14、14、14、17,22.5,1.0,0.0,0.5,,10,0.0015,,1.0,1.0,追跡時 MMSE［時間見当識＋場所見当識＋記銘＋遅延再生＋読字理解＋書字］、追跡時 MMSE［時間見当識＋場所見当識＋記銘＋遅延再生＋読字理解＋図形模写］、追跡時 MMSE［時間見当識＋場所見当識＋記銘＋遅延再生＋書字＋図形模写］、追跡時 MMSE［時間見当識＋場所見当識＋物品呼称＋遅延再生＋読字理解＋書字＋図形模写］
M_MMSE部分集合(k=4),追跡時 MMSE［時間見当識＋場所見当識＋物品呼称＋遅延再生］,MWU（完全並べ替え）,5,9,"11［7, 13］","10［8, 14］",7、9、11、11、13,8、9、10、10、10、11、11、11、14,22.5,1.0,0.0,0.5,,10,0.0015,,1.0,1.0,追跡時 MMSE［時間見当識＋場所見当識＋遅延再生＋読字理解＋書字］、追跡時 MMSE［時間見当識＋場所見当識＋遅延再生＋読字理解＋図形模写］、追跡時 MMSE［時間見当識＋場所見当識＋遅延再生＋書字＋図形模写］
M_MMSE部分集合(k=5),追跡時 MMSE［時間見当識＋場所見当識＋記銘＋遅延再生＋読字理解］,MWU（完全並べ替え）,5,9,"13［9, 15］","12［10, 16］",9、11、13、13、15,10、11、12、12、12、13、13、13、16,22.5,1.0,0.0,0.5,,10,0.0015,,1.0,1.0,追跡時 MMSE［時間見当識＋場所見当識＋記銘＋遅延再生＋書字］ ほか4件
M_MMSE部分集合(k=4),追跡時 MMSE［時間見当識＋場所見当識＋記銘＋遅延再生］,MWU（完全並べ替え）,5,9,"12［8, 14］","11［9, 15］",8、10、12、12、14,9、10、11、11、11、12、12、12、15,22.5,1.0,0.0,0.5,,10,0.0015,,1.0,1.0,追跡時 MMSE［時間見当識＋場所見当識＋物品呼称＋遅延再生＋読字理解］、追跡時 MMSE［時間見当識＋場所見当識＋物品呼称＋遅延再生＋書字］、追跡時 MMSE［時間見当識＋場所見当識＋物品呼称＋遅延再生＋図形模写］、追跡時 MMSE［時間見当識＋場所見当識＋遅延再生＋読字理解＋書字＋図形模写］
M_MMSE部分集合(k=4),追跡時 MMSE［時間見当識＋場所見当識＋遅延再生＋読字理解］,MWU（完全並べ替え）,5,9,"10［6, 12］","9［7, 13］",6、8、10、10、12,7、8、9、9、9、10、10、10、13,22.5,1.0,0.0,0.5,,10,0.0015,,1.0,1.0,追跡時 MMSE［時間見当識＋場所見当識＋遅延再生＋書字］、追跡時 MMSE［時間見当識＋場所見当識＋遅延再生＋図形模写］
M_MMSE部分集合(k=3),追跡時 MMSE［時間見当識＋場所見当識＋遅延再生］,MWU（完全並べ替え）,5,9,"9［5, 11］","8［6, 12］",5、7、9、9、11,6、7、8、8、8、9、9、9、12,22.5,1.0,0.0,0.5,,10,0.0015,,1.0,1.0,
M_MMSE部分集合(k=7),追跡時 MMSE［時間見当識＋物品呼称＋記銘＋遅延再生＋読字理解＋書字＋図形模写］,MWU（完全並べ替え）,5,9,"12［8, 14］","12［10, 16］",8、10、12、13、14,10、11、11、11、12、12、12、12、16,22.5,1.0,0.0,0.5,,10,0.0015,,1.0,1.0,
M_MMSE部分集合(k=6),追跡時 MMSE［時間見当識＋物品呼称＋記銘＋遅延再生＋読字理解＋書字］,MWU（完全並べ替え）,5,9,"11［7, 13］","11［9, 15］",7、9、11、12、13,9、10、10、10、11、11、11、11、15,22.5,1.0,0.0,0.5,,10,0.0015,,1.0,1.0,追跡時 MMSE［時間見当識＋物品呼称＋記銘＋遅延再生＋読字理解＋図形模写］、追跡時 MMSE［時間見当識＋物品呼称＋記銘＋遅延再生＋書字＋図形模写］
M_MMSE部分集合(k=5),追跡時 MMSE［時間見当識＋物品呼称＋記銘＋遅延再生＋読字理解］,MWU（完全並べ替え）,5,9,"10［6, 12］","10［8, 14］",6、8、10、11、12,8、9、9、9、10、10、10、10、14,22.5,1.0,0.0,0.5,,10,0.0015,,1.0,1.0,追跡時 MMSE［時間見当識＋物品呼称＋記銘＋遅延再生＋書字］、追跡時 MMSE［時間見当識＋物品呼称＋記銘＋遅延再生＋図形模写］、追跡時 MMSE［時間見当識＋記銘＋遅延再生＋読字理解＋書字＋図形模写］
M_MMSE部分集合(k=4),追跡時 MMSE［時間見当識＋物品呼称＋記銘＋遅延再生］,MWU（完全並べ替え）,5,9,"9［5, 11］","9［7, 13］",5、7、9、10、11,7、8、8、8、9、9、9、9、13,22.5,1.0,0.0,0.5,,10,0.0015,,1.0,1.0,追跡時 MMSE［時間見当識＋記銘＋遅延再生＋読字理解＋書字］、追跡時 MMSE［時間見当識＋記銘＋遅延再生＋読字理解＋図形模写］、追跡時 MMSE［時間見当識＋記銘＋遅延再生＋書字＋図形模写］、追跡時 MMSE［時間見当識＋物品呼称＋遅延再生＋読字理解＋書字＋図形模写］
M_MMSE部分集合(k=3),追跡時 MMSE［時間見当識＋物品呼称＋遅延再生］,MWU（完全並べ替え）,5,9,"6［2, 8］","6［4, 10］",2、4、6、7、8,4、5、5、5、6、6、6、6、10,22.5,1.0,0.0,0.5,,10,0.0015,,1.0,1.0,追跡時 MMSE［時間見当識＋遅延再生＋読字理解＋書字］、追跡時 MMSE［時間見当識＋遅延再生＋読字理解＋図形模写］、追跡時 MMSE［時間見当識＋遅延再生＋書字＋図形模写］
M_MMSE部分集合(k=4),追跡時 MMSE［時間見当識＋記銘＋遅延再生＋読字理解］,MWU（完全並べ替え）,5,9,"8［4, 10］","8［6, 12］",4、6、8、9、10,6、7、7、7、8、8、8、8、12,22.5,1.0,0.0,0.5,,10,0.0015,,1.0,1.0,追跡時 MMSE［時間見当識＋記銘＋遅延再生＋書字］ ほか4件
M_MMSE部分集合(k=3),追跡時 MMSE［時間見当識＋記銘＋遅延再生］,MWU（完全並べ替え）,5,9,"7［3, 9］","7［5, 11］",3、5、7、8、9,5、6、6、6、7、7、7、7、11,22.5,1.0,0.0,0.5,,10,0.0015,,1.0,1.0,追跡時 MMSE［時間見当識＋物品呼称＋遅延再生＋読字理解］、追跡時 MMSE［時間見当識＋物品呼称＋遅延再生＋書字］、追跡時 MMSE［時間見当識＋物品呼称＋遅延再生＋図形模写］、追跡時 MMSE［時間見当識＋遅延再生＋読字理解＋書字＋図形模写］
M_MMSE部分集合(k=3),追跡時 MMSE［時間見当識＋遅延再生＋読字理解］,MWU（完全並べ替え）,5,9,"5［1, 7］","5［3, 9］",1、3、5、6、7,3、4、4、4、5、5、5、5、9,22.5,1.0,0.0,0.5,,10,0.0015,,1.0,1.0,追跡時 MMSE［時間見当識＋遅延再生＋書字］、追跡時 MMSE［時間見当識＋遅延再生＋図形模写］
M_MMSE部分集合(k=2),追跡時 MMSE［時間見当識＋遅延再生］,MWU（完全並べ替え）,5,9,"4［0, 6］","4［2, 8］",0、2、4、5、6,2、3、3、3、4、4、4、4、8,22.5,1.0,0.0,0.5,,10,0.0015,,1.0,1.0,
M_MMSE部分集合(k=2),追跡時 MMSE［物品呼称＋復唱］,MWU（完全並べ替え）,5,9,"3［3, 3］","3［2, 3］",3、3、3、3、3,2、3、3、3、3、3、3、3、3,25.0,1.0,0.111,0.556,848,13,0.35714,,1.0,1.0,追跡時 MMSE［復唱＋読字理解＋書字］、追跡時 MMSE［復唱＋読字理解＋図形模写］、追跡時 MMSE［復唱＋書字＋図形模写］
M_MMSE部分集合(k=3),追跡時 MMSE［物品呼称＋記銘＋3段階命令］,MWU（完全並べ替え）,5,9,"8［8, 8］","8［7, 8］",8、8、8、8、8,7、8、8、8、8、8、8、8、8,25.0,1.0,0.111,0.556,848,13,0.35714,,1.0,1.0,追跡時 MMSE［記銘＋読字理解＋3段階命令＋書字］、追跡時 MMSE［記銘＋読字理解＋3段階命令＋図形模写］、追跡時 MMSE［記銘＋3段階命令＋書字＋図形模写］、追跡時 MMSE［物品呼称＋読字理解＋3段階命令＋書字＋図形模写］
M_MMSE部分集合(k=6),追跡時 MMSE［物品呼称＋記銘＋復唱＋読字理解＋書字＋図形模写］,MWU（完全並べ替え）,5,9,"9［9, 9］","9［8, 9］",9、9、9、9、9,8、9、9、9、9、9、9、9、9,25.0,1.0,0.111,0.556,848,13,0.35714,,1.0,1.0,
M_MMSE部分集合(k=5),追跡時 MMSE［物品呼称＋記銘＋復唱＋読字理解＋書字］,MWU（完全並べ替え）,5,9,"8［8, 8］","8［7, 8］",8、8、8、8、8,7、8、8、8、8、8、8、8、8,25.0,1.0,0.111,0.556,848,13,0.35714,,1.0,1.0,追跡時 MMSE［物品呼称＋記銘＋復唱＋読字理解＋図形模写］、追跡時 MMSE［物品呼称＋記銘＋復唱＋書字＋図形模写］
M_MMSE部分集合(k=4),追跡時 MMSE［物品呼称＋記銘＋復唱＋読字理解］,MWU（完全並べ替え）,5,9,"7［7, 7］","7［6, 7］",7、7、7、7、7,6、7、7、7、7、7、7、7、7,25.0,1.0,0.111,0.556,848,13,0.35714,,1.0,1.0,追跡時 MMSE［物品呼称＋記銘＋復唱＋書字］、追跡時 MMSE［物品呼称＋記銘＋復唱＋図形模写］、追跡時 MMSE［記銘＋復唱＋読字理解＋書字＋図形模写］
M_MMSE部分集合(k=3),追跡時 MMSE［物品呼称＋記銘＋復唱］,MWU（完全並べ替え）,5,9,"6［6, 6］","6［5, 6］",6、6、6、6、6,5、6、6、6、6、6、6、6、6,25.0,1.0,0.111,0.556,848,13,0.35714,,1.0,1.0,追跡時 MMSE［記銘＋復唱＋読字理解＋書字］、追跡時 MMSE［記銘＋復唱＋読字理解＋図形模写］、追跡時 MMSE［記銘＋復唱＋書字＋図形模写］、追跡時 MMSE［物品呼称＋復唱＋読字理解＋書字＋図形模写］
M_MMSE部分集合(k=6),追跡時 MMSE［物品呼称＋記銘＋読字理解＋3段階命令＋書字＋図形模写］,MWU（完全並べ替え）,5,9,"11［11, 11］","11［10, 11］",11、11、11、11、11,10、11、11、11、11、11、11、11、11,25.0,1.0,0.111,0.556,848,13,0.35714,,1.0,1.0,
M_MMSE部分集合(k=5),追跡時 MMSE［物品呼称＋記銘＋読字理解＋3段階命令＋書字］,MWU（完全並べ替え）,5,9,"10［10, 10］","10［9, 10］",10、10、10、10、10,9、10、10、10、10、10、10、10、10,25.0,1.0,0.111,0.556,848,13,0.35714,,1.0,1.0,追跡時 MMSE［物品呼称＋記銘＋読字理解＋3段階命令＋図形模写］、追跡時 MMSE［物品呼称＋記銘＋3段階命令＋書字＋図形模写］
M_MMSE部分集合(k=4),追跡時 MMSE［物品呼称＋記銘＋読字理解＋3段階命令］,MWU（完全並べ替え）,5,9,"9［9, 9］","9［8, 9］",9、9、9、9、9,8、9、9、9、9、9、9、9、9,25.0,1.0,0.111,0.556,848,13,0.35714,,1.0,1.0,追跡時 MMSE［物品呼称＋記銘＋3段階命令＋書字］、追跡時 MMSE［物品呼称＋記銘＋3段階命令＋図形模写］、追跡時 MMSE［記銘＋読字理解＋3段階命令＋書字＋図形模写］
M_MMSE部分集合(k=5),追跡時 MMSE［物品呼称＋記銘＋読字理解＋書字＋図形模写］,MWU,5,9,"8［8, 8］","8［8, 8］",,,,1.0,,,,,,全例が同値のため差が定義されない,1.0,1.0,
M_MMSE部分集合(k=4),追跡時 MMSE［物品呼称＋記銘＋読字理解＋書字］,MWU,5,9,"7［7, 7］","7［7, 7］",,,,1.0,,,,,,全例が同値のため差が定義されない,1.0,1.0,追跡時 MMSE［物品呼称＋記銘＋読字理解＋図形模写］、追跡時 MMSE［物品呼称＋記銘＋書字＋図形模写］
M_MMSE部分集合(k=3),追跡時 MMSE［物品呼称＋記銘＋読字理解］,MWU,5,9,"6［6, 6］","6［6, 6］",,,,1.0,,,,,,全例が同値のため差が定義されない,1.0,1.0,追跡時 MMSE［物品呼称＋記銘＋書字］、追跡時 MMSE［物品呼称＋記銘＋図形模写］、追跡時 MMSE［記銘＋読字理解＋書字＋図形模写］
M_MMSE部分集合(k=6),追跡時 MMSE［物品呼称＋記銘＋遅延再生＋読字理解＋書字＋図形模写］,MWU（完全並べ替え）,5,9,"8［8, 9］","8［8, 11］",8、8、8、8、9,8、8、8、8、8、8、8、8、11,24.0,1.0,0.067,0.533,2355,12,0.10989,,1.0,1.0,
M_MMSE部分集合(k=5),追跡時 MMSE［物品呼称＋記銘＋遅延再生＋読字理解＋書字］,MWU（完全並べ替え）,5,9,"7［7, 8］","7［7, 10］",7、7、7、7、8,7、7、7、7、7、7、7、7、10,24.0,1.0,0.067,0.533,2355,12,0.10989,,1.0,1.0,追跡時 MMSE［物品呼称＋記銘＋遅延再生＋読字理解＋図形模写］、追跡時 MMSE［物品呼称＋記銘＋遅延再生＋書字＋図形模写］
M_MMSE部分集合(k=4),追跡時 MMSE［物品呼称＋記銘＋遅延再生＋読字理解］,MWU（完全並べ替え）,5,9,"6［6, 7］","6［6, 9］",6、6、6、6、7,6、6、6、6、6、6、6、6、9,24.0,1.0,0.067,0.533,2355,12,0.10989,,1.0,1.0,追跡時 MMSE［物品呼称＋記銘＋遅延再生＋書字］、追跡時 MMSE［物品呼称＋記銘＋遅延再生＋図形模写］、追跡時 MMSE［記銘＋遅延再生＋読字理解＋書字＋図形模写］
M_MMSE部分集合(k=3),追跡時 MMSE［物品呼称＋記銘＋遅延再生］,MWU（完全並べ替え）,5,9,"5［5, 6］","5［5, 8］",5、5、5、5、6,5、5、5、5、5、5、5、5、8,24.0,1.0,0.067,0.533,2355,12,0.10989,,1.0,1.0,追跡時 MMSE［記銘＋遅延再生＋読字理解＋書字］、追跡時 MMSE［記銘＋遅延再生＋読字理解＋図形模写］、追跡時 MMSE［記銘＋遅延再生＋書字＋図形模写］、追跡時 MMSE［物品呼称＋遅延再生＋読字理解＋書字＋図形模写］
M_MMSE部分集合(k=2),追跡時 MMSE［物品呼称＋記銘］,MWU,5,9,"5［5, 5］","5［5, 5］",,,,1.0,,,,,,全例が同値のため差が定義されない,1.0,1.0,追跡時 MMSE［記銘＋読字理解＋書字］、追跡時 MMSE［記銘＋読字理解＋図形模写］、追跡時 MMSE［記銘＋書字＋図形模写］、追跡時 MMSE［物品呼称＋読字理解＋書字＋図形模写］
M_MMSE部分集合(k=2),追跡時 MMSE［物品呼称＋遅延再生］,MWU（完全並べ替え）,5,9,"2［2, 3］","2［2, 5］",2、2、2、2、3,2、2、2、2、2、2、2、2、5,24.0,1.0,0.067,0.533,2355,12,0.10989,,1.0,1.0,追跡時 MMSE［遅延再生＋読字理解＋書字］、追跡時 MMSE［遅延再生＋読字理解＋図形模写］、追跡時 MMSE［遅延再生＋書字＋図形模写］
M_MMSE部分集合(k=2),追跡時 MMSE［記銘＋3段階命令］,MWU（完全並べ替え）,5,9,"6［6, 6］","6［5, 6］",6、6、6、6、6,5、6、6、6、6、6、6、6、6,25.0,1.0,0.111,0.556,848,13,0.35714,,1.0,1.0,初回 MMSE［物品呼称＋読字理解＋3段階命令］ ほか5件
M_MMSE部分集合(k=3),追跡時 MMSE［記銘＋復唱＋読字理解］,MWU（完全並べ替え）,5,9,"5［5, 5］","5［4, 5］",5、5、5、5、5,4、5、5、5、5、5、5、5、5,25.0,1.0,0.111,0.556,848,13,0.35714,,1.0,1.0,追跡時 MMSE［記銘＋復唱＋書字］ ほか4件
M_MMSE部分集合(k=2),追跡時 MMSE［記銘＋復唱］,MWU（完全並べ替え）,5,9,"4［4, 4］","4［3, 4］",4、4、4、4、4,3、4、4、4、4、4、4、4、4,25.0,1.0,0.111,0.556,848,13,0.35714,,1.0,1.0,追跡時 MMSE［物品呼称＋復唱＋読字理解］、追跡時 MMSE［物品呼称＋復唱＋書字］、追跡時 MMSE［物品呼称＋復唱＋図形模写］、追跡時 MMSE［復唱＋読字理解＋書字＋図形模写］
M_MMSE部分集合(k=3),追跡時 MMSE［記銘＋読字理解＋3段階命令］,MWU（完全並べ替え）,5,9,"7［7, 7］","7［6, 7］",7、7、7、7、7,6、7、7、7、7、7、7、7、7,25.0,1.0,0.111,0.556,848,13,0.35714,,1.0,1.0,追跡時 MMSE［記銘＋3段階命令＋書字］ ほか5件
M_MMSE部分集合(k=2),追跡時 MMSE［記銘＋読字理解］,MWU,5,9,"4［4, 4］","4［4, 4］",,,,1.0,,,,,,全例が同値のため差が定義されない,1.0,1.0,追跡時 MMSE［記銘＋書字］ ほか5件
M_MMSE部分集合(k=3),追跡時 MMSE［記銘＋遅延再生＋読字理解］,MWU（完全並べ替え）,5,9,"4［4, 5］","4［4, 7］",4、4、4、4、5,4、4、4、4、4、4、4、4、7,24.0,1.0,0.067,0.533,2355,12,0.10989,,1.0,1.0,追跡時 MMSE［記銘＋遅延再生＋書字］ ほか4件
M_MMSE部分集合(k=2),追跡時 MMSE［遅延再生＋読字理解］,MWU（完全並べ替え）,5,9,"1［1, 2］","1［1, 4］",1、1、1、1、2,1、1、1、1、1、1、1、1、4,24.0,1.0,0.067,0.533,2355,12,0.10989,,1.0,1.0,追跡時 MMSE［遅延再生＋書字］、追跡時 MMSE［遅延再生＋図形模写］
N_全切点2値化,追跡時 MoCA-J ≧22,Fisher（正確）,3,3,1/3,2/3,,,,1.0,,,,,0.1,,1.0,1.0,
K_2値（背景）,追跡時に易怒性あり,Fisher（正確）,5,9,3/5,5/9,,,,1.0,,,,,0.003,,1.0,1.0,
